0
SECTION
2
HEADER
9
$ACADVER
1
AC1009
9
$INSUNITS
70
2
0
ENDSEC
0
SECTION
2
TABLES
0
TABLE
2
LAYER
70
14
0
LAYER
2
PROPERTY
70
0
62
1
6
CONTINUOUS
0
LAYER
2
BLDG-NEW
70
0
62
3
6
CONTINUOUS
0
LAYER
2
ROOMS
70
0
62
8
6
CONTINUOUS
0
LAYER
2
DOORS
70
0
62
1
6
CONTINUOUS
0
LAYER
2
BLDG-EXIST
70
0
62
8
6
CONTINUOUS
0
LAYER
2
BLDG-LOT9
70
0
62
9
6
CONTINUOUS
0
LAYER
2
WALL-ECOBLOCK
70
0
62
6
6
CONTINUOUS
0
LAYER
2
WALL-RETAINING
70
0
62
7
6
CONTINUOUS
0
LAYER
2
ROAD
70
0
62
252
6
CONTINUOUS
0
LAYER
2
SITE
70
0
62
30
6
CONTINUOUS
0
LAYER
2
ELEC-PULLBOX
70
0
62
2
6
CONTINUOUS
0
LAYER
2
TOPO-EXIST
70
0
62
8
6
CONTINUOUS
0
LAYER
2
GRADE-FINISHED
70
0
62
5
6
CONTINUOUS
0
LAYER
2
NOTES
70
0
62
7
6
CONTINUOUS
0
ENDTAB
0
ENDSEC
0
SECTION
2
ENTITIES
0
LINE
8
PROPERTY
10
69.600
20
-55.700
30
0.000
11
608.700
21
-54.600
31
0.000
0
LINE
8
PROPERTY
10
608.700
20
-54.600
30
0.000
11
609.200
21
-400.600
31
0.000
0
LINE
8
PROPERTY
10
609.200
20
-400.600
30
0.000
11
1025.300
21
-1104.300
31
0.000
0
LINE
8
PROPERTY
10
1025.300
20
-1104.300
30
0.000
11
237.700
21
-1570.300
31
0.000
0
LINE
8
PROPERTY
10
237.700
20
-1570.300
30
0.000
11
71.900
21
-1355.600
31
0.000
0
LINE
8
PROPERTY
10
71.900
20
-1355.600
30
0.000
11
69.600
21
-55.700
31
0.000
0
LINE
8
BLDG-NEW
10
585.700
20
-488.000
30
0.000
11
585.700
21
-568.000
31
0.000
0
LINE
8
BLDG-NEW
10
585.700
20
-568.000
30
0.000
11
485.700
21
-568.000
31
0.000
0
LINE
8
BLDG-NEW
10
485.700
20
-568.000
30
0.000
11
485.700
21
-488.000
31
0.000
0
LINE
8
BLDG-NEW
10
485.700
20
-488.000
30
0.000
11
585.700
21
-488.000
31
0.000
0
TEXT
8
BLDG-NEW
10
505.700
20
-484.000
30
0
40
3
1
Packhouse - 100 x 80 ft, eave 14 ft, FF 2596.68
50
0.00
0
LINE
8
ROOMS
10
585.700
20
-488.000
30
0.000
11
585.700
21
-568.000
31
0.000
0
LINE
8
ROOMS
10
585.700
20
-568.000
30
0.000
11
555.700
21
-568.000
31
0.000
0
LINE
8
ROOMS
10
555.700
20
-568.000
30
0.000
11
555.700
21
-488.000
31
0.000
0
LINE
8
ROOMS
10
555.700
20
-488.000
30
0.000
11
585.700
21
-488.000
31
0.000
0
TEXT
8
ROOMS
10
562.700
20
-528.000
30
0
40
2
1
Cold storage
50
0.00
0
LINE
8
ROOMS
10
555.700
20
-488.000
30
0.000
11
555.700
21
-568.000
31
0.000
0
LINE
8
ROOMS
10
555.700
20
-568.000
30
0.000
11
510.700
21
-568.000
31
0.000
0
LINE
8
ROOMS
10
510.700
20
-568.000
30
0.000
11
510.700
21
-488.000
31
0.000
0
LINE
8
ROOMS
10
510.700
20
-488.000
30
0.000
11
555.700
21
-488.000
31
0.000
0
TEXT
8
ROOMS
10
525.200
20
-528.000
30
0
40
2
1
Pack room
50
0.00
0
LINE
8
ROOMS
10
510.700
20
-488.000
30
0.000
11
510.700
21
-536.000
31
0.000
0
LINE
8
ROOMS
10
510.700
20
-536.000
30
0.000
11
493.700
21
-536.000
31
0.000
0
LINE
8
ROOMS
10
493.700
20
-536.000
30
0.000
11
493.700
21
-488.000
31
0.000
0
LINE
8
ROOMS
10
493.700
20
-488.000
30
0.000
11
510.700
21
-488.000
31
0.000
0
LINE
8
ROOMS
10
493.700
20
-488.000
30
0.000
11
493.700
21
-520.000
31
0.000
0
LINE
8
ROOMS
10
493.700
20
-520.000
30
0.000
11
485.700
21
-520.000
31
0.000
0
LINE
8
ROOMS
10
485.700
20
-520.000
30
0.000
11
485.700
21
-488.000
31
0.000
0
LINE
8
ROOMS
10
485.700
20
-488.000
30
0.000
11
493.700
21
-488.000
31
0.000
0
TEXT
8
ROOMS
10
490.200
20
-512.000
30
0
40
2
1
Break room
50
0.00
0
LINE
8
ROOMS
10
493.700
20
-520.000
30
0.000
11
493.700
21
-526.000
31
0.000
0
LINE
8
ROOMS
10
493.700
20
-526.000
30
0.000
11
485.700
21
-526.000
31
0.000
0
LINE
8
ROOMS
10
485.700
20
-526.000
30
0.000
11
485.700
21
-520.000
31
0.000
0
LINE
8
ROOMS
10
485.700
20
-520.000
30
0.000
11
493.700
21
-520.000
31
0.000
0
TEXT
8
ROOMS
10
481.700
20
-523.000
30
0
40
2
1
Cleaning
50
0.00
0
LINE
8
ROOMS
10
493.700
20
-526.000
30
0.000
11
493.700
21
-531.000
31
0.000
0
LINE
8
ROOMS
10
493.700
20
-531.000
30
0.000
11
485.700
21
-531.000
31
0.000
0
LINE
8
ROOMS
10
485.700
20
-531.000
30
0.000
11
485.700
21
-526.000
31
0.000
0
LINE
8
ROOMS
10
485.700
20
-526.000
30
0.000
11
493.700
21
-526.000
31
0.000
0
TEXT
8
ROOMS
10
481.700
20
-528.500
30
0
40
2
1
Bath 2
50
0.00
0
LINE
8
ROOMS
10
493.700
20
-531.000
30
0.000
11
493.700
21
-536.000
31
0.000
0
LINE
8
ROOMS
10
493.700
20
-536.000
30
0.000
11
485.700
21
-536.000
31
0.000
0
LINE
8
ROOMS
10
485.700
20
-536.000
30
0.000
11
485.700
21
-531.000
31
0.000
0
LINE
8
ROOMS
10
485.700
20
-531.000
30
0.000
11
493.700
21
-531.000
31
0.000
0
TEXT
8
ROOMS
10
481.700
20
-533.500
30
0
40
2
1
Bath 1
50
0.00
0
LINE
8
ROOMS
10
510.700
20
-536.000
30
0.000
11
510.700
21
-568.000
31
0.000
0
LINE
8
ROOMS
10
510.700
20
-568.000
30
0.000
11
485.700
21
-568.000
31
0.000
0
LINE
8
ROOMS
10
485.700
20
-568.000
30
0.000
11
485.700
21
-536.000
31
0.000
0
LINE
8
ROOMS
10
485.700
20
-536.000
30
0.000
11
510.700
21
-536.000
31
0.000
0
TEXT
8
ROOMS
10
490.200
20
-552.000
30
0
40
2
1
Box store
50
0.00
0
LINE
8
DOORS
10
585.700
20
-540.500
30
0.000
11
585.700
21
-548.500
31
0.000
0
TEXT
8
DOORS
10
586.700
20
-545.500
30
0
40
1.5
1
D2 8 x 9 ft
50
0.00
0
LINE
8
DOORS
10
585.700
20
-553.500
30
0.000
11
585.700
21
-561.500
31
0.000
0
TEXT
8
DOORS
10
586.700
20
-558.500
30
0
40
1.5
1
D1 8 x 9 ft
50
0.00
0
LINE
8
DOORS
10
490.200
20
-488.000
30
0.000
11
487.200
21
-488.000
31
0.000
0
TEXT
8
DOORS
10
489.700
20
-489.000
30
0
40
1.5
1
P4 3 x 7 ft
50
0.00
0
LINE
8
DOORS
10
583.700
20
-488.000
30
0.000
11
573.700
21
-488.000
31
0.000
0
TEXT
8
DOORS
10
579.700
20
-489.000
30
0
40
1.5
1
R2 10 x 10 ft
50
0.00
0
LINE
8
DOORS
10
554.200
20
-488.000
30
0.000
11
544.200
21
-488.000
31
0.000
0
TEXT
8
DOORS
10
550.200
20
-489.000
30
0
40
1.5
1
R1 10 x 10 ft
50
0.00
0
LINE
8
DOORS
10
535.700
20
-568.000
30
0.000
11
532.700
21
-568.000
31
0.000
0
TEXT
8
DOORS
10
535.200
20
-569.000
30
0
40
1.5
1
P3 3 x 7 ft
50
0.00
0
LINE
8
DOORS
10
553.700
20
-568.000
30
0.000
11
545.700
21
-568.000
31
0.000
0
TEXT
8
DOORS
10
550.700
20
-569.000
30
0
40
1.5
1
R3 8 x 10 ft
50
0.00
0
LINE
8
BLDG-NEW
10
585.700
20
-618.000
30
0.000
11
585.700
21
-698.000
31
0.000
0
LINE
8
BLDG-NEW
10
585.700
20
-698.000
30
0.000
11
485.700
21
-698.000
31
0.000
0
LINE
8
BLDG-NEW
10
485.700
20
-698.000
30
0.000
11
485.700
21
-618.000
31
0.000
0
LINE
8
BLDG-NEW
10
485.700
20
-618.000
30
0.000
11
585.700
21
-618.000
31
0.000
0
TEXT
8
BLDG-NEW
10
505.700
20
-614.000
30
0
40
3
1
Fert Room & Storage - 100 x 80 ft, eave 15 ft, FF 2596.68
50
0.00
0
LINE
8
ROOMS
10
585.700
20
-618.000
30
0.000
11
585.700
21
-698.000
31
0.000
0
LINE
8
ROOMS
10
585.700
20
-698.000
30
0.000
11
515.700
21
-698.000
31
0.000
0
LINE
8
ROOMS
10
515.700
20
-698.000
30
0.000
11
515.700
21
-618.000
31
0.000
0
LINE
8
ROOMS
10
515.700
20
-618.000
30
0.000
11
585.700
21
-618.000
31
0.000
0
TEXT
8
ROOMS
10
542.700
20
-658.000
30
0
40
2
1
Dry storage
50
0.00
0
LINE
8
ROOMS
10
515.700
20
-618.000
30
0.000
11
515.700
21
-698.000
31
0.000
0
LINE
8
ROOMS
10
515.700
20
-698.000
30
0.000
11
485.700
21
-698.000
31
0.000
0
LINE
8
ROOMS
10
485.700
20
-698.000
30
0.000
11
485.700
21
-618.000
31
0.000
0
LINE
8
ROOMS
10
485.700
20
-618.000
30
0.000
11
515.700
21
-618.000
31
0.000
0
TEXT
8
ROOMS
10
492.700
20
-658.000
30
0
40
2
1
Fert room
50
0.00
0
LINE
8
DOORS
10
585.700
20
-681.500
30
0.000
11
585.700
21
-689.500
31
0.000
0
TEXT
8
DOORS
10
586.700
20
-686.500
30
0
40
1.5
1
D1 8 x 9 ft
50
0.00
0
LINE
8
DOORS
10
585.700
20
-626.000
30
0.000
11
585.700
21
-634.000
31
0.000
0
TEXT
8
DOORS
10
586.700
20
-631.000
30
0
40
1.5
1
D2 8 x 9 ft
50
0.00
0
LINE
8
DOORS
10
583.700
20
-698.000
30
0.000
11
580.700
21
-698.000
31
0.000
0
TEXT
8
DOORS
10
583.200
20
-699.000
30
0
40
1.5
1
P1 3 x 7 ft
50
0.00
0
LINE
8
DOORS
10
511.700
20
-618.000
30
0.000
11
503.700
21
-618.000
31
0.000
0
TEXT
8
DOORS
10
508.700
20
-619.000
30
0
40
1.5
1
R1 8 x 10 ft
50
0.00
0
LINE
8
DOORS
10
500.700
20
-618.000
30
0.000
11
497.700
21
-618.000
31
0.000
0
TEXT
8
DOORS
10
500.200
20
-619.000
30
0
40
1.5
1
P3 3 x 7 ft
50
0.00
0
LINE
8
DOORS
10
495.700
20
-698.000
30
0.000
11
491.700
21
-698.000
31
0.000
0
TEXT
8
DOORS
10
494.700
20
-699.000
30
0
40
1.5
1
V1 4 x 3 ft
50
0.00
0
LINE
8
DOORS
10
485.700
20
-656.250
30
0.000
11
485.700
21
-659.750
31
0.000
0
TEXT
8
DOORS
10
486.700
20
-659.000
30
0
40
1.5
1
F1 36 in fan
50
0.00
0
LINE
8
DOORS
10
585.700
20
-656.250
30
0.000
11
585.700
21
-659.750
31
0.000
0
TEXT
8
DOORS
10
586.700
20
-659.000
30
0
40
1.5
1
F2 36 in fan
50
0.00
0
LINE
8
BLDG-EXIST
10
112.100
20
-148.600
30
0.000
11
485.600
21
-148.600
31
0.000
0
LINE
8
BLDG-EXIST
10
485.600
20
-148.600
30
0.000
11
485.600
21
-461.000
31
0.000
0
LINE
8
BLDG-EXIST
10
485.600
20
-461.000
30
0.000
11
112.100
21
-461.000
31
0.000
0
LINE
8
BLDG-EXIST
10
112.100
20
-461.000
30
0.000
11
112.100
21
-148.600
31
0.000
0
TEXT
8
BLDG-EXIST
10
115.100
20
-154.600
30
0
40
3
1
Existing Facility
50
0.00
0
LINE
8
BLDG-EXIST
10
321.600
20
-85.300
30
0.000
11
487.300
21
-85.300
31
0.000
0
LINE
8
BLDG-EXIST
10
487.300
20
-85.300
30
0.000
11
487.300
21
-138.900
31
0.000
0
LINE
8
BLDG-EXIST
10
487.300
20
-138.900
30
0.000
11
321.600
21
-138.900
31
0.000
0
LINE
8
BLDG-EXIST
10
321.600
20
-138.900
30
0.000
11
321.600
21
-85.300
31
0.000
0
TEXT
8
BLDG-EXIST
10
324.600
20
-91.300
30
0
40
3
1
Headhouse
50
0.00
0
LINE
8
BLDG-EXIST
10
112.100
20
-461.000
30
0.000
11
460.100
21
-461.000
31
0.000
0
LINE
8
BLDG-EXIST
10
460.100
20
-461.000
30
0.000
11
460.100
21
-629.000
31
0.000
0
LINE
8
BLDG-EXIST
10
460.100
20
-629.000
30
0.000
11
112.100
21
-629.000
31
0.000
0
LINE
8
BLDG-EXIST
10
112.100
20
-629.000
30
0.000
11
112.100
21
-461.000
31
0.000
0
TEXT
8
BLDG-EXIST
10
115.100
20
-467.000
30
0
40
3
1
Lettuce Grow
50
0.00
0
LINE
8
BLDG-EXIST
10
531.900
20
-151.300
30
0.000
11
581.400
21
-151.300
31
0.000
0
LINE
8
BLDG-EXIST
10
581.400
20
-151.300
30
0.000
11
581.400
21
-198.300
31
0.000
0
LINE
8
BLDG-EXIST
10
581.400
20
-198.300
30
0.000
11
531.900
21
-198.300
31
0.000
0
LINE
8
BLDG-EXIST
10
531.900
20
-198.300
30
0.000
11
531.900
21
-151.300
31
0.000
0
TEXT
8
BLDG-EXIST
10
534.900
20
-157.300
30
0
40
3
1
North shed
50
0.00
0
LINE
8
BLDG-EXIST
10
544.800
20
-221.000
30
0.000
11
583.100
21
-221.000
31
0.000
0
LINE
8
BLDG-EXIST
10
583.100
20
-221.000
30
0.000
11
583.100
21
-266.300
31
0.000
0
LINE
8
BLDG-EXIST
10
583.100
20
-266.300
30
0.000
11
544.800
21
-266.300
31
0.000
0
LINE
8
BLDG-EXIST
10
544.800
20
-266.300
30
0.000
11
544.800
21
-221.000
31
0.000
0
TEXT
8
BLDG-EXIST
10
547.800
20
-227.000
30
0
40
3
1
Middle shed
50
0.00
0
LINE
8
BLDG-EXIST
10
541.700
20
-309.200
30
0.000
11
572.600
21
-309.200
31
0.000
0
LINE
8
BLDG-EXIST
10
572.600
20
-309.200
30
0.000
11
572.600
21
-370.100
31
0.000
0
LINE
8
BLDG-EXIST
10
572.600
20
-370.100
30
0.000
11
541.700
21
-370.100
31
0.000
0
LINE
8
BLDG-EXIST
10
541.700
20
-370.100
30
0.000
11
541.700
21
-309.200
31
0.000
0
TEXT
8
BLDG-EXIST
10
544.700
20
-315.200
30
0
40
3
1
South shed
50
0.00
0
LINE
8
BLDG-EXIST
10
109.600
20
-724.400
30
0.000
11
651.800
21
-724.400
31
0.000
0
LINE
8
BLDG-EXIST
10
651.800
20
-724.400
30
0.000
11
651.800
21
-1087.200
31
0.000
0
LINE
8
BLDG-EXIST
10
651.800
20
-1087.200
30
0.000
11
109.600
21
-1087.200
31
0.000
0
LINE
8
BLDG-EXIST
10
109.600
20
-1087.200
30
0.000
11
109.600
21
-724.400
31
0.000
0
TEXT
8
BLDG-EXIST
10
112.600
20
-730.400
30
0
40
3
1
Grow 1-3
50
0.00
0
LINE
8
BLDG-EXIST
10
115.000
20
-1108.700
30
0.000
11
451.300
21
-1108.700
31
0.000
0
LINE
8
BLDG-EXIST
10
451.300
20
-1108.700
30
0.000
11
451.300
21
-1291.900
31
0.000
0
LINE
8
BLDG-EXIST
10
451.300
20
-1291.900
30
0.000
11
115.000
21
-1291.900
31
0.000
0
LINE
8
BLDG-EXIST
10
115.000
20
-1291.900
30
0.000
11
115.000
21
-1108.700
31
0.000
0
TEXT
8
BLDG-EXIST
10
118.000
20
-1114.700
30
0
40
3
1
Grow 4
50
0.00
0
LINE
8
BLDG-LOT9
10
683.300
20
-485.900
30
0.000
11
772.372
21
-636.536
31
0.000
0
LINE
8
BLDG-LOT9
10
772.372
20
-636.536
30
0.000
11
807.664
21
-615.668
31
0.000
0
LINE
8
BLDG-LOT9
10
807.664
20
-615.668
30
0.000
11
718.592
21
-465.032
31
0.000
0
LINE
8
BLDG-LOT9
10
718.592
20
-465.032
30
0.000
11
683.300
21
-485.900
31
0.000
0
TEXT
8
BLDG-LOT9
10
706.036
20
-484.074
30
0
40
3
1
Shop (Lot 9) (traced, pad level not surveyed)
50
0.00
0
LINE
8
BLDG-LOT9
10
712.200
20
-406.500
30
0.000
11
839.445
21
-621.694
31
0.000
0
LINE
8
BLDG-LOT9
10
839.445
20
-621.694
30
0.000
11
985.777
21
-535.168
31
0.000
0
LINE
8
BLDG-LOT9
10
985.777
20
-535.168
30
0.000
11
858.532
21
-319.973
31
0.000
0
LINE
8
BLDG-LOT9
10
858.532
20
-319.973
30
0.000
11
712.200
21
-406.500
31
0.000
0
TEXT
8
BLDG-LOT9
10
790.456
20
-371.844
30
0
40
3
1
Existing Facility (Lot 9) (traced, pad level not surveyed)
50
0.00
0
LINE
8
WALL-ECOBLOCK
10
629.915
20
-441.527
30
0.000
11
709.741
21
-576.527
31
0.000
0
LINE
8
WALL-ECOBLOCK
10
709.741
20
-576.527
30
0.000
11
707.589
21
-577.799
31
0.000
0
LINE
8
WALL-ECOBLOCK
10
707.589
20
-577.799
30
0.000
11
627.763
21
-442.799
31
0.000
0
LINE
8
WALL-ECOBLOCK
10
627.763
20
-442.799
30
0.000
11
629.915
21
-441.527
31
0.000
0
LINE
8
WALL-ECOBLOCK
10
626.861
20
-436.362
30
0.000
11
629.915
21
-441.527
31
0.000
0
LINE
8
WALL-ECOBLOCK
10
629.915
20
-441.527
30
0.000
11
627.763
21
-442.799
31
0.000
0
LINE
8
WALL-ECOBLOCK
10
627.763
20
-442.799
30
0.000
11
624.709
21
-437.635
31
0.000
0
LINE
8
WALL-ECOBLOCK
10
624.709
20
-437.635
30
0.000
11
626.861
21
-436.362
31
0.000
0
LINE
8
WALL-ECOBLOCK
10
709.741
20
-576.527
30
0.000
11
712.795
21
-581.692
31
0.000
0
LINE
8
WALL-ECOBLOCK
10
712.795
20
-581.692
30
0.000
11
710.643
21
-582.964
31
0.000
0
LINE
8
WALL-ECOBLOCK
10
710.643
20
-582.964
30
0.000
11
707.589
21
-577.799
31
0.000
0
LINE
8
WALL-ECOBLOCK
10
707.589
20
-577.799
30
0.000
11
709.741
21
-576.527
31
0.000
0
TEXT
8
WALL-ECOBLOCK
10
664.663
20
-512.081
30
0
40
2
1
Ecoblock wall, 4 ft (two 2 ft blocks), face 3 ft inside the line; 2 ft step each end
50
-59.40
0
LINE
8
WALL-RETAINING
10
485.300
20
-568.000
30
2596.681
11
485.300
21
-570.000
31
2596.681
0
LINE
8
WALL-RETAINING
10
485.300
20
-570.000
30
2596.681
11
485.300
21
-572.000
31
2596.681
0
LINE
8
WALL-RETAINING
10
485.300
20
-572.000
30
2596.681
11
485.300
21
-574.000
31
2596.681
0
LINE
8
WALL-RETAINING
10
485.300
20
-574.000
30
2596.681
11
485.300
21
-576.000
31
2596.681
0
LINE
8
WALL-RETAINING
10
485.300
20
-576.000
30
2596.681
11
485.300
21
-578.000
31
2596.681
0
LINE
8
WALL-RETAINING
10
485.300
20
-578.000
30
2596.681
11
485.300
21
-580.000
31
2596.681
0
LINE
8
WALL-RETAINING
10
485.300
20
-580.000
30
2596.681
11
485.300
21
-582.000
31
2596.681
0
LINE
8
WALL-RETAINING
10
485.300
20
-582.000
30
2596.681
11
485.300
21
-584.000
31
2596.681
0
LINE
8
WALL-RETAINING
10
485.300
20
-584.000
30
2596.681
11
485.300
21
-586.000
31
2596.681
0
LINE
8
WALL-RETAINING
10
485.300
20
-586.000
30
2596.681
11
485.300
21
-588.000
31
2596.681
0
LINE
8
WALL-RETAINING
10
485.300
20
-588.000
30
2596.681
11
485.300
21
-590.000
31
2596.681
0
LINE
8
WALL-RETAINING
10
485.300
20
-590.000
30
2596.681
11
485.300
21
-592.000
31
2596.681
0
LINE
8
WALL-RETAINING
10
485.300
20
-592.000
30
2596.681
11
485.300
21
-594.000
31
2596.681
0
LINE
8
WALL-RETAINING
10
485.300
20
-594.000
30
2596.681
11
485.300
21
-596.000
31
2596.681
0
LINE
8
WALL-RETAINING
10
485.300
20
-596.000
30
2596.681
11
485.300
21
-598.000
31
2596.681
0
LINE
8
WALL-RETAINING
10
485.300
20
-598.000
30
2596.681
11
485.300
21
-600.000
31
2596.681
0
LINE
8
WALL-RETAINING
10
485.300
20
-600.000
30
2596.681
11
485.300
21
-602.000
31
2596.681
0
LINE
8
WALL-RETAINING
10
485.300
20
-602.000
30
2596.681
11
485.300
21
-604.000
31
2596.681
0
LINE
8
WALL-RETAINING
10
485.300
20
-604.000
30
2596.681
11
485.300
21
-606.000
31
2596.681
0
LINE
8
WALL-RETAINING
10
485.300
20
-606.000
30
2596.681
11
485.300
21
-608.000
31
2596.681
0
LINE
8
WALL-RETAINING
10
485.300
20
-608.000
30
2596.681
11
485.300
21
-610.000
31
2596.681
0
LINE
8
WALL-RETAINING
10
485.300
20
-610.000
30
2596.681
11
485.300
21
-612.000
31
2596.681
0
LINE
8
WALL-RETAINING
10
485.300
20
-612.000
30
2596.681
11
485.300
21
-614.000
31
2596.681
0
LINE
8
WALL-RETAINING
10
485.300
20
-614.000
30
2596.681
11
485.300
21
-616.000
31
2596.681
0
LINE
8
WALL-RETAINING
10
485.300
20
-616.000
30
2596.681
11
485.300
21
-618.000
31
2596.681
0
LINE
8
WALL-RETAINING
10
586.100
20
-568.000
30
2596.681
11
586.100
21
-570.000
31
2596.681
0
LINE
8
WALL-RETAINING
10
586.100
20
-570.000
30
2596.681
11
586.100
21
-572.000
31
2596.681
0
LINE
8
WALL-RETAINING
10
586.100
20
-572.000
30
2596.681
11
586.100
21
-574.000
31
2596.681
0
LINE
8
WALL-RETAINING
10
586.100
20
-574.000
30
2596.681
11
586.100
21
-576.000
31
2596.681
0
LINE
8
WALL-RETAINING
10
586.100
20
-576.000
30
2596.681
11
586.100
21
-578.000
31
2596.681
0
LINE
8
WALL-RETAINING
10
586.100
20
-578.000
30
2596.681
11
586.100
21
-580.000
31
2596.681
0
LINE
8
WALL-RETAINING
10
586.100
20
-580.000
30
2596.681
11
586.100
21
-582.000
31
2596.681
0
LINE
8
WALL-RETAINING
10
586.100
20
-582.000
30
2596.681
11
586.100
21
-584.000
31
2596.681
0
LINE
8
WALL-RETAINING
10
586.100
20
-584.000
30
2596.681
11
586.100
21
-586.000
31
2596.681
0
LINE
8
WALL-RETAINING
10
586.100
20
-586.000
30
2596.681
11
586.100
21
-588.000
31
2596.681
0
LINE
8
WALL-RETAINING
10
586.100
20
-588.000
30
2596.681
11
586.100
21
-590.000
31
2596.681
0
LINE
8
WALL-RETAINING
10
586.100
20
-590.000
30
2596.681
11
586.100
21
-592.000
31
2596.681
0
LINE
8
WALL-RETAINING
10
586.100
20
-592.000
30
2596.681
11
586.100
21
-594.000
31
2596.681
0
LINE
8
WALL-RETAINING
10
586.100
20
-594.000
30
2596.681
11
586.100
21
-596.000
31
2596.681
0
LINE
8
WALL-RETAINING
10
586.100
20
-596.000
30
2596.681
11
586.100
21
-598.000
31
2596.681
0
LINE
8
WALL-RETAINING
10
586.100
20
-598.000
30
2596.681
11
586.100
21
-600.000
31
2596.681
0
LINE
8
WALL-RETAINING
10
586.100
20
-600.000
30
2596.681
11
586.100
21
-602.000
31
2596.681
0
LINE
8
WALL-RETAINING
10
586.100
20
-602.000
30
2596.681
11
586.100
21
-604.000
31
2596.681
0
LINE
8
WALL-RETAINING
10
586.100
20
-604.000
30
2596.681
11
586.100
21
-606.000
31
2596.681
0
LINE
8
WALL-RETAINING
10
586.100
20
-698.000
30
2596.681
11
586.100
21
-700.000
31
2596.681
0
LINE
8
WALL-RETAINING
10
586.100
20
-700.000
30
2596.681
11
586.100
21
-702.000
31
2596.681
0
LINE
8
WALL-RETAINING
10
586.100
20
-702.000
30
2596.681
11
586.100
21
-704.000
31
2596.681
0
LINE
8
WALL-RETAINING
10
586.100
20
-704.000
30
2596.681
11
586.100
21
-706.000
31
2596.681
0
LINE
8
WALL-RETAINING
10
586.100
20
-706.000
30
2596.681
11
586.100
21
-708.000
31
2596.681
0
LINE
8
WALL-RETAINING
10
541.700
20
-605.600
30
2596.681
11
543.700
21
-605.600
31
2596.681
0
LINE
8
WALL-RETAINING
10
543.700
20
-605.600
30
2596.681
11
545.700
21
-605.600
31
2596.681
0
LINE
8
WALL-RETAINING
10
545.700
20
-605.600
30
2596.681
11
547.700
21
-605.600
31
2596.681
0
LINE
8
WALL-RETAINING
10
547.700
20
-605.600
30
2596.681
11
549.700
21
-605.600
31
2596.681
0
LINE
8
WALL-RETAINING
10
549.700
20
-605.600
30
2596.681
11
551.700
21
-605.600
31
2596.681
0
LINE
8
WALL-RETAINING
10
551.700
20
-605.600
30
2596.681
11
553.700
21
-605.600
31
2596.681
0
LINE
8
WALL-RETAINING
10
553.700
20
-605.600
30
2596.681
11
555.700
21
-605.600
31
2596.681
0
LINE
8
WALL-RETAINING
10
555.700
20
-605.600
30
2596.681
11
557.700
21
-605.600
31
2596.681
0
LINE
8
WALL-RETAINING
10
557.700
20
-605.600
30
2596.681
11
559.700
21
-605.600
31
2596.681
0
LINE
8
WALL-RETAINING
10
559.700
20
-605.600
30
2596.681
11
561.700
21
-605.600
31
2596.681
0
LINE
8
WALL-RETAINING
10
561.700
20
-605.600
30
2596.681
11
563.700
21
-605.600
31
2596.681
0
LINE
8
WALL-RETAINING
10
563.700
20
-605.600
30
2596.681
11
565.700
21
-605.600
31
2596.681
0
LINE
8
WALL-RETAINING
10
565.700
20
-605.600
30
2596.681
11
567.700
21
-605.600
31
2596.681
0
LINE
8
WALL-RETAINING
10
567.700
20
-605.600
30
2596.681
11
569.700
21
-605.600
31
2596.681
0
LINE
8
WALL-RETAINING
10
569.700
20
-605.600
30
2596.681
11
571.700
21
-605.600
31
2596.681
0
LINE
8
WALL-RETAINING
10
571.700
20
-605.600
30
2596.681
11
573.700
21
-605.600
31
2596.681
0
LINE
8
WALL-RETAINING
10
573.700
20
-605.600
30
2596.681
11
575.700
21
-605.600
31
2596.681
0
LINE
8
WALL-RETAINING
10
575.700
20
-605.600
30
2596.681
11
577.700
21
-605.600
31
2596.681
0
LINE
8
WALL-RETAINING
10
577.700
20
-605.600
30
2596.681
11
579.700
21
-605.600
31
2596.681
0
LINE
8
WALL-RETAINING
10
579.700
20
-605.600
30
2596.681
11
581.700
21
-605.600
31
2596.681
0
LINE
8
WALL-RETAINING
10
581.700
20
-605.600
30
2596.681
11
583.700
21
-605.600
31
2596.681
0
LINE
8
WALL-RETAINING
10
583.700
20
-605.600
30
2596.681
11
585.700
21
-605.600
31
2596.681
0
LINE
8
ROAD
10
516.000
20
-397.000
30
0.000
11
522.000
21
-412.000
31
0.000
0
LINE
8
ROAD
10
522.000
20
-412.000
30
0.000
11
532.000
21
-420.000
31
0.000
0
LINE
8
ROAD
10
532.000
20
-420.000
30
0.000
11
580.000
21
-420.500
31
0.000
0
LINE
8
ROAD
10
580.000
20
-420.500
30
0.000
11
598.000
21
-426.000
31
0.000
0
LINE
8
ROAD
10
598.000
20
-426.000
30
0.000
11
612.000
21
-438.000
31
0.000
0
LINE
8
ROAD
10
612.000
20
-438.000
30
0.000
11
622.000
21
-452.000
31
0.000
0
LINE
8
ROAD
10
622.000
20
-452.000
30
0.000
11
632.000
21
-470.000
31
0.000
0
LINE
8
ROAD
10
632.000
20
-470.000
30
0.000
11
608.000
21
-478.000
31
0.000
0
LINE
8
ROAD
10
608.000
20
-478.000
30
0.000
11
606.000
21
-466.000
31
0.000
0
LINE
8
ROAD
10
606.000
20
-466.000
30
0.000
11
598.000
21
-455.000
31
0.000
0
LINE
8
ROAD
10
598.000
20
-455.000
30
0.000
11
584.000
21
-448.000
31
0.000
0
LINE
8
ROAD
10
584.000
20
-448.000
30
0.000
11
516.000
21
-448.000
31
0.000
0
LINE
8
ROAD
10
516.000
20
-448.000
30
0.000
11
516.000
21
-397.000
31
0.000
0
TEXT
8
ROAD
10
540.000
20
-436.000
30
0
40
2.5
1
North entry road, at grade
50
0.00
0
LINE
8
ROAD
10
588.000
20
-434.000
30
0.000
11
606.000
21
-427.000
31
0.000
0
LINE
8
ROAD
10
585.825
20
-428.408
30
0.000
11
603.825
21
-421.408
31
0.000
0
LINE
8
ROAD
10
590.175
20
-439.592
30
0.000
11
608.175
21
-432.592
31
0.000
0
LINE
8
ROAD
10
606.000
20
-427.000
30
0.000
11
629.600
21
-421.400
31
0.000
0
LINE
8
ROAD
10
604.615
20
-421.162
30
0.000
11
628.215
21
-415.562
31
0.000
0
LINE
8
ROAD
10
607.385
20
-432.838
30
0.000
11
630.985
21
-427.238
31
0.000
0
LINE
8
ROAD
10
629.600
20
-421.400
30
0.000
11
756.700
21
-636.400
31
0.000
0
LINE
8
ROAD
10
634.765
20
-418.347
30
0.000
11
761.865
21
-633.347
31
0.000
0
LINE
8
ROAD
10
624.435
20
-424.453
30
0.000
11
751.535
21
-639.453
31
0.000
0
LINE
8
ROAD
10
756.700
20
-636.400
30
0.000
11
758.000
21
-652.000
31
0.000
0
LINE
8
ROAD
10
762.679
20
-635.902
30
0.000
11
763.979
21
-651.502
31
0.000
0
LINE
8
ROAD
10
750.721
20
-636.898
30
0.000
11
752.021
21
-652.498
31
0.000
0
LINE
8
ROAD
10
758.000
20
-652.000
30
0.000
11
750.000
21
-690.000
31
0.000
0
LINE
8
ROAD
10
763.871
20
-653.236
30
0.000
11
755.871
21
-691.236
31
0.000
0
LINE
8
ROAD
10
752.129
20
-650.764
30
0.000
11
744.129
21
-688.764
31
0.000
0
LINE
8
ROAD
10
750.000
20
-690.000
30
0.000
11
735.000
21
-735.000
31
0.000
0
LINE
8
ROAD
10
755.692
20
-691.897
30
0.000
11
740.692
21
-736.897
31
0.000
0
LINE
8
ROAD
10
744.308
20
-688.103
30
0.000
11
729.308
21
-733.103
31
0.000
0
LINE
8
ROAD
10
735.000
20
-735.000
30
0.000
11
730.000
21
-760.000
31
0.000
0
LINE
8
ROAD
10
740.883
20
-736.177
30
0.000
11
735.883
21
-761.177
31
0.000
0
LINE
8
ROAD
10
729.117
20
-733.823
30
0.000
11
724.117
21
-758.823
31
0.000
0
TEXT
8
ROAD
10
700.000
20
-530.000
30
0
40
2.5
1
Upper bypass, one way, 12 ft, at grade
50
-59.40
0
LINE
8
ROAD
10
665.768
20
-496.267
30
0.000
11
754.840
21
-646.903
31
0.000
0
LINE
8
ROAD
10
754.840
20
-646.903
30
0.000
11
772.372
21
-636.536
31
0.000
0
LINE
8
ROAD
10
772.372
20
-636.536
30
0.000
11
683.300
21
-485.900
31
0.000
0
LINE
8
ROAD
10
683.300
20
-485.900
30
0.000
11
665.768
21
-496.267
31
0.000
0
LINE
8
SITE
10
844.562
20
-800.543
30
0.000
11
936.189
21
-955.477
31
0.000
0
LINE
8
SITE
10
936.189
20
-955.477
30
0.000
11
900.038
21
-976.857
31
0.000
0
LINE
8
SITE
10
900.038
20
-976.857
30
0.000
11
808.411
21
-821.923
31
0.000
0
LINE
8
SITE
10
808.411
20
-821.923
30
0.000
11
844.562
21
-800.543
31
0.000
0
TEXT
8
SITE
10
862.300
20
-888.700
30
0
40
2
1
Staff parking 180 x 42 ft
50
-59.40
0
LINE
8
SITE
10
491.100
20
-470.000
30
0.000
11
536.100
21
-470.000
31
0.000
0
LINE
8
SITE
10
536.100
20
-470.000
30
0.000
11
536.100
21
-488.000
31
0.000
0
LINE
8
SITE
10
536.100
20
-488.000
30
0.000
11
491.100
21
-488.000
31
0.000
0
LINE
8
SITE
10
491.100
20
-488.000
30
0.000
11
491.100
21
-470.000
31
0.000
0
TEXT
8
SITE
10
503.600
20
-479.000
30
0
40
2
1
Parking, packhouse north wall 45 x 18 ft
50
0.00
0
LINE
8
SITE
10
480.400
20
-478.000
30
0.000
11
480.400
21
-578.000
31
0.000
0
LINE
8
SITE
10
480.400
20
-578.000
30
0.000
11
465.400
21
-578.000
31
0.000
0
LINE
8
SITE
10
465.400
20
-578.000
30
0.000
11
465.400
21
-478.000
31
0.000
0
LINE
8
SITE
10
465.400
20
-478.000
30
0.000
11
480.400
21
-478.000
31
0.000
0
TEXT
8
SITE
10
462.900
20
-528.000
30
0
40
2
1
Septic 100 x 15 ft
50
-90.00
0
LINE
8
ELEC-PULLBOX
10
488.400
20
-465.500
30
0.000
11
567.300
21
-782.100
31
0.000
0
LINE
8
ELEC-PULLBOX
10
486.900
20
-464.000
30
0.000
11
489.900
21
-464.000
31
0.000
0
LINE
8
ELEC-PULLBOX
10
489.900
20
-464.000
30
0.000
11
489.900
21
-467.000
31
0.000
0
LINE
8
ELEC-PULLBOX
10
489.900
20
-467.000
30
0.000
11
486.900
21
-467.000
31
0.000
0
LINE
8
ELEC-PULLBOX
10
486.900
20
-467.000
30
0.000
11
486.900
21
-464.000
31
0.000
0
TEXT
8
ELEC-PULLBOX
10
491.400
20
-465.500
30
0
40
2
1
PB1
50
0.00
0
LINE
8
ELEC-PULLBOX
10
565.800
20
-780.600
30
0.000
11
568.800
21
-780.600
31
0.000
0
LINE
8
ELEC-PULLBOX
10
568.800
20
-780.600
30
0.000
11
568.800
21
-783.600
31
0.000
0
LINE
8
ELEC-PULLBOX
10
568.800
20
-783.600
30
0.000
11
565.800
21
-783.600
31
0.000
0
LINE
8
ELEC-PULLBOX
10
565.800
20
-783.600
30
0.000
11
565.800
21
-780.600
31
0.000
0
TEXT
8
ELEC-PULLBOX
10
570.300
20
-782.100
30
0
40
2
1
PB2
50
0.00
0
TEXT
8
ELEC-PULLBOX
10
530.850
20
-623.800
30
0
40
2
1
Buried electrical, route unknown - locate before digging
50
0.00
0
LINE
8
TOPO-EXIST
10
442.000
20
-768.000
30
2590.000
11
440.000
21
-768.000
31
2590.000
0
LINE
8
TOPO-EXIST
10
444.000
20
-768.000
30
2590.000
11
442.000
21
-768.000
31
2590.000
0
LINE
8
TOPO-EXIST
10
446.000
20
-768.000
30
2590.000
11
444.000
21
-768.000
31
2590.000
0
LINE
8
TOPO-EXIST
10
448.000
20
-770.000
30
2590.000
11
446.000
21
-768.000
31
2590.000
0
LINE
8
TOPO-EXIST
10
448.000
20
-770.000
30
2590.000
11
448.000
21
-770.000
31
2590.000
0
LINE
8
TOPO-EXIST
10
450.000
20
-770.000
30
2590.000
11
448.000
21
-770.000
31
2590.000
0
LINE
8
TOPO-EXIST
10
452.000
20
-770.000
30
2590.000
11
450.000
21
-770.000
31
2590.000
0
LINE
8
TOPO-EXIST
10
454.000
20
-772.000
30
2590.000
11
452.000
21
-770.000
31
2590.000
0
LINE
8
TOPO-EXIST
10
454.000
20
-772.000
30
2590.000
11
454.000
21
-772.000
31
2590.000
0
LINE
8
TOPO-EXIST
10
456.000
20
-772.000
30
2590.000
11
454.000
21
-772.000
31
2590.000
0
LINE
8
TOPO-EXIST
10
458.000
20
-772.000
30
2590.000
11
456.000
21
-772.000
31
2590.000
0
LINE
8
TOPO-EXIST
10
460.000
20
-772.000
30
2590.000
11
458.000
21
-772.000
31
2590.000
0
LINE
8
TOPO-EXIST
10
462.000
20
-774.000
30
2590.000
11
460.000
21
-772.000
31
2590.000
0
LINE
8
TOPO-EXIST
10
462.000
20
-774.000
30
2590.000
11
462.000
21
-774.000
31
2590.000
0
LINE
8
TOPO-EXIST
10
464.000
20
-774.000
30
2590.000
11
462.000
21
-774.000
31
2590.000
0
LINE
8
TOPO-EXIST
10
466.000
20
-774.000
30
2590.000
11
464.000
21
-774.000
31
2590.000
0
LINE
8
TOPO-EXIST
10
468.000
20
-776.000
30
2590.000
11
466.000
21
-774.000
31
2590.000
0
LINE
8
TOPO-EXIST
10
468.000
20
-776.000
30
2590.000
11
468.000
21
-776.000
31
2590.000
0
LINE
8
TOPO-EXIST
10
470.000
20
-776.000
30
2590.000
11
468.000
21
-776.000
31
2590.000
0
LINE
8
TOPO-EXIST
10
472.000
20
-776.000
30
2590.000
11
470.000
21
-776.000
31
2590.000
0
LINE
8
TOPO-EXIST
10
474.000
20
-778.000
30
2590.000
11
472.000
21
-776.000
31
2590.000
0
LINE
8
TOPO-EXIST
10
474.000
20
-778.000
30
2590.000
11
474.000
21
-778.000
31
2590.000
0
LINE
8
TOPO-EXIST
10
476.000
20
-778.000
30
2590.000
11
474.000
21
-778.000
31
2590.000
0
LINE
8
TOPO-EXIST
10
478.000
20
-778.000
30
2590.000
11
476.000
21
-778.000
31
2590.000
0
LINE
8
TOPO-EXIST
10
480.000
20
-778.000
30
2590.000
11
478.000
21
-778.000
31
2590.000
0
LINE
8
TOPO-EXIST
10
482.000
20
-780.000
30
2590.000
11
480.000
21
-778.000
31
2590.000
0
LINE
8
TOPO-EXIST
10
444.000
20
-737.852
30
2591.000
11
442.000
21
-738.000
31
2591.000
0
LINE
8
TOPO-EXIST
10
445.000
20
-738.000
30
2591.000
11
444.000
21
-737.852
31
2591.000
0
LINE
8
TOPO-EXIST
10
452.000
20
-737.929
30
2591.000
11
451.500
21
-738.000
31
2591.000
0
LINE
8
TOPO-EXIST
10
454.000
20
-738.000
30
2591.000
11
452.000
21
-737.929
31
2591.000
0
LINE
8
TOPO-EXIST
10
442.000
20
-738.000
30
2591.000
11
440.000
21
-738.385
31
2591.000
0
LINE
8
TOPO-EXIST
10
442.000
20
-738.000
30
2591.000
11
442.000
21
-738.000
31
2591.000
0
LINE
8
TOPO-EXIST
10
445.000
20
-738.000
30
2591.000
11
446.000
21
-738.148
31
2591.000
0
LINE
8
TOPO-EXIST
10
448.000
20
-738.593
30
2591.000
11
446.000
21
-738.148
31
2591.000
0
LINE
8
TOPO-EXIST
10
450.000
20
-738.214
30
2591.000
11
448.000
21
-738.593
31
2591.000
0
LINE
8
TOPO-EXIST
10
451.500
20
-738.000
30
2591.000
11
450.000
21
-738.214
31
2591.000
0
LINE
8
TOPO-EXIST
10
454.000
20
-738.000
30
2591.000
11
454.000
21
-738.000
31
2591.000
0
LINE
8
TOPO-EXIST
10
456.000
20
-738.538
30
2591.000
11
454.000
21
-738.000
31
2591.000
0
LINE
8
TOPO-EXIST
10
458.000
20
-739.565
30
2591.000
11
456.000
21
-738.538
31
2591.000
0
LINE
8
TOPO-EXIST
10
458.769
20
-740.000
30
2591.000
11
458.000
21
-739.565
31
2591.000
0
LINE
8
TOPO-EXIST
10
458.769
20
-740.000
30
2591.000
11
460.000
21
-740.640
31
2591.000
0
LINE
8
TOPO-EXIST
10
462.000
20
-741.120
30
2591.000
11
460.000
21
-740.640
31
2591.000
0
LINE
8
TOPO-EXIST
10
464.000
20
-741.385
30
2591.000
11
462.000
21
-741.120
31
2591.000
0
LINE
8
TOPO-EXIST
10
466.000
20
-742.000
30
2591.000
11
464.000
21
-741.385
31
2591.000
0
LINE
8
TOPO-EXIST
10
466.000
20
-742.000
30
2591.000
11
466.000
21
-742.000
31
2591.000
0
LINE
8
TOPO-EXIST
10
468.000
20
-742.909
30
2591.000
11
466.000
21
-742.000
31
2591.000
0
LINE
8
TOPO-EXIST
10
470.000
20
-743.913
30
2591.000
11
468.000
21
-742.909
31
2591.000
0
LINE
8
TOPO-EXIST
10
470.222
20
-744.000
30
2591.000
11
470.000
21
-743.913
31
2591.000
0
LINE
8
TOPO-EXIST
10
470.222
20
-744.000
30
2591.000
11
472.000
21
-744.696
31
2591.000
0
LINE
8
TOPO-EXIST
10
474.000
20
-745.619
30
2591.000
11
472.000
21
-744.696
31
2591.000
0
LINE
8
TOPO-EXIST
10
474.267
20
-746.000
30
2591.000
11
474.000
21
-745.619
31
2591.000
0
LINE
8
TOPO-EXIST
10
474.267
20
-746.000
30
2591.000
11
475.021
21
-748.000
31
2591.000
0
LINE
8
TOPO-EXIST
10
475.021
20
-748.000
30
2591.000
11
476.000
21
-749.704
31
2591.000
0
LINE
8
TOPO-EXIST
10
476.471
20
-750.000
30
2591.000
11
476.000
21
-749.704
31
2591.000
0
LINE
8
TOPO-EXIST
10
476.471
20
-750.000
30
2591.000
11
478.000
21
-750.929
31
2591.000
0
LINE
8
TOPO-EXIST
10
480.000
20
-751.143
30
2591.000
11
478.000
21
-750.929
31
2591.000
0
LINE
8
TOPO-EXIST
10
482.000
20
-751.500
30
2591.000
11
480.000
21
-751.143
31
2591.000
0
LINE
8
TOPO-EXIST
10
484.000
20
-751.769
30
2591.000
11
482.000
21
-751.500
31
2591.000
0
LINE
8
TOPO-EXIST
10
484.286
20
-752.000
30
2591.000
11
484.000
21
-751.769
31
2591.000
0
LINE
8
TOPO-EXIST
10
484.286
20
-752.000
30
2591.000
11
485.636
21
-754.000
31
2591.000
0
LINE
8
TOPO-EXIST
10
485.636
20
-754.000
30
2591.000
11
486.000
21
-754.571
31
2591.000
0
LINE
8
TOPO-EXIST
10
486.870
20
-756.000
30
2591.000
11
486.000
21
-754.571
31
2591.000
0
LINE
8
TOPO-EXIST
10
486.870
20
-756.000
30
2591.000
11
488.000
21
-757.857
31
2591.000
0
LINE
8
TOPO-EXIST
10
488.091
20
-758.000
30
2591.000
11
488.000
21
-757.857
31
2591.000
0
LINE
8
TOPO-EXIST
10
488.091
20
-758.000
30
2591.000
11
489.364
21
-760.000
31
2591.000
0
LINE
8
TOPO-EXIST
10
489.364
20
-760.000
30
2591.000
11
490.000
21
-761.000
31
2591.000
0
LINE
8
TOPO-EXIST
10
490.519
20
-762.000
30
2591.000
11
490.000
21
-761.000
31
2591.000
0
LINE
8
TOPO-EXIST
10
490.519
20
-762.000
30
2591.000
11
490.667
21
-764.000
31
2591.000
0
LINE
8
TOPO-EXIST
10
490.667
20
-764.000
30
2591.000
11
490.846
21
-766.000
31
2591.000
0
LINE
8
TOPO-EXIST
10
490.846
20
-766.000
30
2591.000
11
491.120
21
-768.000
31
2591.000
0
LINE
8
TOPO-EXIST
10
491.120
20
-768.000
30
2591.000
11
492.000
21
-769.833
31
2591.000
0
LINE
8
TOPO-EXIST
10
492.400
20
-770.000
30
2591.000
11
492.000
21
-769.833
31
2591.000
0
LINE
8
TOPO-EXIST
10
492.400
20
-770.000
30
2591.000
11
494.000
21
-770.364
31
2591.000
0
LINE
8
TOPO-EXIST
10
496.000
20
-770.762
30
2591.000
11
494.000
21
-770.364
31
2591.000
0
LINE
8
TOPO-EXIST
10
498.000
20
-771.182
30
2591.000
11
496.000
21
-770.762
31
2591.000
0
LINE
8
TOPO-EXIST
10
500.000
20
-771.619
30
2591.000
11
498.000
21
-771.182
31
2591.000
0
LINE
8
TOPO-EXIST
10
502.000
20
-772.000
30
2591.000
11
500.000
21
-771.619
31
2591.000
0
LINE
8
TOPO-EXIST
10
502.000
20
-772.000
30
2591.000
11
502.000
21
-772.000
31
2591.000
0
LINE
8
TOPO-EXIST
10
503.000
20
-774.000
30
2591.000
11
502.000
21
-772.000
31
2591.000
0
LINE
8
TOPO-EXIST
10
503.000
20
-774.000
30
2591.000
11
503.818
21
-776.000
31
2591.000
0
LINE
8
TOPO-EXIST
10
503.818
20
-776.000
30
2591.000
11
504.000
21
-776.500
31
2591.000
0
LINE
8
TOPO-EXIST
10
504.600
20
-778.000
30
2591.000
11
504.000
21
-776.500
31
2591.000
0
LINE
8
TOPO-EXIST
10
504.600
20
-778.000
30
2591.000
11
505.400
21
-780.000
31
2591.000
0
LINE
8
TOPO-EXIST
10
442.000
20
-730.182
30
2592.000
11
440.000
21
-730.200
31
2592.000
0
LINE
8
TOPO-EXIST
10
444.000
20
-730.174
30
2592.000
11
442.000
21
-730.182
31
2592.000
0
LINE
8
TOPO-EXIST
10
446.000
20
-730.300
30
2592.000
11
444.000
21
-730.174
31
2592.000
0
LINE
8
TOPO-EXIST
10
448.000
20
-730.625
30
2592.000
11
446.000
21
-730.300
31
2592.000
0
LINE
8
TOPO-EXIST
10
450.000
20
-730.588
30
2592.000
11
448.000
21
-730.625
31
2592.000
0
LINE
8
TOPO-EXIST
10
452.000
20
-730.400
30
2592.000
11
450.000
21
-730.588
31
2592.000
0
LINE
8
TOPO-EXIST
10
454.000
20
-730.526
30
2592.000
11
452.000
21
-730.400
31
2592.000
0
LINE
8
TOPO-EXIST
10
456.000
20
-730.588
30
2592.000
11
454.000
21
-730.526
31
2592.000
0
LINE
8
TOPO-EXIST
10
458.000
20
-731.167
30
2592.000
11
456.000
21
-730.588
31
2592.000
0
LINE
8
TOPO-EXIST
10
459.667
20
-732.000
30
2592.000
11
458.000
21
-731.167
31
2592.000
0
LINE
8
TOPO-EXIST
10
459.667
20
-732.000
30
2592.000
11
460.000
21
-732.087
31
2592.000
0
LINE
8
TOPO-EXIST
10
462.000
20
-732.500
30
2592.000
11
460.000
21
-732.087
31
2592.000
0
LINE
8
TOPO-EXIST
10
464.000
20
-733.091
30
2592.000
11
462.000
21
-732.500
31
2592.000
0
LINE
8
TOPO-EXIST
10
466.000
20
-733.600
30
2592.000
11
464.000
21
-733.091
31
2592.000
0
LINE
8
TOPO-EXIST
10
467.333
20
-734.000
30
2592.000
11
466.000
21
-733.600
31
2592.000
0
LINE
8
TOPO-EXIST
10
467.333
20
-734.000
30
2592.000
11
468.000
21
-734.100
31
2592.000
0
LINE
8
TOPO-EXIST
10
470.000
20
-734.625
30
2592.000
11
468.000
21
-734.100
31
2592.000
0
LINE
8
TOPO-EXIST
10
472.000
20
-735.636
30
2592.000
11
470.000
21
-734.625
31
2592.000
0
LINE
8
TOPO-EXIST
10
474.000
20
-736.000
30
2592.000
11
472.000
21
-735.636
31
2592.000
0
LINE
8
TOPO-EXIST
10
474.000
20
-736.000
30
2592.000
11
474.000
21
-736.000
31
2592.000
0
LINE
8
TOPO-EXIST
10
476.000
20
-737.407
30
2592.000
11
474.000
21
-736.000
31
2592.000
0
LINE
8
TOPO-EXIST
10
476.327
20
-738.000
30
2592.000
11
476.000
21
-737.407
31
2592.000
0
LINE
8
TOPO-EXIST
10
476.327
20
-738.000
30
2592.000
11
476.857
21
-740.000
31
2592.000
0
LINE
8
TOPO-EXIST
10
476.857
20
-740.000
30
2592.000
11
477.308
21
-742.000
31
2592.000
0
LINE
8
TOPO-EXIST
10
477.308
20
-742.000
30
2592.000
11
478.000
21
-743.929
31
2592.000
0
LINE
8
TOPO-EXIST
10
478.400
20
-744.000
30
2592.000
11
478.000
21
-743.929
31
2592.000
0
LINE
8
TOPO-EXIST
10
478.400
20
-744.000
30
2592.000
11
480.000
21
-744.276
31
2592.000
0
LINE
8
TOPO-EXIST
10
482.000
20
-744.296
30
2592.000
11
480.000
21
-744.276
31
2592.000
0
LINE
8
TOPO-EXIST
10
484.000
20
-744.500
30
2592.000
11
482.000
21
-744.296
31
2592.000
0
LINE
8
TOPO-EXIST
10
486.000
20
-744.643
30
2592.000
11
484.000
21
-744.500
31
2592.000
0
LINE
8
TOPO-EXIST
10
488.000
20
-744.917
30
2592.000
11
486.000
21
-744.643
31
2592.000
0
LINE
8
TOPO-EXIST
10
489.368
20
-746.000
30
2592.000
11
488.000
21
-744.917
31
2592.000
0
LINE
8
TOPO-EXIST
10
489.368
20
-746.000
30
2592.000
11
490.000
21
-746.857
31
2592.000
0
LINE
8
TOPO-EXIST
10
490.727
20
-748.000
30
2592.000
11
490.000
21
-746.857
31
2592.000
0
LINE
8
TOPO-EXIST
10
490.727
20
-748.000
30
2592.000
11
492.000
21
-750.000
31
2592.000
0
LINE
8
TOPO-EXIST
10
492.000
20
-750.000
30
2592.000
11
492.000
21
-750.000
31
2592.000
0
LINE
8
TOPO-EXIST
10
493.217
20
-752.000
30
2592.000
11
492.000
21
-750.000
31
2592.000
0
LINE
8
TOPO-EXIST
10
493.217
20
-752.000
30
2592.000
11
494.000
21
-753.286
31
2592.000
0
LINE
8
TOPO-EXIST
10
494.455
20
-754.000
30
2592.000
11
494.000
21
-753.286
31
2592.000
0
LINE
8
TOPO-EXIST
10
494.455
20
-754.000
30
2592.000
11
495.727
21
-756.000
31
2592.000
0
LINE
8
TOPO-EXIST
10
495.727
20
-756.000
30
2592.000
11
496.000
21
-756.462
31
2592.000
0
LINE
8
TOPO-EXIST
10
496.909
20
-758.000
30
2592.000
11
496.000
21
-756.462
31
2592.000
0
LINE
8
TOPO-EXIST
10
496.909
20
-758.000
30
2592.000
11
497.704
21
-760.000
31
2592.000
0
LINE
8
TOPO-EXIST
10
497.704
20
-760.000
30
2592.000
11
498.000
21
-761.600
31
2592.000
0
LINE
8
TOPO-EXIST
10
498.400
20
-762.000
30
2592.000
11
498.000
21
-761.600
31
2592.000
0
LINE
8
TOPO-EXIST
10
498.400
20
-762.000
30
2592.000
11
500.000
21
-762.364
31
2592.000
0
LINE
8
TOPO-EXIST
10
502.000
20
-762.762
30
2592.000
11
500.000
21
-762.364
31
2592.000
0
LINE
8
TOPO-EXIST
10
504.000
20
-763.182
30
2592.000
11
502.000
21
-762.762
31
2592.000
0
LINE
8
TOPO-EXIST
10
506.000
20
-763.619
30
2592.000
11
504.000
21
-763.182
31
2592.000
0
LINE
8
TOPO-EXIST
10
508.000
20
-764.000
30
2592.000
11
506.000
21
-763.619
31
2592.000
0
LINE
8
TOPO-EXIST
10
508.000
20
-764.000
30
2592.000
11
508.000
21
-764.000
31
2592.000
0
LINE
8
TOPO-EXIST
10
510.000
20
-764.455
30
2592.000
11
508.000
21
-764.000
31
2592.000
0
LINE
8
TOPO-EXIST
10
512.000
20
-764.857
30
2592.000
11
510.000
21
-764.455
31
2592.000
0
LINE
8
TOPO-EXIST
10
514.000
20
-765.273
30
2592.000
11
512.000
21
-764.857
31
2592.000
0
LINE
8
TOPO-EXIST
10
516.000
20
-765.400
30
2592.000
11
514.000
21
-765.273
31
2592.000
0
LINE
8
TOPO-EXIST
10
517.200
20
-766.000
30
2592.000
11
516.000
21
-765.400
31
2592.000
0
LINE
8
TOPO-EXIST
10
517.200
20
-766.000
30
2592.000
11
518.000
21
-766.400
31
2592.000
0
LINE
8
TOPO-EXIST
10
520.000
20
-768.000
30
2592.000
11
518.000
21
-766.400
31
2592.000
0
LINE
8
TOPO-EXIST
10
520.000
20
-768.000
30
2592.000
11
520.000
21
-768.000
31
2592.000
0
LINE
8
TOPO-EXIST
10
522.000
20
-770.000
30
2592.000
11
520.000
21
-768.000
31
2592.000
0
LINE
8
TOPO-EXIST
10
522.000
20
-770.000
30
2592.000
11
522.000
21
-772.000
31
2592.000
0
LINE
8
TOPO-EXIST
10
522.000
20
-772.000
30
2592.000
11
522.000
21
-772.000
31
2592.000
0
LINE
8
TOPO-EXIST
10
524.000
20
-774.000
30
2592.000
11
522.000
21
-772.000
31
2592.000
0
LINE
8
TOPO-EXIST
10
524.000
20
-774.000
30
2592.000
11
524.000
21
-776.000
31
2592.000
0
LINE
8
TOPO-EXIST
10
524.000
20
-776.000
30
2592.000
11
524.000
21
-778.000
31
2592.000
0
LINE
8
TOPO-EXIST
10
524.000
20
-778.000
30
2592.000
11
524.000
21
-778.000
31
2592.000
0
LINE
8
TOPO-EXIST
10
526.000
20
-780.000
30
2592.000
11
524.000
21
-778.000
31
2592.000
0
LINE
8
TOPO-EXIST
10
558.000
20
-778.000
30
2592.000
11
556.000
21
-780.000
31
2592.000
0
LINE
8
TOPO-EXIST
10
560.000
20
-778.000
30
2592.000
11
558.000
21
-778.000
31
2592.000
0
LINE
8
TOPO-EXIST
10
562.000
20
-778.000
30
2592.000
11
560.000
21
-778.000
31
2592.000
0
LINE
8
TOPO-EXIST
10
564.000
20
-780.000
30
2592.000
11
562.000
21
-778.000
31
2592.000
0
LINE
8
TOPO-EXIST
10
442.000
20
-660.000
30
2593.000
11
440.000
21
-658.000
31
2593.000
0
LINE
8
TOPO-EXIST
10
442.000
20
-660.000
30
2593.000
11
442.000
21
-660.000
31
2593.000
0
LINE
8
TOPO-EXIST
10
444.000
20
-662.000
30
2593.000
11
442.000
21
-660.000
31
2593.000
0
LINE
8
TOPO-EXIST
10
444.000
20
-662.000
30
2593.000
11
444.000
21
-662.000
31
2593.000
0
LINE
8
TOPO-EXIST
10
445.333
20
-664.000
30
2593.000
11
444.000
21
-662.000
31
2593.000
0
LINE
8
TOPO-EXIST
10
445.333
20
-664.000
30
2593.000
11
446.000
21
-666.000
31
2593.000
0
LINE
8
TOPO-EXIST
10
446.000
20
-666.000
30
2593.000
11
446.000
21
-666.000
31
2593.000
0
LINE
8
TOPO-EXIST
10
448.000
20
-668.000
30
2593.000
11
446.000
21
-666.000
31
2593.000
0
LINE
8
TOPO-EXIST
10
448.000
20
-668.000
30
2593.000
11
448.000
21
-670.000
31
2593.000
0
LINE
8
TOPO-EXIST
10
448.000
20
-670.000
30
2593.000
11
448.000
21
-672.000
31
2593.000
0
LINE
8
TOPO-EXIST
10
448.000
20
-672.000
30
2593.000
11
448.000
21
-672.000
31
2593.000
0
LINE
8
TOPO-EXIST
10
450.000
20
-674.000
30
2593.000
11
448.000
21
-672.000
31
2593.000
0
LINE
8
TOPO-EXIST
10
450.000
20
-674.000
30
2593.000
11
450.000
21
-676.000
31
2593.000
0
LINE
8
TOPO-EXIST
10
450.000
20
-676.000
30
2593.000
11
450.000
21
-678.000
31
2593.000
0
LINE
8
TOPO-EXIST
10
450.000
20
-678.000
30
2593.000
11
450.000
21
-680.000
31
2593.000
0
LINE
8
TOPO-EXIST
10
450.000
20
-680.000
30
2593.000
11
450.000
21
-682.000
31
2593.000
0
LINE
8
TOPO-EXIST
10
450.000
20
-682.000
30
2593.000
11
450.000
21
-684.000
31
2593.000
0
LINE
8
TOPO-EXIST
10
450.000
20
-684.000
30
2593.000
11
450.000
21
-686.000
31
2593.000
0
LINE
8
TOPO-EXIST
10
450.000
20
-686.000
30
2593.000
11
450.000
21
-688.000
31
2593.000
0
LINE
8
TOPO-EXIST
10
450.000
20
-688.000
30
2593.000
11
450.000
21
-690.000
31
2593.000
0
LINE
8
TOPO-EXIST
10
450.000
20
-690.000
30
2593.000
11
450.000
21
-692.000
31
2593.000
0
LINE
8
TOPO-EXIST
10
448.000
20
-694.000
30
2593.000
11
448.000
21
-694.000
31
2593.000
0
LINE
8
TOPO-EXIST
10
450.000
20
-692.000
30
2593.000
11
448.000
21
-694.000
31
2593.000
0
LINE
8
TOPO-EXIST
10
446.000
20
-696.000
30
2593.000
11
446.000
21
-696.000
31
2593.000
0
LINE
8
TOPO-EXIST
10
448.000
20
-694.000
30
2593.000
11
446.000
21
-696.000
31
2593.000
0
LINE
8
TOPO-EXIST
10
444.000
20
-698.000
30
2593.000
11
444.000
21
-698.000
31
2593.000
0
LINE
8
TOPO-EXIST
10
446.000
20
-696.000
30
2593.000
11
444.000
21
-698.000
31
2593.000
0
LINE
8
TOPO-EXIST
10
444.000
20
-698.000
30
2593.000
11
444.000
21
-700.000
31
2593.000
0
LINE
8
TOPO-EXIST
10
442.000
20
-702.000
30
2593.000
11
442.000
21
-702.000
31
2593.000
0
LINE
8
TOPO-EXIST
10
444.000
20
-700.000
30
2593.000
11
442.000
21
-702.000
31
2593.000
0
LINE
8
TOPO-EXIST
10
590.000
20
-700.000
30
2593.000
11
588.000
21
-702.000
31
2593.000
0
LINE
8
TOPO-EXIST
10
592.000
20
-700.000
30
2593.000
11
590.000
21
-700.000
31
2593.000
0
LINE
8
TOPO-EXIST
10
594.000
20
-702.000
30
2593.000
11
592.000
21
-700.000
31
2593.000
0
LINE
8
TOPO-EXIST
10
442.000
20
-702.000
30
2593.000
11
440.000
21
-704.000
31
2593.000
0
LINE
8
TOPO-EXIST
10
588.000
20
-702.000
30
2593.000
11
586.000
21
-704.000
31
2593.000
0
LINE
8
TOPO-EXIST
10
588.000
20
-702.000
30
2593.000
11
588.000
21
-702.000
31
2593.000
0
LINE
8
TOPO-EXIST
10
594.000
20
-702.000
30
2593.000
11
594.000
21
-702.000
31
2593.000
0
LINE
8
TOPO-EXIST
10
596.000
20
-702.000
30
2593.000
11
594.000
21
-702.000
31
2593.000
0
LINE
8
TOPO-EXIST
10
598.000
20
-702.000
30
2593.000
11
596.000
21
-702.000
31
2593.000
0
LINE
8
TOPO-EXIST
10
600.000
20
-704.000
30
2593.000
11
598.000
21
-702.000
31
2593.000
0
LINE
8
TOPO-EXIST
10
584.000
20
-704.000
30
2593.000
11
582.000
21
-706.000
31
2593.000
0
LINE
8
TOPO-EXIST
10
586.000
20
-704.000
30
2593.000
11
584.000
21
-704.000
31
2593.000
0
LINE
8
TOPO-EXIST
10
586.000
20
-704.000
30
2593.000
11
586.000
21
-704.000
31
2593.000
0
LINE
8
TOPO-EXIST
10
600.000
20
-704.000
30
2593.000
11
600.000
21
-704.000
31
2593.000
0
LINE
8
TOPO-EXIST
10
602.000
20
-704.000
30
2593.000
11
600.000
21
-704.000
31
2593.000
0
LINE
8
TOPO-EXIST
10
604.000
20
-704.000
30
2593.000
11
602.000
21
-704.000
31
2593.000
0
LINE
8
TOPO-EXIST
10
606.000
20
-704.000
30
2593.000
11
604.000
21
-704.000
31
2593.000
0
LINE
8
TOPO-EXIST
10
608.000
20
-706.000
30
2593.000
11
606.000
21
-704.000
31
2593.000
0
LINE
8
TOPO-EXIST
10
442.000
20
-708.000
30
2593.000
11
440.000
21
-706.000
31
2593.000
0
LINE
8
TOPO-EXIST
10
580.000
20
-706.000
30
2593.000
11
578.000
21
-708.000
31
2593.000
0
LINE
8
TOPO-EXIST
10
582.000
20
-706.000
30
2593.000
11
580.000
21
-706.000
31
2593.000
0
LINE
8
TOPO-EXIST
10
582.000
20
-706.000
30
2593.000
11
582.000
21
-706.000
31
2593.000
0
LINE
8
TOPO-EXIST
10
608.000
20
-706.000
30
2593.000
11
608.000
21
-706.000
31
2593.000
0
LINE
8
TOPO-EXIST
10
610.000
20
-706.000
30
2593.000
11
608.000
21
-706.000
31
2593.000
0
LINE
8
TOPO-EXIST
10
612.000
20
-706.000
30
2593.000
11
610.000
21
-706.000
31
2593.000
0
LINE
8
TOPO-EXIST
10
614.000
20
-708.000
30
2593.000
11
612.000
21
-706.000
31
2593.000
0
LINE
8
TOPO-EXIST
10
442.000
20
-708.000
30
2593.000
11
442.000
21
-708.000
31
2593.000
0
LINE
8
TOPO-EXIST
10
444.000
20
-708.000
30
2593.000
11
442.000
21
-708.000
31
2593.000
0
LINE
8
TOPO-EXIST
10
446.000
20
-708.000
30
2593.000
11
444.000
21
-708.000
31
2593.000
0
LINE
8
TOPO-EXIST
10
448.000
20
-708.000
30
2593.000
11
446.000
21
-708.000
31
2593.000
0
LINE
8
TOPO-EXIST
10
450.000
20
-708.000
30
2593.000
11
448.000
21
-708.000
31
2593.000
0
LINE
8
TOPO-EXIST
10
452.000
20
-708.000
30
2593.000
11
450.000
21
-708.000
31
2593.000
0
LINE
8
TOPO-EXIST
10
454.000
20
-708.000
30
2593.000
11
452.000
21
-708.000
31
2593.000
0
LINE
8
TOPO-EXIST
10
456.000
20
-708.000
30
2593.000
11
454.000
21
-708.000
31
2593.000
0
LINE
8
TOPO-EXIST
10
458.000
20
-708.000
30
2593.000
11
456.000
21
-708.000
31
2593.000
0
LINE
8
TOPO-EXIST
10
460.000
20
-708.000
30
2593.000
11
458.000
21
-708.000
31
2593.000
0
LINE
8
TOPO-EXIST
10
462.000
20
-708.000
30
2593.000
11
460.000
21
-708.000
31
2593.000
0
LINE
8
TOPO-EXIST
10
464.000
20
-710.000
30
2593.000
11
462.000
21
-708.000
31
2593.000
0
LINE
8
TOPO-EXIST
10
578.000
20
-708.000
30
2593.000
11
576.000
21
-710.000
31
2593.000
0
LINE
8
TOPO-EXIST
10
578.000
20
-708.000
30
2593.000
11
578.000
21
-708.000
31
2593.000
0
LINE
8
TOPO-EXIST
10
614.000
20
-708.000
30
2593.000
11
614.000
21
-708.000
31
2593.000
0
LINE
8
TOPO-EXIST
10
616.000
20
-708.000
30
2593.000
11
614.000
21
-708.000
31
2593.000
0
LINE
8
TOPO-EXIST
10
618.000
20
-710.000
30
2593.000
11
616.000
21
-708.000
31
2593.000
0
LINE
8
TOPO-EXIST
10
464.000
20
-710.000
30
2593.000
11
464.000
21
-710.000
31
2593.000
0
LINE
8
TOPO-EXIST
10
466.000
20
-710.000
30
2593.000
11
464.000
21
-710.000
31
2593.000
0
LINE
8
TOPO-EXIST
10
468.000
20
-712.000
30
2593.000
11
466.000
21
-710.000
31
2593.000
0
LINE
8
TOPO-EXIST
10
574.000
20
-710.000
30
2593.000
11
572.000
21
-712.000
31
2593.000
0
LINE
8
TOPO-EXIST
10
576.000
20
-710.000
30
2593.000
11
574.000
21
-710.000
31
2593.000
0
LINE
8
TOPO-EXIST
10
576.000
20
-710.000
30
2593.000
11
576.000
21
-710.000
31
2593.000
0
LINE
8
TOPO-EXIST
10
618.000
20
-710.000
30
2593.000
11
618.000
21
-710.000
31
2593.000
0
LINE
8
TOPO-EXIST
10
620.000
20
-712.000
30
2593.000
11
618.000
21
-710.000
31
2593.000
0
LINE
8
TOPO-EXIST
10
468.000
20
-712.000
30
2593.000
11
468.000
21
-712.000
31
2593.000
0
LINE
8
TOPO-EXIST
10
470.000
20
-712.000
30
2593.000
11
468.000
21
-712.000
31
2593.000
0
LINE
8
TOPO-EXIST
10
472.000
20
-712.000
30
2593.000
11
470.000
21
-712.000
31
2593.000
0
LINE
8
TOPO-EXIST
10
474.000
20
-714.000
30
2593.000
11
472.000
21
-712.000
31
2593.000
0
LINE
8
TOPO-EXIST
10
572.000
20
-712.000
30
2593.000
11
570.000
21
-714.000
31
2593.000
0
LINE
8
TOPO-EXIST
10
572.000
20
-712.000
30
2593.000
11
572.000
21
-712.000
31
2593.000
0
LINE
8
TOPO-EXIST
10
620.000
20
-712.000
30
2593.000
11
620.000
21
-712.000
31
2593.000
0
LINE
8
TOPO-EXIST
10
622.000
20
-714.000
30
2593.000
11
620.000
21
-712.000
31
2593.000
0
LINE
8
TOPO-EXIST
10
474.000
20
-714.000
30
2593.000
11
474.000
21
-714.000
31
2593.000
0
LINE
8
TOPO-EXIST
10
476.000
20
-716.000
30
2593.000
11
474.000
21
-714.000
31
2593.000
0
LINE
8
TOPO-EXIST
10
568.000
20
-714.000
30
2593.000
11
566.000
21
-716.000
31
2593.000
0
LINE
8
TOPO-EXIST
10
570.000
20
-714.000
30
2593.000
11
568.000
21
-714.000
31
2593.000
0
LINE
8
TOPO-EXIST
10
570.000
20
-714.000
30
2593.000
11
570.000
21
-714.000
31
2593.000
0
LINE
8
TOPO-EXIST
10
622.000
20
-714.000
30
2593.000
11
622.000
21
-714.000
31
2593.000
0
LINE
8
TOPO-EXIST
10
624.000
20
-716.000
30
2593.000
11
622.000
21
-714.000
31
2593.000
0
LINE
8
TOPO-EXIST
10
476.000
20
-716.000
30
2593.000
11
476.000
21
-716.000
31
2593.000
0
LINE
8
TOPO-EXIST
10
478.000
20
-718.000
30
2593.000
11
476.000
21
-716.000
31
2593.000
0
LINE
8
TOPO-EXIST
10
564.000
20
-716.000
30
2593.000
11
562.000
21
-718.000
31
2593.000
0
LINE
8
TOPO-EXIST
10
566.000
20
-716.000
30
2593.000
11
564.000
21
-716.000
31
2593.000
0
LINE
8
TOPO-EXIST
10
566.000
20
-716.000
30
2593.000
11
566.000
21
-716.000
31
2593.000
0
LINE
8
TOPO-EXIST
10
624.000
20
-716.000
30
2593.000
11
624.000
21
-716.000
31
2593.000
0
LINE
8
TOPO-EXIST
10
626.000
20
-718.000
30
2593.000
11
624.000
21
-716.000
31
2593.000
0
LINE
8
TOPO-EXIST
10
478.000
20
-718.000
30
2593.000
11
478.000
21
-718.000
31
2593.000
0
LINE
8
TOPO-EXIST
10
480.000
20
-720.000
30
2593.000
11
478.000
21
-718.000
31
2593.000
0
LINE
8
TOPO-EXIST
10
562.000
20
-718.000
30
2593.000
11
560.000
21
-720.000
31
2593.000
0
LINE
8
TOPO-EXIST
10
562.000
20
-718.000
30
2593.000
11
562.000
21
-718.000
31
2593.000
0
LINE
8
TOPO-EXIST
10
626.000
20
-718.000
30
2593.000
11
626.000
21
-718.000
31
2593.000
0
LINE
8
TOPO-EXIST
10
628.000
20
-720.000
30
2593.000
11
626.000
21
-718.000
31
2593.000
0
LINE
8
TOPO-EXIST
10
480.000
20
-720.000
30
2593.000
11
480.000
21
-720.000
31
2593.000
0
LINE
8
TOPO-EXIST
10
482.000
20
-722.000
30
2593.000
11
480.000
21
-720.000
31
2593.000
0
LINE
8
TOPO-EXIST
10
558.000
20
-720.000
30
2593.000
11
556.000
21
-722.000
31
2593.000
0
LINE
8
TOPO-EXIST
10
560.000
20
-720.000
30
2593.000
11
558.000
21
-720.000
31
2593.000
0
LINE
8
TOPO-EXIST
10
560.000
20
-720.000
30
2593.000
11
560.000
21
-720.000
31
2593.000
0
LINE
8
TOPO-EXIST
10
628.000
20
-720.000
30
2593.000
11
628.000
21
-720.000
31
2593.000
0
LINE
8
TOPO-EXIST
10
630.000
20
-722.000
30
2593.000
11
628.000
21
-720.000
31
2593.000
0
LINE
8
TOPO-EXIST
10
482.000
20
-722.000
30
2593.000
11
482.000
21
-724.000
31
2593.000
0
LINE
8
TOPO-EXIST
10
556.000
20
-722.000
30
2593.000
11
554.000
21
-724.000
31
2593.000
0
LINE
8
TOPO-EXIST
10
556.000
20
-722.000
30
2593.000
11
556.000
21
-722.000
31
2593.000
0
LINE
8
TOPO-EXIST
10
630.000
20
-722.000
30
2593.000
11
630.000
21
-722.000
31
2593.000
0
LINE
8
TOPO-EXIST
10
632.000
20
-724.000
30
2593.000
11
630.000
21
-722.000
31
2593.000
0
LINE
8
TOPO-EXIST
10
482.000
20
-724.000
30
2593.000
11
482.000
21
-726.000
31
2593.000
0
LINE
8
TOPO-EXIST
10
552.000
20
-724.000
30
2593.000
11
550.000
21
-726.000
31
2593.000
0
LINE
8
TOPO-EXIST
10
554.000
20
-724.000
30
2593.000
11
552.000
21
-724.000
31
2593.000
0
LINE
8
TOPO-EXIST
10
554.000
20
-724.000
30
2593.000
11
554.000
21
-724.000
31
2593.000
0
LINE
8
TOPO-EXIST
10
632.000
20
-724.000
30
2593.000
11
632.000
21
-724.000
31
2593.000
0
LINE
8
TOPO-EXIST
10
634.000
20
-726.000
30
2593.000
11
632.000
21
-724.000
31
2593.000
0
LINE
8
TOPO-EXIST
10
482.000
20
-726.000
30
2593.000
11
482.000
21
-728.000
31
2593.000
0
LINE
8
TOPO-EXIST
10
550.000
20
-726.000
30
2593.000
11
548.000
21
-728.000
31
2593.000
0
LINE
8
TOPO-EXIST
10
550.000
20
-726.000
30
2593.000
11
550.000
21
-726.000
31
2593.000
0
LINE
8
TOPO-EXIST
10
634.000
20
-726.000
30
2593.000
11
634.000
21
-726.000
31
2593.000
0
LINE
8
TOPO-EXIST
10
636.000
20
-728.000
30
2593.000
11
634.000
21
-726.000
31
2593.000
0
LINE
8
TOPO-EXIST
10
482.000
20
-728.000
30
2593.000
11
482.000
21
-730.000
31
2593.000
0
LINE
8
TOPO-EXIST
10
546.000
20
-728.000
30
2593.000
11
544.000
21
-730.000
31
2593.000
0
LINE
8
TOPO-EXIST
10
548.000
20
-728.000
30
2593.000
11
546.000
21
-728.000
31
2593.000
0
LINE
8
TOPO-EXIST
10
548.000
20
-728.000
30
2593.000
11
548.000
21
-728.000
31
2593.000
0
LINE
8
TOPO-EXIST
10
636.000
20
-728.000
30
2593.000
11
636.000
21
-730.000
31
2593.000
0
LINE
8
TOPO-EXIST
10
482.000
20
-730.000
30
2593.000
11
482.000
21
-732.000
31
2593.000
0
LINE
8
TOPO-EXIST
10
544.000
20
-730.000
30
2593.000
11
544.000
21
-732.000
31
2593.000
0
LINE
8
TOPO-EXIST
10
636.000
20
-730.000
30
2593.000
11
636.000
21
-730.000
31
2593.000
0
LINE
8
TOPO-EXIST
10
638.000
20
-732.000
30
2593.000
11
636.000
21
-730.000
31
2593.000
0
LINE
8
TOPO-EXIST
10
482.000
20
-732.000
30
2593.000
11
482.000
21
-734.000
31
2593.000
0
LINE
8
TOPO-EXIST
10
544.000
20
-732.000
30
2593.000
11
544.000
21
-734.000
31
2593.000
0
LINE
8
TOPO-EXIST
10
638.000
20
-732.000
30
2593.000
11
638.000
21
-734.000
31
2593.000
0
LINE
8
TOPO-EXIST
10
482.000
20
-734.000
30
2593.000
11
482.000
21
-736.000
31
2593.000
0
LINE
8
TOPO-EXIST
10
544.000
20
-734.000
30
2593.000
11
544.000
21
-736.000
31
2593.000
0
LINE
8
TOPO-EXIST
10
638.000
20
-734.000
30
2593.000
11
638.000
21
-736.000
31
2593.000
0
LINE
8
TOPO-EXIST
10
482.000
20
-736.000
30
2593.000
11
482.000
21
-736.000
31
2593.000
0
LINE
8
TOPO-EXIST
10
484.000
20
-736.000
30
2593.000
11
482.000
21
-736.000
31
2593.000
0
LINE
8
TOPO-EXIST
10
486.000
20
-736.000
30
2593.000
11
484.000
21
-736.000
31
2593.000
0
LINE
8
TOPO-EXIST
10
488.000
20
-736.000
30
2593.000
11
486.000
21
-736.000
31
2593.000
0
LINE
8
TOPO-EXIST
10
490.000
20
-736.000
30
2593.000
11
488.000
21
-736.000
31
2593.000
0
LINE
8
TOPO-EXIST
10
492.000
20
-738.000
30
2593.000
11
490.000
21
-736.000
31
2593.000
0
LINE
8
TOPO-EXIST
10
544.000
20
-736.000
30
2593.000
11
542.000
21
-738.000
31
2593.000
0
LINE
8
TOPO-EXIST
10
544.000
20
-736.000
30
2593.000
11
544.000
21
-736.000
31
2593.000
0
LINE
8
TOPO-EXIST
10
638.000
20
-736.000
30
2593.000
11
638.000
21
-738.000
31
2593.000
0
LINE
8
TOPO-EXIST
10
492.000
20
-738.000
30
2593.000
11
492.000
21
-738.000
31
2593.000
0
LINE
8
TOPO-EXIST
10
494.000
20
-738.000
30
2593.000
11
492.000
21
-738.000
31
2593.000
0
LINE
8
TOPO-EXIST
10
496.000
20
-738.000
30
2593.000
11
494.000
21
-738.000
31
2593.000
0
LINE
8
TOPO-EXIST
10
498.000
20
-740.000
30
2593.000
11
496.000
21
-738.000
31
2593.000
0
LINE
8
TOPO-EXIST
10
542.000
20
-738.000
30
2593.000
11
542.000
21
-740.000
31
2593.000
0
LINE
8
TOPO-EXIST
10
638.000
20
-738.000
30
2593.000
11
638.000
21
-740.000
31
2593.000
0
LINE
8
TOPO-EXIST
10
498.000
20
-740.000
30
2593.000
11
498.000
21
-740.000
31
2593.000
0
LINE
8
TOPO-EXIST
10
500.000
20
-740.000
30
2593.000
11
498.000
21
-740.000
31
2593.000
0
LINE
8
TOPO-EXIST
10
502.000
20
-742.000
30
2593.000
11
500.000
21
-740.000
31
2593.000
0
LINE
8
TOPO-EXIST
10
542.000
20
-740.000
30
2593.000
11
542.000
21
-742.000
31
2593.000
0
LINE
8
TOPO-EXIST
10
638.000
20
-740.000
30
2593.000
11
638.000
21
-742.000
31
2593.000
0
LINE
8
TOPO-EXIST
10
502.000
20
-742.000
30
2593.000
11
502.000
21
-742.000
31
2593.000
0
LINE
8
TOPO-EXIST
10
504.000
20
-744.000
30
2593.000
11
502.000
21
-742.000
31
2593.000
0
LINE
8
TOPO-EXIST
10
542.000
20
-742.000
30
2593.000
11
542.000
21
-744.000
31
2593.000
0
LINE
8
TOPO-EXIST
10
638.000
20
-742.000
30
2593.000
11
638.000
21
-744.000
31
2593.000
0
LINE
8
TOPO-EXIST
10
504.000
20
-744.000
30
2593.000
11
504.000
21
-744.000
31
2593.000
0
LINE
8
TOPO-EXIST
10
506.000
20
-746.000
30
2593.000
11
504.000
21
-744.000
31
2593.000
0
LINE
8
TOPO-EXIST
10
534.000
20
-744.000
30
2593.000
11
532.000
21
-746.000
31
2593.000
0
LINE
8
TOPO-EXIST
10
536.000
20
-744.000
30
2593.000
11
534.000
21
-744.000
31
2593.000
0
LINE
8
TOPO-EXIST
10
538.000
20
-744.000
30
2593.000
11
536.000
21
-744.000
31
2593.000
0
LINE
8
TOPO-EXIST
10
540.000
20
-744.000
30
2593.000
11
538.000
21
-744.000
31
2593.000
0
LINE
8
TOPO-EXIST
10
542.000
20
-744.000
30
2593.000
11
540.000
21
-744.000
31
2593.000
0
LINE
8
TOPO-EXIST
10
542.000
20
-744.000
30
2593.000
11
542.000
21
-744.000
31
2593.000
0
LINE
8
TOPO-EXIST
10
638.000
20
-744.000
30
2593.000
11
638.000
21
-746.000
31
2593.000
0
LINE
8
TOPO-EXIST
10
506.000
20
-746.000
30
2593.000
11
506.000
21
-746.000
31
2593.000
0
LINE
8
TOPO-EXIST
10
508.000
20
-746.000
30
2593.000
11
506.000
21
-746.000
31
2593.000
0
LINE
8
TOPO-EXIST
10
510.000
20
-748.000
30
2593.000
11
508.000
21
-746.000
31
2593.000
0
LINE
8
TOPO-EXIST
10
514.000
20
-746.000
30
2593.000
11
512.000
21
-748.000
31
2593.000
0
LINE
8
TOPO-EXIST
10
516.000
20
-746.000
30
2593.000
11
514.000
21
-746.000
31
2593.000
0
LINE
8
TOPO-EXIST
10
518.000
20
-746.000
30
2593.000
11
516.000
21
-746.000
31
2593.000
0
LINE
8
TOPO-EXIST
10
520.000
20
-746.000
30
2593.000
11
518.000
21
-746.000
31
2593.000
0
LINE
8
TOPO-EXIST
10
522.000
20
-746.000
30
2593.000
11
520.000
21
-746.000
31
2593.000
0
LINE
8
TOPO-EXIST
10
524.000
20
-746.000
30
2593.000
11
522.000
21
-746.000
31
2593.000
0
LINE
8
TOPO-EXIST
10
526.000
20
-746.000
30
2593.000
11
524.000
21
-746.000
31
2593.000
0
LINE
8
TOPO-EXIST
10
528.000
20
-746.000
30
2593.000
11
526.000
21
-746.000
31
2593.000
0
LINE
8
TOPO-EXIST
10
530.000
20
-746.000
30
2593.000
11
528.000
21
-746.000
31
2593.000
0
LINE
8
TOPO-EXIST
10
532.000
20
-746.000
30
2593.000
11
530.000
21
-746.000
31
2593.000
0
LINE
8
TOPO-EXIST
10
532.000
20
-746.000
30
2593.000
11
532.000
21
-746.000
31
2593.000
0
LINE
8
TOPO-EXIST
10
638.000
20
-746.000
30
2593.000
11
638.000
21
-746.000
31
2593.000
0
LINE
8
TOPO-EXIST
10
640.000
20
-748.000
30
2593.000
11
638.000
21
-746.000
31
2593.000
0
LINE
8
TOPO-EXIST
10
510.000
20
-748.000
30
2593.000
11
510.000
21
-748.000
31
2593.000
0
LINE
8
TOPO-EXIST
10
512.000
20
-748.000
30
2593.000
11
510.000
21
-748.000
31
2593.000
0
LINE
8
TOPO-EXIST
10
512.000
20
-748.000
30
2593.000
11
512.000
21
-748.000
31
2593.000
0
LINE
8
TOPO-EXIST
10
640.000
20
-748.000
30
2593.000
11
640.000
21
-750.000
31
2593.000
0
LINE
8
TOPO-EXIST
10
512.000
20
-752.000
30
2593.000
11
512.000
21
-752.000
31
2593.000
0
LINE
8
TOPO-EXIST
10
512.000
20
-752.000
30
2593.000
11
512.000
21
-752.000
31
2593.000
0
LINE
8
TOPO-EXIST
10
640.000
20
-750.000
30
2593.000
11
640.000
21
-752.000
31
2593.000
0
LINE
8
TOPO-EXIST
10
512.000
20
-752.000
30
2593.000
11
512.000
21
-752.000
31
2593.000
0
LINE
8
TOPO-EXIST
10
512.000
20
-752.000
30
2593.000
11
512.000
21
-752.000
31
2593.000
0
LINE
8
TOPO-EXIST
10
640.000
20
-752.000
30
2593.000
11
640.000
21
-754.000
31
2593.000
0
LINE
8
TOPO-EXIST
10
640.000
20
-754.000
30
2593.000
11
640.000
21
-756.000
31
2593.000
0
LINE
8
TOPO-EXIST
10
640.000
20
-756.000
30
2593.000
11
640.000
21
-758.000
31
2593.000
0
LINE
8
TOPO-EXIST
10
640.000
20
-758.000
30
2593.000
11
640.000
21
-760.000
31
2593.000
0
LINE
8
TOPO-EXIST
10
640.000
20
-760.000
30
2593.000
11
640.000
21
-762.000
31
2593.000
0
LINE
8
TOPO-EXIST
10
640.000
20
-762.000
30
2593.000
11
640.000
21
-762.000
31
2593.000
0
LINE
8
TOPO-EXIST
10
642.000
20
-764.000
30
2593.000
11
640.000
21
-762.000
31
2593.000
0
LINE
8
TOPO-EXIST
10
642.000
20
-764.000
30
2593.000
11
642.000
21
-764.000
31
2593.000
0
LINE
8
TOPO-EXIST
10
644.000
20
-766.000
30
2593.000
11
642.000
21
-764.000
31
2593.000
0
LINE
8
TOPO-EXIST
10
644.000
20
-766.000
30
2593.000
11
644.000
21
-766.000
31
2593.000
0
LINE
8
TOPO-EXIST
10
646.000
20
-768.000
30
2593.000
11
644.000
21
-766.000
31
2593.000
0
LINE
8
TOPO-EXIST
10
646.000
20
-768.000
30
2593.000
11
646.000
21
-768.000
31
2593.000
0
LINE
8
TOPO-EXIST
10
648.000
20
-770.000
30
2593.000
11
646.000
21
-768.000
31
2593.000
0
LINE
8
TOPO-EXIST
10
648.000
20
-770.000
30
2593.000
11
648.000
21
-770.000
31
2593.000
0
LINE
8
TOPO-EXIST
10
650.000
20
-772.000
30
2593.000
11
648.000
21
-770.000
31
2593.000
0
LINE
8
TOPO-EXIST
10
650.000
20
-772.000
30
2593.000
11
650.000
21
-772.000
31
2593.000
0
LINE
8
TOPO-EXIST
10
651.333
20
-774.000
30
2593.000
11
650.000
21
-772.000
31
2593.000
0
LINE
8
TOPO-EXIST
10
651.333
20
-774.000
30
2593.000
11
652.000
21
-776.000
31
2593.000
0
LINE
8
TOPO-EXIST
10
652.000
20
-776.000
30
2593.000
11
652.000
21
-776.000
31
2593.000
0
LINE
8
TOPO-EXIST
10
654.000
20
-778.000
30
2593.000
11
652.000
21
-776.000
31
2593.000
0
LINE
8
TOPO-EXIST
10
654.000
20
-778.000
30
2593.000
11
654.000
21
-780.000
31
2593.000
0
LINE
8
TOPO-EXIST
10
442.000
20
-604.000
30
2594.000
11
440.000
21
-604.000
31
2594.000
0
LINE
8
TOPO-EXIST
10
444.000
20
-604.000
30
2594.000
11
442.000
21
-604.000
31
2594.000
0
LINE
8
TOPO-EXIST
10
446.000
20
-604.000
30
2594.000
11
444.000
21
-604.000
31
2594.000
0
LINE
8
TOPO-EXIST
10
448.000
20
-604.000
30
2594.000
11
446.000
21
-604.000
31
2594.000
0
LINE
8
TOPO-EXIST
10
450.000
20
-604.000
30
2594.000
11
448.000
21
-604.000
31
2594.000
0
LINE
8
TOPO-EXIST
10
452.000
20
-605.000
30
2594.000
11
450.000
21
-604.000
31
2594.000
0
LINE
8
TOPO-EXIST
10
454.000
20
-606.000
30
2594.000
11
452.000
21
-605.000
31
2594.000
0
LINE
8
TOPO-EXIST
10
454.000
20
-606.000
30
2594.000
11
454.000
21
-606.000
31
2594.000
0
LINE
8
TOPO-EXIST
10
456.000
20
-606.000
30
2594.000
11
454.000
21
-606.000
31
2594.000
0
LINE
8
TOPO-EXIST
10
458.000
20
-606.000
30
2594.000
11
456.000
21
-606.000
31
2594.000
0
LINE
8
TOPO-EXIST
10
460.000
20
-606.000
30
2594.000
11
458.000
21
-606.000
31
2594.000
0
LINE
8
TOPO-EXIST
10
462.000
20
-606.000
30
2594.000
11
460.000
21
-606.000
31
2594.000
0
LINE
8
TOPO-EXIST
10
464.000
20
-606.000
30
2594.000
11
462.000
21
-606.000
31
2594.000
0
LINE
8
TOPO-EXIST
10
466.000
20
-606.000
30
2594.000
11
464.000
21
-606.000
31
2594.000
0
LINE
8
TOPO-EXIST
10
468.000
20
-608.000
30
2594.000
11
466.000
21
-606.000
31
2594.000
0
LINE
8
TOPO-EXIST
10
468.000
20
-608.000
30
2594.000
11
468.000
21
-608.000
31
2594.000
0
LINE
8
TOPO-EXIST
10
470.000
20
-608.000
30
2594.000
11
468.000
21
-608.000
31
2594.000
0
LINE
8
TOPO-EXIST
10
472.000
20
-608.000
30
2594.000
11
470.000
21
-608.000
31
2594.000
0
LINE
8
TOPO-EXIST
10
474.000
20
-608.000
30
2594.000
11
472.000
21
-608.000
31
2594.000
0
LINE
8
TOPO-EXIST
10
476.000
20
-608.000
30
2594.000
11
474.000
21
-608.000
31
2594.000
0
LINE
8
TOPO-EXIST
10
478.000
20
-608.000
30
2594.000
11
476.000
21
-608.000
31
2594.000
0
LINE
8
TOPO-EXIST
10
480.000
20
-608.000
30
2594.000
11
478.000
21
-608.000
31
2594.000
0
LINE
8
TOPO-EXIST
10
482.000
20
-610.000
30
2594.000
11
480.000
21
-608.000
31
2594.000
0
LINE
8
TOPO-EXIST
10
482.000
20
-610.000
30
2594.000
11
482.000
21
-610.000
31
2594.000
0
LINE
8
TOPO-EXIST
10
484.000
20
-610.000
30
2594.000
11
482.000
21
-610.000
31
2594.000
0
LINE
8
TOPO-EXIST
10
486.000
20
-610.000
30
2594.000
11
484.000
21
-610.000
31
2594.000
0
LINE
8
TOPO-EXIST
10
488.000
20
-610.000
30
2594.000
11
486.000
21
-610.000
31
2594.000
0
LINE
8
TOPO-EXIST
10
490.000
20
-612.000
30
2594.000
11
488.000
21
-610.000
31
2594.000
0
LINE
8
TOPO-EXIST
10
490.000
20
-612.000
30
2594.000
11
490.000
21
-612.000
31
2594.000
0
LINE
8
TOPO-EXIST
10
492.000
20
-612.000
30
2594.000
11
490.000
21
-612.000
31
2594.000
0
LINE
8
TOPO-EXIST
10
494.000
20
-612.000
30
2594.000
11
492.000
21
-612.000
31
2594.000
0
LINE
8
TOPO-EXIST
10
496.000
20
-612.000
30
2594.000
11
494.000
21
-612.000
31
2594.000
0
LINE
8
TOPO-EXIST
10
498.000
20
-614.000
30
2594.000
11
496.000
21
-612.000
31
2594.000
0
LINE
8
TOPO-EXIST
10
498.000
20
-614.000
30
2594.000
11
498.000
21
-614.000
31
2594.000
0
LINE
8
TOPO-EXIST
10
500.000
20
-614.000
30
2594.000
11
498.000
21
-614.000
31
2594.000
0
LINE
8
TOPO-EXIST
10
502.000
20
-614.000
30
2594.000
11
500.000
21
-614.000
31
2594.000
0
LINE
8
TOPO-EXIST
10
504.000
20
-614.000
30
2594.000
11
502.000
21
-614.000
31
2594.000
0
LINE
8
TOPO-EXIST
10
506.000
20
-616.000
30
2594.000
11
504.000
21
-614.000
31
2594.000
0
LINE
8
TOPO-EXIST
10
506.000
20
-616.000
30
2594.000
11
506.000
21
-616.000
31
2594.000
0
LINE
8
TOPO-EXIST
10
508.000
20
-616.000
30
2594.000
11
506.000
21
-616.000
31
2594.000
0
LINE
8
TOPO-EXIST
10
510.000
20
-616.000
30
2594.000
11
508.000
21
-616.000
31
2594.000
0
LINE
8
TOPO-EXIST
10
512.000
20
-616.000
30
2594.000
11
510.000
21
-616.000
31
2594.000
0
LINE
8
TOPO-EXIST
10
514.000
20
-618.000
30
2594.000
11
512.000
21
-616.000
31
2594.000
0
LINE
8
TOPO-EXIST
10
514.000
20
-618.000
30
2594.000
11
514.000
21
-618.000
31
2594.000
0
LINE
8
TOPO-EXIST
10
516.000
20
-618.000
30
2594.000
11
514.000
21
-618.000
31
2594.000
0
LINE
8
TOPO-EXIST
10
518.000
20
-618.000
30
2594.000
11
516.000
21
-618.000
31
2594.000
0
LINE
8
TOPO-EXIST
10
520.000
20
-618.000
30
2594.000
11
518.000
21
-618.000
31
2594.000
0
LINE
8
TOPO-EXIST
10
522.000
20
-620.000
30
2594.000
11
520.000
21
-618.000
31
2594.000
0
LINE
8
TOPO-EXIST
10
522.000
20
-620.000
30
2594.000
11
522.000
21
-620.000
31
2594.000
0
LINE
8
TOPO-EXIST
10
524.000
20
-622.000
30
2594.000
11
522.000
21
-620.000
31
2594.000
0
LINE
8
TOPO-EXIST
10
524.000
20
-622.000
30
2594.000
11
524.000
21
-622.000
31
2594.000
0
LINE
8
TOPO-EXIST
10
526.000
20
-622.000
30
2594.000
11
524.000
21
-622.000
31
2594.000
0
LINE
8
TOPO-EXIST
10
528.000
20
-624.000
30
2594.000
11
526.000
21
-622.000
31
2594.000
0
LINE
8
TOPO-EXIST
10
528.000
20
-624.000
30
2594.000
11
528.000
21
-624.000
31
2594.000
0
LINE
8
TOPO-EXIST
10
530.000
20
-626.000
30
2594.000
11
528.000
21
-624.000
31
2594.000
0
LINE
8
TOPO-EXIST
10
530.000
20
-626.000
30
2594.000
11
530.000
21
-626.000
31
2594.000
0
LINE
8
TOPO-EXIST
10
532.000
20
-626.000
30
2594.000
11
530.000
21
-626.000
31
2594.000
0
LINE
8
TOPO-EXIST
10
534.000
20
-628.000
30
2594.000
11
532.000
21
-626.000
31
2594.000
0
LINE
8
TOPO-EXIST
10
534.000
20
-628.000
30
2594.000
11
534.000
21
-628.000
31
2594.000
0
LINE
8
TOPO-EXIST
10
536.000
20
-630.000
30
2594.000
11
534.000
21
-628.000
31
2594.000
0
LINE
8
TOPO-EXIST
10
536.000
20
-630.000
30
2594.000
11
536.000
21
-630.000
31
2594.000
0
LINE
8
TOPO-EXIST
10
538.000
20
-630.000
30
2594.000
11
536.000
21
-630.000
31
2594.000
0
LINE
8
TOPO-EXIST
10
540.000
20
-632.000
30
2594.000
11
538.000
21
-630.000
31
2594.000
0
LINE
8
TOPO-EXIST
10
540.000
20
-632.000
30
2594.000
11
540.000
21
-632.000
31
2594.000
0
LINE
8
TOPO-EXIST
10
542.000
20
-634.000
30
2594.000
11
540.000
21
-632.000
31
2594.000
0
LINE
8
TOPO-EXIST
10
542.000
20
-634.000
30
2594.000
11
542.000
21
-634.000
31
2594.000
0
LINE
8
TOPO-EXIST
10
544.000
20
-636.000
30
2594.000
11
542.000
21
-634.000
31
2594.000
0
LINE
8
TOPO-EXIST
10
544.000
20
-636.000
30
2594.000
11
544.000
21
-638.000
31
2594.000
0
LINE
8
TOPO-EXIST
10
544.000
20
-638.000
30
2594.000
11
544.000
21
-638.000
31
2594.000
0
LINE
8
TOPO-EXIST
10
546.000
20
-640.000
30
2594.000
11
544.000
21
-638.000
31
2594.000
0
LINE
8
TOPO-EXIST
10
546.000
20
-640.000
30
2594.000
11
546.000
21
-640.000
31
2594.000
0
LINE
8
TOPO-EXIST
10
548.000
20
-642.000
30
2594.000
11
546.000
21
-640.000
31
2594.000
0
LINE
8
TOPO-EXIST
10
548.000
20
-642.000
30
2594.000
11
548.000
21
-644.000
31
2594.000
0
LINE
8
TOPO-EXIST
10
548.000
20
-644.000
30
2594.000
11
548.000
21
-644.000
31
2594.000
0
LINE
8
TOPO-EXIST
10
550.000
20
-646.000
30
2594.000
11
548.000
21
-644.000
31
2594.000
0
LINE
8
TOPO-EXIST
10
550.000
20
-646.000
30
2594.000
11
550.000
21
-646.000
31
2594.000
0
LINE
8
TOPO-EXIST
10
552.000
20
-648.000
30
2594.000
11
550.000
21
-646.000
31
2594.000
0
LINE
8
TOPO-EXIST
10
552.000
20
-648.000
30
2594.000
11
552.000
21
-650.000
31
2594.000
0
LINE
8
TOPO-EXIST
10
552.000
20
-650.000
30
2594.000
11
552.000
21
-650.000
31
2594.000
0
LINE
8
TOPO-EXIST
10
554.000
20
-652.000
30
2594.000
11
552.000
21
-650.000
31
2594.000
0
LINE
8
TOPO-EXIST
10
554.000
20
-652.000
30
2594.000
11
554.000
21
-652.000
31
2594.000
0
LINE
8
TOPO-EXIST
10
556.000
20
-654.000
30
2594.000
11
554.000
21
-652.000
31
2594.000
0
LINE
8
TOPO-EXIST
10
556.000
20
-654.000
30
2594.000
11
556.000
21
-656.000
31
2594.000
0
LINE
8
TOPO-EXIST
10
556.000
20
-656.000
30
2594.000
11
556.000
21
-656.000
31
2594.000
0
LINE
8
TOPO-EXIST
10
558.000
20
-658.000
30
2594.000
11
556.000
21
-656.000
31
2594.000
0
LINE
8
TOPO-EXIST
10
558.000
20
-658.000
30
2594.000
11
558.000
21
-660.000
31
2594.000
0
LINE
8
TOPO-EXIST
10
558.000
20
-660.000
30
2594.000
11
558.000
21
-660.000
31
2594.000
0
LINE
8
TOPO-EXIST
10
560.000
20
-662.000
30
2594.000
11
558.000
21
-660.000
31
2594.000
0
LINE
8
TOPO-EXIST
10
560.000
20
-662.000
30
2594.000
11
560.000
21
-664.000
31
2594.000
0
LINE
8
TOPO-EXIST
10
560.000
20
-664.000
30
2594.000
11
560.000
21
-664.000
31
2594.000
0
LINE
8
TOPO-EXIST
10
562.000
20
-666.000
30
2594.000
11
560.000
21
-664.000
31
2594.000
0
LINE
8
TOPO-EXIST
10
562.000
20
-666.000
30
2594.000
11
562.000
21
-668.000
31
2594.000
0
LINE
8
TOPO-EXIST
10
562.000
20
-668.000
30
2594.000
11
562.000
21
-668.000
31
2594.000
0
LINE
8
TOPO-EXIST
10
564.000
20
-670.000
30
2594.000
11
562.000
21
-668.000
31
2594.000
0
LINE
8
TOPO-EXIST
10
564.000
20
-670.000
30
2594.000
11
564.000
21
-672.000
31
2594.000
0
LINE
8
TOPO-EXIST
10
564.000
20
-672.000
30
2594.000
11
564.000
21
-674.000
31
2594.000
0
LINE
8
TOPO-EXIST
10
564.000
20
-674.000
30
2594.000
11
564.000
21
-676.000
31
2594.000
0
LINE
8
TOPO-EXIST
10
564.000
20
-676.000
30
2594.000
11
564.000
21
-676.000
31
2594.000
0
LINE
8
TOPO-EXIST
10
566.000
20
-676.000
30
2594.000
11
564.000
21
-676.000
31
2594.000
0
LINE
8
TOPO-EXIST
10
568.000
20
-676.000
30
2594.000
11
566.000
21
-676.000
31
2594.000
0
LINE
8
TOPO-EXIST
10
570.000
20
-676.000
30
2594.000
11
568.000
21
-676.000
31
2594.000
0
LINE
8
TOPO-EXIST
10
572.000
20
-676.000
30
2594.000
11
570.000
21
-676.000
31
2594.000
0
LINE
8
TOPO-EXIST
10
574.000
20
-676.000
30
2594.000
11
572.000
21
-676.000
31
2594.000
0
LINE
8
TOPO-EXIST
10
576.000
20
-678.000
30
2594.000
11
574.000
21
-676.000
31
2594.000
0
LINE
8
TOPO-EXIST
10
582.000
20
-676.000
30
2594.000
11
580.000
21
-678.000
31
2594.000
0
LINE
8
TOPO-EXIST
10
584.000
20
-676.000
30
2594.000
11
582.000
21
-676.000
31
2594.000
0
LINE
8
TOPO-EXIST
10
586.000
20
-676.000
30
2594.000
11
584.000
21
-676.000
31
2594.000
0
LINE
8
TOPO-EXIST
10
588.000
20
-676.000
30
2594.000
11
586.000
21
-676.000
31
2594.000
0
LINE
8
TOPO-EXIST
10
590.000
20
-676.000
30
2594.000
11
588.000
21
-676.000
31
2594.000
0
LINE
8
TOPO-EXIST
10
592.000
20
-676.000
30
2594.000
11
590.000
21
-676.000
31
2594.000
0
LINE
8
TOPO-EXIST
10
594.000
20
-676.000
30
2594.000
11
592.000
21
-676.000
31
2594.000
0
LINE
8
TOPO-EXIST
10
596.000
20
-676.000
30
2594.000
11
594.000
21
-676.000
31
2594.000
0
LINE
8
TOPO-EXIST
10
598.000
20
-676.000
30
2594.000
11
596.000
21
-676.000
31
2594.000
0
LINE
8
TOPO-EXIST
10
600.000
20
-676.000
30
2594.000
11
598.000
21
-676.000
31
2594.000
0
LINE
8
TOPO-EXIST
10
602.000
20
-676.000
30
2594.000
11
600.000
21
-676.000
31
2594.000
0
LINE
8
TOPO-EXIST
10
604.000
20
-676.000
30
2594.000
11
602.000
21
-676.000
31
2594.000
0
LINE
8
TOPO-EXIST
10
606.000
20
-676.000
30
2594.000
11
604.000
21
-676.000
31
2594.000
0
LINE
8
TOPO-EXIST
10
608.000
20
-676.000
30
2594.000
11
606.000
21
-676.000
31
2594.000
0
LINE
8
TOPO-EXIST
10
610.000
20
-676.571
30
2594.000
11
608.000
21
-676.000
31
2594.000
0
LINE
8
TOPO-EXIST
10
612.000
20
-676.571
30
2594.000
11
610.000
21
-676.571
31
2594.000
0
LINE
8
TOPO-EXIST
10
614.000
20
-676.667
30
2594.000
11
612.000
21
-676.571
31
2594.000
0
LINE
8
TOPO-EXIST
10
616.000
20
-677.200
30
2594.000
11
614.000
21
-676.667
31
2594.000
0
LINE
8
TOPO-EXIST
10
618.000
20
-678.000
30
2594.000
11
616.000
21
-677.200
31
2594.000
0
LINE
8
TOPO-EXIST
10
576.000
20
-678.000
30
2594.000
11
576.000
21
-678.000
31
2594.000
0
LINE
8
TOPO-EXIST
10
578.000
20
-678.000
30
2594.000
11
576.000
21
-678.000
31
2594.000
0
LINE
8
TOPO-EXIST
10
580.000
20
-678.000
30
2594.000
11
578.000
21
-678.000
31
2594.000
0
LINE
8
TOPO-EXIST
10
580.000
20
-678.000
30
2594.000
11
580.000
21
-678.000
31
2594.000
0
LINE
8
TOPO-EXIST
10
618.000
20
-678.000
30
2594.000
11
618.000
21
-678.000
31
2594.000
0
LINE
8
TOPO-EXIST
10
620.000
20
-678.333
30
2594.000
11
618.000
21
-678.000
31
2594.000
0
LINE
8
TOPO-EXIST
10
622.000
20
-678.667
30
2594.000
11
620.000
21
-678.333
31
2594.000
0
LINE
8
TOPO-EXIST
10
624.000
20
-679.000
30
2594.000
11
622.000
21
-678.667
31
2594.000
0
LINE
8
TOPO-EXIST
10
626.000
20
-679.000
30
2594.000
11
624.000
21
-679.000
31
2594.000
0
LINE
8
TOPO-EXIST
10
628.000
20
-679.000
30
2594.000
11
626.000
21
-679.000
31
2594.000
0
LINE
8
TOPO-EXIST
10
630.000
20
-679.333
30
2594.000
11
628.000
21
-679.000
31
2594.000
0
LINE
8
TOPO-EXIST
10
632.000
20
-679.333
30
2594.000
11
630.000
21
-679.333
31
2594.000
0
LINE
8
TOPO-EXIST
10
634.000
20
-680.000
30
2594.000
11
632.000
21
-679.333
31
2594.000
0
LINE
8
TOPO-EXIST
10
634.000
20
-680.000
30
2594.000
11
634.000
21
-680.000
31
2594.000
0
LINE
8
TOPO-EXIST
10
636.000
20
-680.000
30
2594.000
11
634.000
21
-680.000
31
2594.000
0
LINE
8
TOPO-EXIST
10
638.000
20
-680.667
30
2594.000
11
636.000
21
-680.000
31
2594.000
0
LINE
8
TOPO-EXIST
10
640.000
20
-681.000
30
2594.000
11
638.000
21
-680.667
31
2594.000
0
LINE
8
TOPO-EXIST
10
642.000
20
-681.000
30
2594.000
11
640.000
21
-681.000
31
2594.000
0
LINE
8
TOPO-EXIST
10
644.000
20
-681.000
30
2594.000
11
642.000
21
-681.000
31
2594.000
0
LINE
8
TOPO-EXIST
10
646.000
20
-681.143
30
2594.000
11
644.000
21
-681.000
31
2594.000
0
LINE
8
TOPO-EXIST
10
648.000
20
-680.857
30
2594.000
11
646.000
21
-681.143
31
2594.000
0
LINE
8
TOPO-EXIST
10
650.000
20
-680.571
30
2594.000
11
648.000
21
-680.857
31
2594.000
0
LINE
8
TOPO-EXIST
10
652.000
20
-680.667
30
2594.000
11
650.000
21
-680.571
31
2594.000
0
LINE
8
TOPO-EXIST
10
654.000
20
-680.800
30
2594.000
11
652.000
21
-680.667
31
2594.000
0
LINE
8
TOPO-EXIST
10
656.000
20
-681.000
30
2594.000
11
654.000
21
-680.800
31
2594.000
0
LINE
8
TOPO-EXIST
10
658.000
20
-681.333
30
2594.000
11
656.000
21
-681.000
31
2594.000
0
LINE
8
TOPO-EXIST
10
660.000
20
-681.333
30
2594.000
11
658.000
21
-681.333
31
2594.000
0
LINE
8
TOPO-EXIST
10
662.000
20
-682.000
30
2594.000
11
660.000
21
-681.333
31
2594.000
0
LINE
8
TOPO-EXIST
10
662.000
20
-682.000
30
2594.000
11
662.000
21
-682.000
31
2594.000
0
LINE
8
TOPO-EXIST
10
664.000
20
-682.000
30
2594.000
11
662.000
21
-682.000
31
2594.000
0
LINE
8
TOPO-EXIST
10
666.000
20
-682.000
30
2594.000
11
664.000
21
-682.000
31
2594.000
0
LINE
8
TOPO-EXIST
10
668.000
20
-684.000
30
2594.000
11
666.000
21
-682.000
31
2594.000
0
LINE
8
TOPO-EXIST
10
668.000
20
-684.000
30
2594.000
11
668.000
21
-686.000
31
2594.000
0
LINE
8
TOPO-EXIST
10
668.000
20
-686.000
30
2594.000
11
668.000
21
-686.000
31
2594.000
0
LINE
8
TOPO-EXIST
10
670.000
20
-688.000
30
2594.000
11
668.000
21
-686.000
31
2594.000
0
LINE
8
TOPO-EXIST
10
670.000
20
-688.000
30
2594.000
11
670.000
21
-690.000
31
2594.000
0
LINE
8
TOPO-EXIST
10
670.000
20
-690.000
30
2594.000
11
670.000
21
-690.000
31
2594.000
0
LINE
8
TOPO-EXIST
10
672.000
20
-692.000
30
2594.000
11
670.000
21
-690.000
31
2594.000
0
LINE
8
TOPO-EXIST
10
672.000
20
-692.000
30
2594.000
11
672.000
21
-694.000
31
2594.000
0
LINE
8
TOPO-EXIST
10
672.000
20
-694.000
30
2594.000
11
672.000
21
-694.000
31
2594.000
0
LINE
8
TOPO-EXIST
10
674.000
20
-696.000
30
2594.000
11
672.000
21
-694.000
31
2594.000
0
LINE
8
TOPO-EXIST
10
674.000
20
-696.000
30
2594.000
11
674.000
21
-698.000
31
2594.000
0
LINE
8
TOPO-EXIST
10
674.000
20
-698.000
30
2594.000
11
674.000
21
-700.000
31
2594.000
0
LINE
8
TOPO-EXIST
10
674.000
20
-700.000
30
2594.000
11
674.000
21
-700.000
31
2594.000
0
LINE
8
TOPO-EXIST
10
676.000
20
-702.000
30
2594.000
11
674.000
21
-700.000
31
2594.000
0
LINE
8
TOPO-EXIST
10
676.000
20
-702.000
30
2594.000
11
676.000
21
-704.000
31
2594.000
0
LINE
8
TOPO-EXIST
10
676.000
20
-704.000
30
2594.000
11
676.000
21
-704.000
31
2594.000
0
LINE
8
TOPO-EXIST
10
678.000
20
-706.000
30
2594.000
11
676.000
21
-704.000
31
2594.000
0
LINE
8
TOPO-EXIST
10
678.000
20
-706.000
30
2594.000
11
678.000
21
-708.000
31
2594.000
0
LINE
8
TOPO-EXIST
10
678.000
20
-708.000
30
2594.000
11
678.000
21
-708.000
31
2594.000
0
LINE
8
TOPO-EXIST
10
680.000
20
-710.000
30
2594.000
11
678.000
21
-708.000
31
2594.000
0
LINE
8
TOPO-EXIST
10
680.000
20
-710.000
30
2594.000
11
680.000
21
-712.000
31
2594.000
0
LINE
8
TOPO-EXIST
10
680.000
20
-712.000
30
2594.000
11
680.000
21
-714.000
31
2594.000
0
LINE
8
TOPO-EXIST
10
680.000
20
-714.000
30
2594.000
11
680.000
21
-714.000
31
2594.000
0
LINE
8
TOPO-EXIST
10
682.000
20
-716.000
30
2594.000
11
680.000
21
-714.000
31
2594.000
0
LINE
8
TOPO-EXIST
10
682.000
20
-716.000
30
2594.000
11
682.000
21
-718.000
31
2594.000
0
LINE
8
TOPO-EXIST
10
682.000
20
-718.000
30
2594.000
11
682.000
21
-718.000
31
2594.000
0
LINE
8
TOPO-EXIST
10
684.000
20
-720.000
30
2594.000
11
682.000
21
-718.000
31
2594.000
0
LINE
8
TOPO-EXIST
10
684.000
20
-720.000
30
2594.000
11
684.000
21
-722.000
31
2594.000
0
LINE
8
TOPO-EXIST
10
684.000
20
-722.000
30
2594.000
11
684.000
21
-724.000
31
2594.000
0
LINE
8
TOPO-EXIST
10
684.000
20
-724.000
30
2594.000
11
684.000
21
-726.000
31
2594.000
0
LINE
8
TOPO-EXIST
10
682.000
20
-728.000
30
2594.000
11
682.000
21
-728.000
31
2594.000
0
LINE
8
TOPO-EXIST
10
684.000
20
-726.000
30
2594.000
11
682.000
21
-728.000
31
2594.000
0
LINE
8
TOPO-EXIST
10
682.000
20
-728.000
30
2594.000
11
682.000
21
-730.000
31
2594.000
0
LINE
8
TOPO-EXIST
10
682.000
20
-730.000
30
2594.000
11
682.000
21
-732.000
31
2594.000
0
LINE
8
TOPO-EXIST
10
680.000
20
-734.000
30
2594.000
11
680.000
21
-734.000
31
2594.000
0
LINE
8
TOPO-EXIST
10
682.000
20
-732.000
30
2594.000
11
680.000
21
-734.000
31
2594.000
0
LINE
8
TOPO-EXIST
10
680.000
20
-734.000
30
2594.000
11
680.000
21
-736.000
31
2594.000
0
LINE
8
TOPO-EXIST
10
680.000
20
-736.000
30
2594.000
11
680.000
21
-738.000
31
2594.000
0
LINE
8
TOPO-EXIST
10
680.000
20
-738.000
30
2594.000
11
680.000
21
-740.000
31
2594.000
0
LINE
8
TOPO-EXIST
10
680.000
20
-740.000
30
2594.000
11
680.000
21
-742.000
31
2594.000
0
LINE
8
TOPO-EXIST
10
680.000
20
-742.000
30
2594.000
11
680.000
21
-744.000
31
2594.000
0
LINE
8
TOPO-EXIST
10
680.000
20
-744.000
30
2594.000
11
680.000
21
-746.000
31
2594.000
0
LINE
8
TOPO-EXIST
10
680.000
20
-746.000
30
2594.000
11
680.000
21
-746.000
31
2594.000
0
LINE
8
TOPO-EXIST
10
682.000
20
-748.000
30
2594.000
11
680.000
21
-746.000
31
2594.000
0
LINE
8
TOPO-EXIST
10
682.000
20
-748.000
30
2594.000
11
682.000
21
-750.000
31
2594.000
0
LINE
8
TOPO-EXIST
10
682.000
20
-750.000
30
2594.000
11
682.000
21
-750.000
31
2594.000
0
LINE
8
TOPO-EXIST
10
682.667
20
-752.000
30
2594.000
11
682.000
21
-750.000
31
2594.000
0
LINE
8
TOPO-EXIST
10
682.667
20
-752.000
30
2594.000
11
684.000
21
-754.000
31
2594.000
0
LINE
8
TOPO-EXIST
10
684.000
20
-754.000
30
2594.000
11
684.000
21
-754.000
31
2594.000
0
LINE
8
TOPO-EXIST
10
684.667
20
-756.000
30
2594.000
11
684.000
21
-754.000
31
2594.000
0
LINE
8
TOPO-EXIST
10
684.667
20
-756.000
30
2594.000
11
686.000
21
-758.000
31
2594.000
0
LINE
8
TOPO-EXIST
10
686.000
20
-758.000
30
2594.000
11
686.000
21
-760.000
31
2594.000
0
LINE
8
TOPO-EXIST
10
686.000
20
-760.000
30
2594.000
11
686.000
21
-760.000
31
2594.000
0
LINE
8
TOPO-EXIST
10
688.000
20
-762.000
30
2594.000
11
686.000
21
-760.000
31
2594.000
0
LINE
8
TOPO-EXIST
10
688.000
20
-762.000
30
2594.000
11
688.000
21
-764.000
31
2594.000
0
LINE
8
TOPO-EXIST
10
688.000
20
-764.000
30
2594.000
11
688.000
21
-764.000
31
2594.000
0
LINE
8
TOPO-EXIST
10
690.000
20
-766.000
30
2594.000
11
688.000
21
-764.000
31
2594.000
0
LINE
8
TOPO-EXIST
10
690.000
20
-766.000
30
2594.000
11
690.000
21
-768.000
31
2594.000
0
LINE
8
TOPO-EXIST
10
690.000
20
-768.000
30
2594.000
11
690.000
21
-768.000
31
2594.000
0
LINE
8
TOPO-EXIST
10
692.000
20
-770.000
30
2594.000
11
690.000
21
-768.000
31
2594.000
0
LINE
8
TOPO-EXIST
10
692.000
20
-770.000
30
2594.000
11
692.000
21
-770.000
31
2594.000
0
LINE
8
TOPO-EXIST
10
694.000
20
-770.000
30
2594.000
11
692.000
21
-770.000
31
2594.000
0
LINE
8
TOPO-EXIST
10
696.000
20
-772.000
30
2594.000
11
694.000
21
-770.000
31
2594.000
0
LINE
8
TOPO-EXIST
10
696.000
20
-772.000
30
2594.000
11
696.000
21
-772.000
31
2594.000
0
LINE
8
TOPO-EXIST
10
698.000
20
-774.000
30
2594.000
11
696.000
21
-772.000
31
2594.000
0
LINE
8
TOPO-EXIST
10
698.000
20
-774.000
30
2594.000
11
698.000
21
-774.000
31
2594.000
0
LINE
8
TOPO-EXIST
10
700.000
20
-776.000
30
2594.000
11
698.000
21
-774.000
31
2594.000
0
LINE
8
TOPO-EXIST
10
700.000
20
-776.000
30
2594.000
11
700.000
21
-776.000
31
2594.000
0
LINE
8
TOPO-EXIST
10
702.000
20
-778.000
30
2594.000
11
700.000
21
-776.000
31
2594.000
0
LINE
8
TOPO-EXIST
10
702.000
20
-778.000
30
2594.000
11
702.000
21
-780.000
31
2594.000
0
LINE
8
TOPO-EXIST
10
508.000
20
-568.000
30
2595.000
11
506.000
21
-570.000
31
2595.000
0
LINE
8
TOPO-EXIST
10
510.000
20
-568.000
30
2595.000
11
508.000
21
-568.000
31
2595.000
0
LINE
8
TOPO-EXIST
10
512.000
20
-568.000
30
2595.000
11
510.000
21
-568.000
31
2595.000
0
LINE
8
TOPO-EXIST
10
514.000
20
-570.000
30
2595.000
11
512.000
21
-568.000
31
2595.000
0
LINE
8
TOPO-EXIST
10
484.000
20
-570.000
30
2595.000
11
482.000
21
-572.000
31
2595.000
0
LINE
8
TOPO-EXIST
10
486.000
20
-570.000
30
2595.000
11
484.000
21
-570.000
31
2595.000
0
LINE
8
TOPO-EXIST
10
488.000
20
-570.000
30
2595.000
11
486.000
21
-570.000
31
2595.000
0
LINE
8
TOPO-EXIST
10
490.000
20
-570.000
30
2595.000
11
488.000
21
-570.000
31
2595.000
0
LINE
8
TOPO-EXIST
10
492.000
20
-570.000
30
2595.000
11
490.000
21
-570.000
31
2595.000
0
LINE
8
TOPO-EXIST
10
494.000
20
-570.000
30
2595.000
11
492.000
21
-570.000
31
2595.000
0
LINE
8
TOPO-EXIST
10
496.000
20
-570.000
30
2595.000
11
494.000
21
-570.000
31
2595.000
0
LINE
8
TOPO-EXIST
10
498.000
20
-570.000
30
2595.000
11
496.000
21
-570.000
31
2595.000
0
LINE
8
TOPO-EXIST
10
500.000
20
-570.000
30
2595.000
11
498.000
21
-570.000
31
2595.000
0
LINE
8
TOPO-EXIST
10
502.000
20
-570.000
30
2595.000
11
500.000
21
-570.000
31
2595.000
0
LINE
8
TOPO-EXIST
10
504.000
20
-570.000
30
2595.000
11
502.000
21
-570.000
31
2595.000
0
LINE
8
TOPO-EXIST
10
506.000
20
-570.000
30
2595.000
11
504.000
21
-570.000
31
2595.000
0
LINE
8
TOPO-EXIST
10
506.000
20
-570.000
30
2595.000
11
506.000
21
-570.000
31
2595.000
0
LINE
8
TOPO-EXIST
10
514.000
20
-570.000
30
2595.000
11
514.000
21
-570.000
31
2595.000
0
LINE
8
TOPO-EXIST
10
516.000
20
-570.000
30
2595.000
11
514.000
21
-570.000
31
2595.000
0
LINE
8
TOPO-EXIST
10
518.000
20
-570.000
30
2595.000
11
516.000
21
-570.000
31
2595.000
0
LINE
8
TOPO-EXIST
10
520.000
20
-572.000
30
2595.000
11
518.000
21
-570.000
31
2595.000
0
LINE
8
TOPO-EXIST
10
482.000
20
-572.000
30
2595.000
11
480.000
21
-574.000
31
2595.000
0
LINE
8
TOPO-EXIST
10
482.000
20
-572.000
30
2595.000
11
482.000
21
-572.000
31
2595.000
0
LINE
8
TOPO-EXIST
10
520.000
20
-572.000
30
2595.000
11
520.000
21
-572.000
31
2595.000
0
LINE
8
TOPO-EXIST
10
522.000
20
-572.000
30
2595.000
11
520.000
21
-572.000
31
2595.000
0
LINE
8
TOPO-EXIST
10
524.000
20
-572.000
30
2595.000
11
522.000
21
-572.000
31
2595.000
0
LINE
8
TOPO-EXIST
10
526.000
20
-572.000
30
2595.000
11
524.000
21
-572.000
31
2595.000
0
LINE
8
TOPO-EXIST
10
528.000
20
-574.000
30
2595.000
11
526.000
21
-572.000
31
2595.000
0
LINE
8
TOPO-EXIST
10
480.000
20
-574.000
30
2595.000
11
478.000
21
-576.000
31
2595.000
0
LINE
8
TOPO-EXIST
10
480.000
20
-574.000
30
2595.000
11
480.000
21
-574.000
31
2595.000
0
LINE
8
TOPO-EXIST
10
528.000
20
-574.000
30
2595.000
11
528.000
21
-574.000
31
2595.000
0
LINE
8
TOPO-EXIST
10
530.000
20
-576.000
30
2595.000
11
528.000
21
-574.000
31
2595.000
0
LINE
8
TOPO-EXIST
10
442.000
20
-578.000
30
2595.000
11
440.000
21
-576.000
31
2595.000
0
LINE
8
TOPO-EXIST
10
478.000
20
-576.000
30
2595.000
11
478.000
21
-578.000
31
2595.000
0
LINE
8
TOPO-EXIST
10
530.000
20
-576.000
30
2595.000
11
530.000
21
-576.000
31
2595.000
0
LINE
8
TOPO-EXIST
10
532.000
20
-576.000
30
2595.000
11
530.000
21
-576.000
31
2595.000
0
LINE
8
TOPO-EXIST
10
534.000
20
-576.000
30
2595.000
11
532.000
21
-576.000
31
2595.000
0
LINE
8
TOPO-EXIST
10
536.000
20
-578.000
30
2595.000
11
534.000
21
-576.000
31
2595.000
0
LINE
8
TOPO-EXIST
10
442.000
20
-578.000
30
2595.000
11
442.000
21
-578.000
31
2595.000
0
LINE
8
TOPO-EXIST
10
444.000
20
-578.000
30
2595.000
11
442.000
21
-578.000
31
2595.000
0
LINE
8
TOPO-EXIST
10
446.000
20
-580.000
30
2595.000
11
444.000
21
-578.000
31
2595.000
0
LINE
8
TOPO-EXIST
10
478.000
20
-578.000
30
2595.000
11
476.000
21
-580.000
31
2595.000
0
LINE
8
TOPO-EXIST
10
478.000
20
-578.000
30
2595.000
11
478.000
21
-578.000
31
2595.000
0
LINE
8
TOPO-EXIST
10
536.000
20
-578.000
30
2595.000
11
536.000
21
-578.000
31
2595.000
0
LINE
8
TOPO-EXIST
10
538.000
20
-578.000
30
2595.000
11
536.000
21
-578.000
31
2595.000
0
LINE
8
TOPO-EXIST
10
540.000
20
-580.000
30
2595.000
11
538.000
21
-578.000
31
2595.000
0
LINE
8
TOPO-EXIST
10
446.000
20
-580.000
30
2595.000
11
446.000
21
-580.000
31
2595.000
0
LINE
8
TOPO-EXIST
10
448.000
20
-580.000
30
2595.000
11
446.000
21
-580.000
31
2595.000
0
LINE
8
TOPO-EXIST
10
450.000
20
-582.000
30
2595.000
11
448.000
21
-580.000
31
2595.000
0
LINE
8
TOPO-EXIST
10
476.000
20
-580.000
30
2595.000
11
476.000
21
-582.000
31
2595.000
0
LINE
8
TOPO-EXIST
10
540.000
20
-580.000
30
2595.000
11
540.000
21
-580.000
31
2595.000
0
LINE
8
TOPO-EXIST
10
542.000
20
-580.000
30
2595.000
11
540.000
21
-580.000
31
2595.000
0
LINE
8
TOPO-EXIST
10
544.000
20
-580.000
30
2595.000
11
542.000
21
-580.000
31
2595.000
0
LINE
8
TOPO-EXIST
10
546.000
20
-580.000
30
2595.000
11
544.000
21
-580.000
31
2595.000
0
LINE
8
TOPO-EXIST
10
548.000
20
-580.000
30
2595.000
11
546.000
21
-580.000
31
2595.000
0
LINE
8
TOPO-EXIST
10
550.000
20
-580.000
30
2595.000
11
548.000
21
-580.000
31
2595.000
0
LINE
8
TOPO-EXIST
10
552.000
20
-580.000
30
2595.000
11
550.000
21
-580.000
31
2595.000
0
LINE
8
TOPO-EXIST
10
554.000
20
-580.000
30
2595.000
11
552.000
21
-580.000
31
2595.000
0
LINE
8
TOPO-EXIST
10
556.000
20
-580.000
30
2595.000
11
554.000
21
-580.000
31
2595.000
0
LINE
8
TOPO-EXIST
10
558.000
20
-580.667
30
2595.000
11
556.000
21
-580.000
31
2595.000
0
LINE
8
TOPO-EXIST
10
560.000
20
-580.667
30
2595.000
11
558.000
21
-580.667
31
2595.000
0
LINE
8
TOPO-EXIST
10
562.000
20
-580.667
30
2595.000
11
560.000
21
-580.667
31
2595.000
0
LINE
8
TOPO-EXIST
10
564.000
20
-580.667
30
2595.000
11
562.000
21
-580.667
31
2595.000
0
LINE
8
TOPO-EXIST
10
566.000
20
-581.500
30
2595.000
11
564.000
21
-580.667
31
2595.000
0
LINE
8
TOPO-EXIST
10
568.000
20
-581.600
30
2595.000
11
566.000
21
-581.500
31
2595.000
0
LINE
8
TOPO-EXIST
10
570.000
20
-582.000
30
2595.000
11
568.000
21
-581.600
31
2595.000
0
LINE
8
TOPO-EXIST
10
450.000
20
-582.000
30
2595.000
11
450.000
21
-582.000
31
2595.000
0
LINE
8
TOPO-EXIST
10
452.000
20
-582.000
30
2595.000
11
450.000
21
-582.000
31
2595.000
0
LINE
8
TOPO-EXIST
10
454.000
20
-584.000
30
2595.000
11
452.000
21
-582.000
31
2595.000
0
LINE
8
TOPO-EXIST
10
474.000
20
-582.000
30
2595.000
11
472.000
21
-584.000
31
2595.000
0
LINE
8
TOPO-EXIST
10
476.000
20
-582.000
30
2595.000
11
474.000
21
-582.000
31
2595.000
0
LINE
8
TOPO-EXIST
10
476.000
20
-582.000
30
2595.000
11
476.000
21
-582.000
31
2595.000
0
LINE
8
TOPO-EXIST
10
570.000
20
-582.000
30
2595.000
11
570.000
21
-582.000
31
2595.000
0
LINE
8
TOPO-EXIST
10
572.000
20
-582.000
30
2595.000
11
570.000
21
-582.000
31
2595.000
0
LINE
8
TOPO-EXIST
10
574.000
20
-583.200
30
2595.000
11
572.000
21
-582.000
31
2595.000
0
LINE
8
TOPO-EXIST
10
576.000
20
-584.000
30
2595.000
11
574.000
21
-583.200
31
2595.000
0
LINE
8
TOPO-EXIST
10
454.000
20
-584.000
30
2595.000
11
454.000
21
-584.000
31
2595.000
0
LINE
8
TOPO-EXIST
10
456.000
20
-584.000
30
2595.000
11
454.000
21
-584.000
31
2595.000
0
LINE
8
TOPO-EXIST
10
458.000
20
-584.000
30
2595.000
11
456.000
21
-584.000
31
2595.000
0
LINE
8
TOPO-EXIST
10
460.000
20
-584.000
30
2595.000
11
458.000
21
-584.000
31
2595.000
0
LINE
8
TOPO-EXIST
10
462.000
20
-584.000
30
2595.000
11
460.000
21
-584.000
31
2595.000
0
LINE
8
TOPO-EXIST
10
464.000
20
-586.000
30
2595.000
11
462.000
21
-584.000
31
2595.000
0
LINE
8
TOPO-EXIST
10
468.000
20
-584.000
30
2595.000
11
466.000
21
-586.000
31
2595.000
0
LINE
8
TOPO-EXIST
10
470.000
20
-584.000
30
2595.000
11
468.000
21
-584.000
31
2595.000
0
LINE
8
TOPO-EXIST
10
472.000
20
-584.000
30
2595.000
11
470.000
21
-584.000
31
2595.000
0
LINE
8
TOPO-EXIST
10
472.000
20
-584.000
30
2595.000
11
472.000
21
-584.000
31
2595.000
0
LINE
8
TOPO-EXIST
10
576.000
20
-584.000
30
2595.000
11
576.000
21
-584.000
31
2595.000
0
LINE
8
TOPO-EXIST
10
578.000
20
-584.000
30
2595.000
11
576.000
21
-584.000
31
2595.000
0
LINE
8
TOPO-EXIST
10
580.000
20
-586.000
30
2595.000
11
578.000
21
-584.000
31
2595.000
0
LINE
8
TOPO-EXIST
10
464.000
20
-586.000
30
2595.000
11
464.000
21
-586.000
31
2595.000
0
LINE
8
TOPO-EXIST
10
466.000
20
-586.000
30
2595.000
11
464.000
21
-586.000
31
2595.000
0
LINE
8
TOPO-EXIST
10
466.000
20
-586.000
30
2595.000
11
466.000
21
-586.000
31
2595.000
0
LINE
8
TOPO-EXIST
10
580.000
20
-586.000
30
2595.000
11
580.000
21
-586.000
31
2595.000
0
LINE
8
TOPO-EXIST
10
582.000
20
-586.000
30
2595.000
11
580.000
21
-586.000
31
2595.000
0
LINE
8
TOPO-EXIST
10
584.000
20
-588.000
30
2595.000
11
582.000
21
-586.000
31
2595.000
0
LINE
8
TOPO-EXIST
10
584.000
20
-588.000
30
2595.000
11
584.000
21
-588.000
31
2595.000
0
LINE
8
TOPO-EXIST
10
586.000
20
-590.000
30
2595.000
11
584.000
21
-588.000
31
2595.000
0
LINE
8
TOPO-EXIST
10
586.000
20
-590.000
30
2595.000
11
586.000
21
-590.000
31
2595.000
0
LINE
8
TOPO-EXIST
10
588.000
20
-590.000
30
2595.000
11
586.000
21
-590.000
31
2595.000
0
LINE
8
TOPO-EXIST
10
590.000
20
-590.000
30
2595.000
11
588.000
21
-590.000
31
2595.000
0
LINE
8
TOPO-EXIST
10
592.000
20
-592.000
30
2595.000
11
590.000
21
-590.000
31
2595.000
0
LINE
8
TOPO-EXIST
10
592.000
20
-592.000
30
2595.000
11
592.000
21
-592.000
31
2595.000
0
LINE
8
TOPO-EXIST
10
594.000
20
-594.000
30
2595.000
11
592.000
21
-592.000
31
2595.000
0
LINE
8
TOPO-EXIST
10
594.000
20
-594.000
30
2595.000
11
594.000
21
-594.000
31
2595.000
0
LINE
8
TOPO-EXIST
10
596.000
20
-594.000
30
2595.000
11
594.000
21
-594.000
31
2595.000
0
LINE
8
TOPO-EXIST
10
598.000
20
-596.000
30
2595.000
11
596.000
21
-594.000
31
2595.000
0
LINE
8
TOPO-EXIST
10
598.000
20
-596.000
30
2595.000
11
598.000
21
-596.000
31
2595.000
0
LINE
8
TOPO-EXIST
10
600.000
20
-598.000
30
2595.000
11
598.000
21
-596.000
31
2595.000
0
LINE
8
TOPO-EXIST
10
600.000
20
-598.000
30
2595.000
11
600.000
21
-598.000
31
2595.000
0
LINE
8
TOPO-EXIST
10
602.000
20
-600.000
30
2595.000
11
600.000
21
-598.000
31
2595.000
0
LINE
8
TOPO-EXIST
10
602.000
20
-600.000
30
2595.000
11
602.000
21
-600.000
31
2595.000
0
LINE
8
TOPO-EXIST
10
604.000
20
-602.000
30
2595.000
11
602.000
21
-600.000
31
2595.000
0
LINE
8
TOPO-EXIST
10
604.000
20
-602.000
30
2595.000
11
604.000
21
-602.000
31
2595.000
0
LINE
8
TOPO-EXIST
10
606.000
20
-604.000
30
2595.000
11
604.000
21
-602.000
31
2595.000
0
LINE
8
TOPO-EXIST
10
606.000
20
-604.000
30
2595.000
11
606.000
21
-604.000
31
2595.000
0
LINE
8
TOPO-EXIST
10
608.000
20
-606.000
30
2595.000
11
606.000
21
-604.000
31
2595.000
0
LINE
8
TOPO-EXIST
10
608.000
20
-606.000
30
2595.000
11
608.000
21
-606.000
31
2595.000
0
LINE
8
TOPO-EXIST
10
610.000
20
-606.000
30
2595.000
11
608.000
21
-606.000
31
2595.000
0
LINE
8
TOPO-EXIST
10
612.000
20
-608.000
30
2595.000
11
610.000
21
-606.000
31
2595.000
0
LINE
8
TOPO-EXIST
10
612.000
20
-608.000
30
2595.000
11
612.000
21
-608.000
31
2595.000
0
LINE
8
TOPO-EXIST
10
614.000
20
-610.000
30
2595.000
11
612.000
21
-608.000
31
2595.000
0
LINE
8
TOPO-EXIST
10
614.000
20
-610.000
30
2595.000
11
614.000
21
-610.000
31
2595.000
0
LINE
8
TOPO-EXIST
10
616.000
20
-612.000
30
2595.000
11
614.000
21
-610.000
31
2595.000
0
LINE
8
TOPO-EXIST
10
616.000
20
-612.000
30
2595.000
11
616.000
21
-612.000
31
2595.000
0
LINE
8
TOPO-EXIST
10
618.000
20
-614.000
30
2595.000
11
616.000
21
-612.000
31
2595.000
0
LINE
8
TOPO-EXIST
10
618.000
20
-614.000
30
2595.000
11
618.000
21
-614.000
31
2595.000
0
LINE
8
TOPO-EXIST
10
620.000
20
-616.000
30
2595.000
11
618.000
21
-614.000
31
2595.000
0
LINE
8
TOPO-EXIST
10
620.000
20
-616.000
30
2595.000
11
620.000
21
-616.000
31
2595.000
0
LINE
8
TOPO-EXIST
10
622.000
20
-618.000
30
2595.000
11
620.000
21
-616.000
31
2595.000
0
LINE
8
TOPO-EXIST
10
622.000
20
-618.000
30
2595.000
11
622.000
21
-618.000
31
2595.000
0
LINE
8
TOPO-EXIST
10
624.000
20
-618.000
30
2595.000
11
622.000
21
-618.000
31
2595.000
0
LINE
8
TOPO-EXIST
10
626.000
20
-620.000
30
2595.000
11
624.000
21
-618.000
31
2595.000
0
LINE
8
TOPO-EXIST
10
626.000
20
-620.000
30
2595.000
11
626.000
21
-620.000
31
2595.000
0
LINE
8
TOPO-EXIST
10
628.000
20
-622.000
30
2595.000
11
626.000
21
-620.000
31
2595.000
0
LINE
8
TOPO-EXIST
10
628.000
20
-622.000
30
2595.000
11
628.000
21
-622.000
31
2595.000
0
LINE
8
TOPO-EXIST
10
630.000
20
-624.000
30
2595.000
11
628.000
21
-622.000
31
2595.000
0
LINE
8
TOPO-EXIST
10
630.000
20
-624.000
30
2595.000
11
630.000
21
-624.000
31
2595.000
0
LINE
8
TOPO-EXIST
10
632.000
20
-626.000
30
2595.000
11
630.000
21
-624.000
31
2595.000
0
LINE
8
TOPO-EXIST
10
632.000
20
-626.000
30
2595.000
11
632.000
21
-626.000
31
2595.000
0
LINE
8
TOPO-EXIST
10
634.000
20
-628.000
30
2595.000
11
632.000
21
-626.000
31
2595.000
0
LINE
8
TOPO-EXIST
10
634.000
20
-628.000
30
2595.000
11
634.000
21
-628.000
31
2595.000
0
LINE
8
TOPO-EXIST
10
636.000
20
-628.000
30
2595.000
11
634.000
21
-628.000
31
2595.000
0
LINE
8
TOPO-EXIST
10
638.000
20
-630.000
30
2595.000
11
636.000
21
-628.000
31
2595.000
0
LINE
8
TOPO-EXIST
10
638.000
20
-630.000
30
2595.000
11
638.000
21
-630.000
31
2595.000
0
LINE
8
TOPO-EXIST
10
640.000
20
-632.000
30
2595.000
11
638.000
21
-630.000
31
2595.000
0
LINE
8
TOPO-EXIST
10
640.000
20
-632.000
30
2595.000
11
640.000
21
-632.000
31
2595.000
0
LINE
8
TOPO-EXIST
10
642.000
20
-634.000
30
2595.000
11
640.000
21
-632.000
31
2595.000
0
LINE
8
TOPO-EXIST
10
642.000
20
-634.000
30
2595.000
11
642.000
21
-636.000
31
2595.000
0
LINE
8
TOPO-EXIST
10
642.000
20
-636.000
30
2595.000
11
642.000
21
-638.000
31
2595.000
0
LINE
8
TOPO-EXIST
10
642.000
20
-638.000
30
2595.000
11
642.000
21
-638.000
31
2595.000
0
LINE
8
TOPO-EXIST
10
644.000
20
-640.000
30
2595.000
11
642.000
21
-638.000
31
2595.000
0
LINE
8
TOPO-EXIST
10
644.000
20
-640.000
30
2595.000
11
644.000
21
-642.000
31
2595.000
0
LINE
8
TOPO-EXIST
10
652.000
20
-640.000
30
2595.000
11
650.000
21
-642.000
31
2595.000
0
LINE
8
TOPO-EXIST
10
654.000
20
-641.111
30
2595.000
11
652.000
21
-640.000
31
2595.000
0
LINE
8
TOPO-EXIST
10
654.615
20
-642.000
30
2595.000
11
654.000
21
-641.111
31
2595.000
0
LINE
8
TOPO-EXIST
10
690.000
20
-641.748
30
2595.000
11
689.917
21
-642.000
31
2595.000
0
LINE
8
TOPO-EXIST
10
690.433
20
-642.000
30
2595.000
11
690.000
21
-641.748
31
2595.000
0
LINE
8
TOPO-EXIST
10
644.000
20
-642.000
30
2595.000
11
644.000
21
-642.000
31
2595.000
0
LINE
8
TOPO-EXIST
10
646.000
20
-644.000
30
2595.000
11
644.000
21
-642.000
31
2595.000
0
LINE
8
TOPO-EXIST
10
650.000
20
-642.000
30
2595.000
11
648.000
21
-644.000
31
2595.000
0
LINE
8
TOPO-EXIST
10
650.000
20
-642.000
30
2595.000
11
650.000
21
-642.000
31
2595.000
0
LINE
8
TOPO-EXIST
10
654.615
20
-642.000
30
2595.000
11
656.000
21
-642.900
31
2595.000
0
LINE
8
TOPO-EXIST
10
656.957
20
-644.000
30
2595.000
11
656.000
21
-642.900
31
2595.000
0
LINE
8
TOPO-EXIST
10
689.917
20
-642.000
30
2595.000
11
689.879
21
-644.000
31
2595.000
0
LINE
8
TOPO-EXIST
10
690.433
20
-642.000
30
2595.000
11
690.329
21
-644.000
31
2595.000
0
LINE
8
TOPO-EXIST
10
646.000
20
-644.000
30
2595.000
11
646.000
21
-644.000
31
2595.000
0
LINE
8
TOPO-EXIST
10
648.000
20
-644.000
30
2595.000
11
646.000
21
-644.000
31
2595.000
0
LINE
8
TOPO-EXIST
10
648.000
20
-644.000
30
2595.000
11
648.000
21
-644.000
31
2595.000
0
LINE
8
TOPO-EXIST
10
656.957
20
-644.000
30
2595.000
11
658.000
21
-645.143
31
2595.000
0
LINE
8
TOPO-EXIST
10
658.720
20
-646.000
30
2595.000
11
658.000
21
-645.143
31
2595.000
0
LINE
8
TOPO-EXIST
10
689.879
20
-644.000
30
2595.000
11
690.000
21
-645.714
31
2595.000
0
LINE
8
TOPO-EXIST
10
690.329
20
-644.000
30
2595.000
11
690.000
21
-645.714
31
2595.000
0
LINE
8
TOPO-EXIST
10
658.720
20
-646.000
30
2595.000
11
660.000
21
-647.455
31
2595.000
0
LINE
8
TOPO-EXIST
10
660.480
20
-648.000
30
2595.000
11
660.000
21
-647.455
31
2595.000
0
LINE
8
TOPO-EXIST
10
688.000
20
-647.446
30
2595.000
11
687.819
21
-648.000
31
2595.000
0
LINE
8
TOPO-EXIST
10
689.244
20
-648.000
30
2595.000
11
688.000
21
-647.446
31
2595.000
0
LINE
8
TOPO-EXIST
10
660.480
20
-648.000
30
2595.000
11
662.000
21
-649.810
31
2595.000
0
LINE
8
TOPO-EXIST
10
662.167
20
-650.000
30
2595.000
11
662.000
21
-649.810
31
2595.000
0
LINE
8
TOPO-EXIST
10
687.819
20
-648.000
30
2595.000
11
687.682
21
-650.000
31
2595.000
0
LINE
8
TOPO-EXIST
10
689.244
20
-648.000
30
2595.000
11
689.016
21
-650.000
31
2595.000
0
LINE
8
TOPO-EXIST
10
662.167
20
-650.000
30
2595.000
11
663.920
21
-652.000
31
2595.000
0
LINE
8
TOPO-EXIST
10
687.682
20
-650.000
30
2595.000
11
687.325
21
-652.000
31
2595.000
0
LINE
8
TOPO-EXIST
10
689.016
20
-650.000
30
2595.000
11
688.767
21
-652.000
31
2595.000
0
LINE
8
TOPO-EXIST
10
663.920
20
-652.000
30
2595.000
11
664.000
21
-652.091
31
2595.000
0
LINE
8
TOPO-EXIST
10
665.680
20
-654.000
30
2595.000
11
664.000
21
-652.091
31
2595.000
0
LINE
8
TOPO-EXIST
10
686.000
20
-653.122
30
2595.000
11
685.683
21
-654.000
31
2595.000
0
LINE
8
TOPO-EXIST
10
687.325
20
-652.000
30
2595.000
11
686.000
21
-653.122
31
2595.000
0
LINE
8
TOPO-EXIST
10
688.767
20
-652.000
30
2595.000
11
688.356
21
-654.000
31
2595.000
0
LINE
8
TOPO-EXIST
10
665.680
20
-654.000
30
2595.000
11
666.000
21
-654.381
31
2595.000
0
LINE
8
TOPO-EXIST
10
667.360
20
-656.000
30
2595.000
11
666.000
21
-654.381
31
2595.000
0
LINE
8
TOPO-EXIST
10
685.683
20
-654.000
30
2595.000
11
685.525
21
-656.000
31
2595.000
0
LINE
8
TOPO-EXIST
10
688.000
20
-655.857
30
2595.000
11
687.958
21
-656.000
31
2595.000
0
LINE
8
TOPO-EXIST
10
688.356
20
-654.000
30
2595.000
11
688.000
21
-655.857
31
2595.000
0
LINE
8
TOPO-EXIST
10
667.360
20
-656.000
30
2595.000
11
668.000
21
-656.727
31
2595.000
0
LINE
8
TOPO-EXIST
10
669.120
20
-658.000
30
2595.000
11
668.000
21
-656.727
31
2595.000
0
LINE
8
TOPO-EXIST
10
685.525
20
-656.000
30
2595.000
11
684.844
21
-658.000
31
2595.000
0
LINE
8
TOPO-EXIST
10
687.958
20
-656.000
30
2595.000
11
687.552
21
-658.000
31
2595.000
0
LINE
8
TOPO-EXIST
10
669.120
20
-658.000
30
2595.000
11
670.000
21
-659.048
31
2595.000
0
LINE
8
TOPO-EXIST
10
670.800
20
-660.000
30
2595.000
11
670.000
21
-659.048
31
2595.000
0
LINE
8
TOPO-EXIST
10
684.000
20
-658.800
30
2595.000
11
683.418
21
-660.000
31
2595.000
0
LINE
8
TOPO-EXIST
10
684.844
20
-658.000
30
2595.000
11
684.000
21
-658.800
31
2595.000
0
LINE
8
TOPO-EXIST
10
687.552
20
-658.000
30
2595.000
11
687.205
21
-660.000
31
2595.000
0
LINE
8
TOPO-EXIST
10
670.800
20
-660.000
30
2595.000
11
672.000
21
-661.364
31
2595.000
0
LINE
8
TOPO-EXIST
10
672.560
20
-662.000
30
2595.000
11
672.000
21
-661.364
31
2595.000
0
LINE
8
TOPO-EXIST
10
683.418
20
-660.000
30
2595.000
11
683.307
21
-662.000
31
2595.000
0
LINE
8
TOPO-EXIST
10
687.205
20
-660.000
30
2595.000
11
686.795
21
-662.000
31
2595.000
0
LINE
8
TOPO-EXIST
10
672.560
20
-662.000
30
2595.000
11
674.000
21
-663.636
31
2595.000
0
LINE
8
TOPO-EXIST
10
674.320
20
-664.000
30
2595.000
11
674.000
21
-663.636
31
2595.000
0
LINE
8
TOPO-EXIST
10
683.307
20
-662.000
30
2595.000
11
682.483
21
-664.000
31
2595.000
0
LINE
8
TOPO-EXIST
10
686.795
20
-662.000
30
2595.000
11
686.411
21
-664.000
31
2595.000
0
LINE
8
TOPO-EXIST
10
674.320
20
-664.000
30
2595.000
11
676.000
21
-666.000
31
2595.000
0
LINE
8
TOPO-EXIST
10
682.000
20
-664.452
30
2595.000
11
680.820
21
-666.000
31
2595.000
0
LINE
8
TOPO-EXIST
10
682.483
20
-664.000
30
2595.000
11
682.000
21
-664.452
31
2595.000
0
LINE
8
TOPO-EXIST
10
686.411
20
-664.000
30
2595.000
11
686.027
21
-666.000
31
2595.000
0
LINE
8
TOPO-EXIST
10
676.000
20
-666.000
30
2595.000
11
676.000
21
-666.000
31
2595.000
0
LINE
8
TOPO-EXIST
10
677.760
20
-668.000
30
2595.000
11
676.000
21
-666.000
31
2595.000
0
LINE
8
TOPO-EXIST
10
680.820
20
-666.000
30
2595.000
11
680.538
21
-668.000
31
2595.000
0
LINE
8
TOPO-EXIST
10
686.000
20
-666.133
30
2595.000
11
685.616
21
-668.000
31
2595.000
0
LINE
8
TOPO-EXIST
10
686.027
20
-666.000
30
2595.000
11
686.000
21
-666.133
31
2595.000
0
LINE
8
TOPO-EXIST
10
710.000
20
-667.950
30
2595.000
11
709.778
21
-668.000
31
2595.000
0
LINE
8
TOPO-EXIST
10
710.023
20
-668.000
30
2595.000
11
710.000
21
-667.950
31
2595.000
0
LINE
8
TOPO-EXIST
10
677.760
20
-668.000
30
2595.000
11
678.000
21
-668.286
31
2595.000
0
LINE
8
TOPO-EXIST
10
679.714
20
-670.000
30
2595.000
11
678.000
21
-668.286
31
2595.000
0
LINE
8
TOPO-EXIST
10
680.538
20
-668.000
30
2595.000
11
680.071
21
-670.000
31
2595.000
0
LINE
8
TOPO-EXIST
10
685.616
20
-668.000
30
2595.000
11
685.233
21
-670.000
31
2595.000
0
LINE
8
TOPO-EXIST
10
704.000
20
-669.866
30
2595.000
11
703.653
21
-670.000
31
2595.000
0
LINE
8
TOPO-EXIST
10
706.000
20
-669.747
30
2595.000
11
704.000
21
-669.866
31
2595.000
0
LINE
8
TOPO-EXIST
10
708.000
20
-669.429
30
2595.000
11
706.000
21
-669.747
31
2595.000
0
LINE
8
TOPO-EXIST
10
709.778
20
-668.000
30
2595.000
11
710.000
21
-668.067
31
2595.000
0
LINE
8
TOPO-EXIST
10
708.199
20
-670.000
30
2595.000
11
708.000
21
-669.429
31
2595.000
0
LINE
8
TOPO-EXIST
10
710.023
20
-668.000
30
2595.000
11
710.000
21
-668.067
31
2595.000
0
LINE
8
TOPO-EXIST
10
679.714
20
-670.000
30
2595.000
11
680.000
21
-670.067
31
2595.000
0
LINE
8
TOPO-EXIST
10
680.071
20
-670.000
30
2595.000
11
680.000
21
-670.067
31
2595.000
0
LINE
8
TOPO-EXIST
10
685.233
20
-670.000
30
2595.000
11
685.127
21
-672.000
31
2595.000
0
LINE
8
TOPO-EXIST
10
700.000
20
-671.635
30
2595.000
11
698.730
21
-672.000
31
2595.000
0
LINE
8
TOPO-EXIST
10
702.000
20
-671.385
30
2595.000
11
700.000
21
-671.635
31
2595.000
0
LINE
8
TOPO-EXIST
10
703.653
20
-670.000
30
2595.000
11
702.000
21
-671.385
31
2595.000
0
LINE
8
TOPO-EXIST
10
708.000
20
-670.208
30
2595.000
11
706.317
21
-672.000
31
2595.000
0
LINE
8
TOPO-EXIST
10
708.199
20
-670.000
30
2595.000
11
708.000
21
-670.208
31
2595.000
0
LINE
8
TOPO-EXIST
10
685.127
20
-672.000
30
2595.000
11
686.000
21
-673.600
31
2595.000
0
LINE
8
TOPO-EXIST
10
686.480
20
-674.000
30
2595.000
11
686.000
21
-673.600
31
2595.000
0
LINE
8
TOPO-EXIST
10
694.000
20
-673.611
30
2595.000
11
693.306
21
-674.000
31
2595.000
0
LINE
8
TOPO-EXIST
10
696.000
20
-673.375
30
2595.000
11
694.000
21
-673.611
31
2595.000
0
LINE
8
TOPO-EXIST
10
698.000
20
-672.622
30
2595.000
11
696.000
21
-673.375
31
2595.000
0
LINE
8
TOPO-EXIST
10
698.730
20
-672.000
30
2595.000
11
698.000
21
-672.622
31
2595.000
0
LINE
8
TOPO-EXIST
10
706.000
20
-672.331
30
2595.000
11
704.440
21
-674.000
31
2595.000
0
LINE
8
TOPO-EXIST
10
706.317
20
-672.000
30
2595.000
11
706.000
21
-672.331
31
2595.000
0
LINE
8
TOPO-EXIST
10
686.480
20
-674.000
30
2595.000
11
687.588
21
-676.000
31
2595.000
0
LINE
8
TOPO-EXIST
10
690.000
20
-674.864
30
2595.000
11
688.171
21
-676.000
31
2595.000
0
LINE
8
TOPO-EXIST
10
692.000
20
-674.955
30
2595.000
11
690.000
21
-674.864
31
2595.000
0
LINE
8
TOPO-EXIST
10
693.306
20
-674.000
30
2595.000
11
692.000
21
-674.955
31
2595.000
0
LINE
8
TOPO-EXIST
10
704.000
20
-674.460
30
2595.000
11
702.550
21
-676.000
31
2595.000
0
LINE
8
TOPO-EXIST
10
704.440
20
-674.000
30
2595.000
11
704.000
21
-674.460
31
2595.000
0
LINE
8
TOPO-EXIST
10
687.588
20
-676.000
30
2595.000
11
688.000
21
-676.152
31
2595.000
0
LINE
8
TOPO-EXIST
10
688.171
20
-676.000
30
2595.000
11
688.000
21
-676.152
31
2595.000
0
LINE
8
TOPO-EXIST
10
702.000
20
-676.573
30
2595.000
11
700.655
21
-678.000
31
2595.000
0
LINE
8
TOPO-EXIST
10
702.550
20
-676.000
30
2595.000
11
702.000
21
-676.573
31
2595.000
0
LINE
8
TOPO-EXIST
10
700.000
20
-678.679
30
2595.000
11
698.731
21
-680.000
31
2595.000
0
LINE
8
TOPO-EXIST
10
700.655
20
-678.000
30
2595.000
11
700.000
21
-678.679
31
2595.000
0
LINE
8
TOPO-EXIST
10
698.000
20
-680.977
30
2595.000
11
697.029
21
-682.000
31
2595.000
0
LINE
8
TOPO-EXIST
10
698.731
20
-680.000
30
2595.000
11
698.000
21
-680.977
31
2595.000
0
LINE
8
TOPO-EXIST
10
697.029
20
-682.000
30
2595.000
11
696.065
21
-684.000
31
2595.000
0
LINE
8
TOPO-EXIST
10
696.065
20
-684.000
30
2595.000
11
697.900
21
-686.000
31
2595.000
0
LINE
8
TOPO-EXIST
10
716.000
20
-685.907
30
2595.000
11
714.235
21
-686.000
31
2595.000
0
LINE
8
TOPO-EXIST
10
718.000
20
-685.946
30
2595.000
11
716.000
21
-685.907
31
2595.000
0
LINE
8
TOPO-EXIST
10
718.205
20
-686.000
30
2595.000
11
718.000
21
-685.946
31
2595.000
0
LINE
8
TOPO-EXIST
10
697.900
20
-686.000
30
2595.000
11
698.000
21
-686.093
31
2595.000
0
LINE
8
TOPO-EXIST
10
700.000
20
-687.545
30
2595.000
11
698.000
21
-686.093
31
2595.000
0
LINE
8
TOPO-EXIST
10
700.645
20
-688.000
30
2595.000
11
700.000
21
-687.545
31
2595.000
0
LINE
8
TOPO-EXIST
10
710.000
20
-687.697
30
2595.000
11
708.657
21
-688.000
31
2595.000
0
LINE
8
TOPO-EXIST
10
712.000
20
-687.632
30
2595.000
11
710.000
21
-687.697
31
2595.000
0
LINE
8
TOPO-EXIST
10
714.000
20
-686.138
30
2595.000
11
712.000
21
-687.632
31
2595.000
0
LINE
8
TOPO-EXIST
10
714.235
20
-686.000
30
2595.000
11
714.000
21
-686.138
31
2595.000
0
LINE
8
TOPO-EXIST
10
718.205
20
-686.000
30
2595.000
11
718.278
21
-688.000
31
2595.000
0
LINE
8
TOPO-EXIST
10
700.645
20
-688.000
30
2595.000
11
702.000
21
-689.448
31
2595.000
0
LINE
8
TOPO-EXIST
10
704.000
20
-688.944
30
2595.000
11
702.000
21
-689.448
31
2595.000
0
LINE
8
TOPO-EXIST
10
706.000
20
-689.284
30
2595.000
11
704.000
21
-688.944
31
2595.000
0
LINE
8
TOPO-EXIST
10
708.000
20
-688.543
30
2595.000
11
706.000
21
-689.284
31
2595.000
0
LINE
8
TOPO-EXIST
10
708.657
20
-688.000
30
2595.000
11
708.000
21
-688.543
31
2595.000
0
LINE
8
TOPO-EXIST
10
718.278
20
-688.000
30
2595.000
11
718.636
21
-690.000
31
2595.000
0
LINE
8
TOPO-EXIST
10
718.636
20
-690.000
30
2595.000
11
719.059
21
-692.000
31
2595.000
0
LINE
8
TOPO-EXIST
10
719.059
20
-692.000
30
2595.000
11
720.000
21
-693.778
31
2595.000
0
LINE
8
TOPO-EXIST
10
720.053
20
-694.000
30
2595.000
11
720.000
21
-693.778
31
2595.000
0
LINE
8
TOPO-EXIST
10
720.053
20
-694.000
30
2595.000
11
720.370
21
-696.000
31
2595.000
0
LINE
8
TOPO-EXIST
10
720.370
20
-696.000
30
2595.000
11
721.000
21
-698.000
31
2595.000
0
LINE
8
TOPO-EXIST
10
721.000
20
-698.000
30
2595.000
11
721.667
21
-700.000
31
2595.000
0
LINE
8
TOPO-EXIST
10
721.667
20
-700.000
30
2595.000
11
722.000
21
-701.333
31
2595.000
0
LINE
8
TOPO-EXIST
10
722.056
20
-702.000
30
2595.000
11
722.000
21
-701.333
31
2595.000
0
LINE
8
TOPO-EXIST
10
722.056
20
-702.000
30
2595.000
11
722.067
21
-704.000
31
2595.000
0
LINE
8
TOPO-EXIST
10
722.067
20
-704.000
30
2595.000
11
722.061
21
-706.000
31
2595.000
0
LINE
8
TOPO-EXIST
10
722.061
20
-706.000
30
2595.000
11
722.069
21
-708.000
31
2595.000
0
LINE
8
TOPO-EXIST
10
722.069
20
-708.000
30
2595.000
11
722.067
21
-710.000
31
2595.000
0
LINE
8
TOPO-EXIST
10
722.067
20
-710.000
30
2595.000
11
722.069
21
-712.000
31
2595.000
0
LINE
8
TOPO-EXIST
10
722.069
20
-712.000
30
2595.000
11
722.261
21
-714.000
31
2595.000
0
LINE
8
TOPO-EXIST
10
722.261
20
-714.000
30
2595.000
11
722.471
21
-716.000
31
2595.000
0
LINE
8
TOPO-EXIST
10
722.471
20
-716.000
30
2595.000
11
724.000
21
-718.000
31
2595.000
0
LINE
8
TOPO-EXIST
10
724.000
20
-718.000
30
2595.000
11
724.000
21
-720.000
31
2595.000
0
LINE
8
TOPO-EXIST
10
724.000
20
-720.000
30
2595.000
11
724.000
21
-722.000
31
2595.000
0
LINE
8
TOPO-EXIST
10
724.000
20
-722.000
30
2595.000
11
724.000
21
-724.000
31
2595.000
0
LINE
8
TOPO-EXIST
10
724.000
20
-724.000
30
2595.000
11
724.000
21
-724.000
31
2595.000
0
LINE
8
TOPO-EXIST
10
724.667
20
-726.000
30
2595.000
11
724.000
21
-724.000
31
2595.000
0
LINE
8
TOPO-EXIST
10
724.667
20
-726.000
30
2595.000
11
726.000
21
-728.000
31
2595.000
0
LINE
8
TOPO-EXIST
10
726.000
20
-728.000
30
2595.000
11
726.000
21
-730.000
31
2595.000
0
LINE
8
TOPO-EXIST
10
726.000
20
-730.000
30
2595.000
11
726.000
21
-732.000
31
2595.000
0
LINE
8
TOPO-EXIST
10
726.000
20
-732.000
30
2595.000
11
726.000
21
-734.000
31
2595.000
0
LINE
8
TOPO-EXIST
10
726.000
20
-734.000
30
2595.000
11
726.000
21
-734.000
31
2595.000
0
LINE
8
TOPO-EXIST
10
728.000
20
-736.000
30
2595.000
11
726.000
21
-734.000
31
2595.000
0
LINE
8
TOPO-EXIST
10
728.000
20
-736.000
30
2595.000
11
728.000
21
-736.000
31
2595.000
0
LINE
8
TOPO-EXIST
10
730.000
20
-738.000
30
2595.000
11
728.000
21
-736.000
31
2595.000
0
LINE
8
TOPO-EXIST
10
730.000
20
-738.000
30
2595.000
11
730.000
21
-738.000
31
2595.000
0
LINE
8
TOPO-EXIST
10
732.000
20
-740.000
30
2595.000
11
730.000
21
-738.000
31
2595.000
0
LINE
8
TOPO-EXIST
10
732.000
20
-740.000
30
2595.000
11
732.000
21
-740.000
31
2595.000
0
LINE
8
TOPO-EXIST
10
734.000
20
-742.000
30
2595.000
11
732.000
21
-740.000
31
2595.000
0
LINE
8
TOPO-EXIST
10
734.000
20
-742.000
30
2595.000
11
734.000
21
-742.000
31
2595.000
0
LINE
8
TOPO-EXIST
10
736.000
20
-744.000
30
2595.000
11
734.000
21
-742.000
31
2595.000
0
LINE
8
TOPO-EXIST
10
736.000
20
-744.000
30
2595.000
11
736.000
21
-744.000
31
2595.000
0
LINE
8
TOPO-EXIST
10
738.000
20
-746.000
30
2595.000
11
736.000
21
-744.000
31
2595.000
0
LINE
8
TOPO-EXIST
10
738.000
20
-746.000
30
2595.000
11
738.000
21
-748.000
31
2595.000
0
LINE
8
TOPO-EXIST
10
738.000
20
-748.000
30
2595.000
11
738.000
21
-748.000
31
2595.000
0
LINE
8
TOPO-EXIST
10
740.000
20
-750.000
30
2595.000
11
738.000
21
-748.000
31
2595.000
0
LINE
8
TOPO-EXIST
10
740.000
20
-750.000
30
2595.000
11
740.000
21
-750.000
31
2595.000
0
LINE
8
TOPO-EXIST
10
742.000
20
-752.000
30
2595.000
11
740.000
21
-750.000
31
2595.000
0
LINE
8
TOPO-EXIST
10
742.000
20
-752.000
30
2595.000
11
742.000
21
-752.000
31
2595.000
0
LINE
8
TOPO-EXIST
10
744.000
20
-754.000
30
2595.000
11
742.000
21
-752.000
31
2595.000
0
LINE
8
TOPO-EXIST
10
744.000
20
-754.000
30
2595.000
11
744.000
21
-754.000
31
2595.000
0
LINE
8
TOPO-EXIST
10
744.545
20
-756.000
30
2595.000
11
744.000
21
-754.000
31
2595.000
0
LINE
8
TOPO-EXIST
10
744.545
20
-756.000
30
2595.000
11
745.714
21
-758.000
31
2595.000
0
LINE
8
TOPO-EXIST
10
745.714
20
-758.000
30
2595.000
11
746.000
21
-759.000
31
2595.000
0
LINE
8
TOPO-EXIST
10
746.051
20
-760.000
30
2595.000
11
746.000
21
-759.000
31
2595.000
0
LINE
8
TOPO-EXIST
10
746.051
20
-760.000
30
2595.000
11
746.069
21
-762.000
31
2595.000
0
LINE
8
TOPO-EXIST
10
746.069
20
-762.000
30
2595.000
11
746.200
21
-764.000
31
2595.000
0
LINE
8
TOPO-EXIST
10
746.200
20
-764.000
30
2595.000
11
746.444
21
-766.000
31
2595.000
0
LINE
8
TOPO-EXIST
10
746.444
20
-766.000
30
2595.000
11
748.000
21
-768.000
31
2595.000
0
LINE
8
TOPO-EXIST
10
748.000
20
-768.000
30
2595.000
11
748.000
21
-770.000
31
2595.000
0
LINE
8
TOPO-EXIST
10
748.000
20
-770.000
30
2595.000
11
748.000
21
-770.000
31
2595.000
0
LINE
8
TOPO-EXIST
10
748.286
20
-772.000
30
2595.000
11
748.000
21
-770.000
31
2595.000
0
LINE
8
TOPO-EXIST
10
748.286
20
-772.000
30
2595.000
11
748.714
21
-774.000
31
2595.000
0
LINE
8
TOPO-EXIST
10
748.714
20
-774.000
30
2595.000
11
750.000
21
-776.000
31
2595.000
0
LINE
8
TOPO-EXIST
10
750.000
20
-776.000
30
2595.000
11
750.000
21
-776.000
31
2595.000
0
LINE
8
TOPO-EXIST
10
750.057
20
-778.000
30
2595.000
11
750.000
21
-776.000
31
2595.000
0
LINE
8
TOPO-EXIST
10
750.057
20
-778.000
30
2595.000
11
750.429
21
-780.000
31
2595.000
0
LINE
8
TOPO-EXIST
10
492.000
20
-487.714
30
2596.000
11
491.818
21
-488.000
31
2596.000
0
LINE
8
TOPO-EXIST
10
492.071
20
-488.000
30
2596.000
11
492.000
21
-487.714
31
2596.000
0
LINE
8
TOPO-EXIST
10
491.818
20
-488.000
30
2596.000
11
491.333
21
-490.000
31
2596.000
0
LINE
8
TOPO-EXIST
10
492.071
20
-488.000
30
2596.000
11
492.375
21
-490.000
31
2596.000
0
LINE
8
TOPO-EXIST
10
442.000
20
-490.000
30
2596.000
11
440.000
21
-490.000
31
2596.000
0
LINE
8
TOPO-EXIST
10
444.000
20
-490.000
30
2596.000
11
442.000
21
-490.000
31
2596.000
0
LINE
8
TOPO-EXIST
10
446.000
20
-491.000
30
2596.000
11
444.000
21
-490.000
31
2596.000
0
LINE
8
TOPO-EXIST
10
448.000
20
-491.500
30
2596.000
11
446.000
21
-491.000
31
2596.000
0
LINE
8
TOPO-EXIST
10
450.000
20
-491.600
30
2596.000
11
448.000
21
-491.500
31
2596.000
0
LINE
8
TOPO-EXIST
10
452.000
20
-492.000
30
2596.000
11
450.000
21
-491.600
31
2596.000
0
LINE
8
TOPO-EXIST
10
491.333
20
-490.000
30
2596.000
11
490.286
21
-492.000
31
2596.000
0
LINE
8
TOPO-EXIST
10
492.375
20
-490.000
30
2596.000
11
494.000
21
-491.857
31
2596.000
0
LINE
8
TOPO-EXIST
10
494.069
20
-492.000
30
2596.000
11
494.000
21
-491.857
31
2596.000
0
LINE
8
TOPO-EXIST
10
452.000
20
-492.000
30
2596.000
11
452.000
21
-492.000
31
2596.000
0
LINE
8
TOPO-EXIST
10
454.000
20
-492.000
30
2596.000
11
452.000
21
-492.000
31
2596.000
0
LINE
8
TOPO-EXIST
10
456.000
20
-492.000
30
2596.000
11
454.000
21
-492.000
31
2596.000
0
LINE
8
TOPO-EXIST
10
458.000
20
-492.000
30
2596.000
11
456.000
21
-492.000
31
2596.000
0
LINE
8
TOPO-EXIST
10
460.000
20
-493.000
30
2596.000
11
458.000
21
-492.000
31
2596.000
0
LINE
8
TOPO-EXIST
10
460.095
20
-494.000
30
2596.000
11
460.000
21
-493.000
31
2596.000
0
LINE
8
TOPO-EXIST
10
490.000
20
-492.400
30
2596.000
11
489.385
21
-494.000
31
2596.000
0
LINE
8
TOPO-EXIST
10
490.286
20
-492.000
30
2596.000
11
490.000
21
-492.400
31
2596.000
0
LINE
8
TOPO-EXIST
10
494.069
20
-492.000
30
2596.000
11
494.783
21
-494.000
31
2596.000
0
LINE
8
TOPO-EXIST
10
460.095
20
-494.000
30
2596.000
11
460.462
21
-496.000
31
2596.000
0
LINE
8
TOPO-EXIST
10
489.385
20
-494.000
30
2596.000
11
488.667
21
-496.000
31
2596.000
0
LINE
8
TOPO-EXIST
10
494.783
20
-494.000
30
2596.000
11
496.000
21
-496.000
31
2596.000
0
LINE
8
TOPO-EXIST
10
460.462
20
-496.000
30
2596.000
11
461.714
21
-498.000
31
2596.000
0
LINE
8
TOPO-EXIST
10
488.667
20
-496.000
30
2596.000
11
488.000
21
-498.000
31
2596.000
0
LINE
8
TOPO-EXIST
10
496.000
20
-496.000
30
2596.000
11
496.000
21
-496.000
31
2596.000
0
LINE
8
TOPO-EXIST
10
496.966
20
-498.000
30
2596.000
11
496.000
21
-496.000
31
2596.000
0
LINE
8
TOPO-EXIST
10
461.714
20
-498.000
30
2596.000
11
462.000
21
-498.200
31
2596.000
0
LINE
8
TOPO-EXIST
10
462.621
20
-500.000
30
2596.000
11
462.000
21
-498.200
31
2596.000
0
LINE
8
TOPO-EXIST
10
488.000
20
-498.000
30
2596.000
11
487.231
21
-500.000
31
2596.000
0
LINE
8
TOPO-EXIST
10
488.000
20
-498.000
30
2596.000
11
488.000
21
-498.000
31
2596.000
0
LINE
8
TOPO-EXIST
10
496.966
20
-498.000
30
2596.000
11
497.889
21
-500.000
31
2596.000
0
LINE
8
TOPO-EXIST
10
462.621
20
-500.000
30
2596.000
11
463.048
21
-502.000
31
2596.000
0
LINE
8
TOPO-EXIST
10
487.231
20
-500.000
30
2596.000
11
486.462
21
-502.000
31
2596.000
0
LINE
8
TOPO-EXIST
10
497.889
20
-500.000
30
2596.000
11
498.000
21
-500.143
31
2596.000
0
LINE
8
TOPO-EXIST
10
498.897
20
-502.000
30
2596.000
11
498.000
21
-500.143
31
2596.000
0
LINE
8
TOPO-EXIST
10
463.048
20
-502.000
30
2596.000
11
464.000
21
-504.000
31
2596.000
0
LINE
8
TOPO-EXIST
10
486.000
20
-503.200
30
2596.000
11
485.692
21
-504.000
31
2596.000
0
LINE
8
TOPO-EXIST
10
486.462
20
-502.000
30
2596.000
11
486.000
21
-503.200
31
2596.000
0
LINE
8
TOPO-EXIST
10
498.897
20
-502.000
30
2596.000
11
499.833
21
-504.000
31
2596.000
0
LINE
8
TOPO-EXIST
10
464.000
20
-504.000
30
2596.000
11
464.000
21
-504.000
31
2596.000
0
LINE
8
TOPO-EXIST
10
464.621
20
-506.000
30
2596.000
11
464.000
21
-504.000
31
2596.000
0
LINE
8
TOPO-EXIST
10
485.692
20
-504.000
30
2596.000
11
484.923
21
-506.000
31
2596.000
0
LINE
8
TOPO-EXIST
10
499.833
20
-504.000
30
2596.000
11
500.000
21
-504.286
31
2596.000
0
LINE
8
TOPO-EXIST
10
500.800
20
-506.000
30
2596.000
11
500.000
21
-504.286
31
2596.000
0
LINE
8
TOPO-EXIST
10
464.621
20
-506.000
30
2596.000
11
465.310
21
-508.000
31
2596.000
0
LINE
8
TOPO-EXIST
10
484.923
20
-506.000
30
2596.000
11
484.167
21
-508.000
31
2596.000
0
LINE
8
TOPO-EXIST
10
500.800
20
-506.000
30
2596.000
11
501.793
21
-508.000
31
2596.000
0
LINE
8
TOPO-EXIST
10
465.310
20
-508.000
30
2596.000
11
466.000
21
-510.000
31
2596.000
0
LINE
8
TOPO-EXIST
10
484.000
20
-508.500
30
2596.000
11
483.500
21
-510.000
31
2596.000
0
LINE
8
TOPO-EXIST
10
484.167
20
-508.000
30
2596.000
11
484.000
21
-508.500
31
2596.000
0
LINE
8
TOPO-EXIST
10
501.793
20
-508.000
30
2596.000
11
502.000
21
-508.429
31
2596.000
0
LINE
8
TOPO-EXIST
10
502.733
20
-510.000
30
2596.000
11
502.000
21
-508.429
31
2596.000
0
LINE
8
TOPO-EXIST
10
466.000
20
-510.000
30
2596.000
11
466.000
21
-510.000
31
2596.000
0
LINE
8
TOPO-EXIST
10
466.621
20
-512.000
30
2596.000
11
466.000
21
-510.000
31
2596.000
0
LINE
8
TOPO-EXIST
10
483.500
20
-510.000
30
2596.000
11
482.769
21
-512.000
31
2596.000
0
LINE
8
TOPO-EXIST
10
502.733
20
-510.000
30
2596.000
11
503.667
21
-512.000
31
2596.000
0
LINE
8
TOPO-EXIST
10
466.621
20
-512.000
30
2596.000
11
467.310
21
-514.000
31
2596.000
0
LINE
8
TOPO-EXIST
10
482.769
20
-512.000
30
2596.000
11
482.000
21
-514.000
31
2596.000
0
LINE
8
TOPO-EXIST
10
503.667
20
-512.000
30
2596.000
11
504.000
21
-512.714
31
2596.000
0
LINE
8
TOPO-EXIST
10
504.621
20
-514.000
30
2596.000
11
504.000
21
-512.714
31
2596.000
0
LINE
8
TOPO-EXIST
10
467.310
20
-514.000
30
2596.000
11
468.000
21
-516.000
31
2596.000
0
LINE
8
TOPO-EXIST
10
482.000
20
-514.000
30
2596.000
11
481.231
21
-516.000
31
2596.000
0
LINE
8
TOPO-EXIST
10
482.000
20
-514.000
30
2596.000
11
482.000
21
-514.000
31
2596.000
0
LINE
8
TOPO-EXIST
10
504.621
20
-514.000
30
2596.000
11
505.600
21
-516.000
31
2596.000
0
LINE
8
TOPO-EXIST
10
468.000
20
-516.000
30
2596.000
11
468.000
21
-516.000
31
2596.000
0
LINE
8
TOPO-EXIST
10
468.621
20
-518.000
30
2596.000
11
468.000
21
-516.000
31
2596.000
0
LINE
8
TOPO-EXIST
10
481.231
20
-516.000
30
2596.000
11
480.462
21
-518.000
31
2596.000
0
LINE
8
TOPO-EXIST
10
505.600
20
-516.000
30
2596.000
11
506.000
21
-516.857
31
2596.000
0
LINE
8
TOPO-EXIST
10
506.640
20
-518.000
30
2596.000
11
506.000
21
-516.857
31
2596.000
0
LINE
8
TOPO-EXIST
10
468.621
20
-518.000
30
2596.000
11
469.310
21
-520.000
31
2596.000
0
LINE
8
TOPO-EXIST
10
480.000
20
-519.200
30
2596.000
11
479.692
21
-520.000
31
2596.000
0
LINE
8
TOPO-EXIST
10
480.462
20
-518.000
30
2596.000
11
480.000
21
-519.200
31
2596.000
0
LINE
8
TOPO-EXIST
10
506.640
20
-518.000
30
2596.000
11
507.517
21
-520.000
31
2596.000
0
LINE
8
TOPO-EXIST
10
469.310
20
-520.000
30
2596.000
11
470.000
21
-522.000
31
2596.000
0
LINE
8
TOPO-EXIST
10
479.692
20
-520.000
30
2596.000
11
479.000
21
-522.000
31
2596.000
0
LINE
8
TOPO-EXIST
10
507.517
20
-520.000
30
2596.000
11
508.000
21
-521.000
31
2596.000
0
LINE
8
TOPO-EXIST
10
509.077
20
-522.000
30
2596.000
11
508.000
21
-521.000
31
2596.000
0
LINE
8
TOPO-EXIST
10
470.000
20
-522.000
30
2596.000
11
470.000
21
-522.000
31
2596.000
0
LINE
8
TOPO-EXIST
10
470.800
20
-524.000
30
2596.000
11
470.000
21
-522.000
31
2596.000
0
LINE
8
TOPO-EXIST
10
479.000
20
-522.000
30
2596.000
11
478.308
21
-524.000
31
2596.000
0
LINE
8
TOPO-EXIST
10
509.077
20
-522.000
30
2596.000
11
509.909
21
-524.000
31
2596.000
0
LINE
8
TOPO-EXIST
10
470.800
20
-524.000
30
2596.000
11
471.310
21
-526.000
31
2596.000
0
LINE
8
TOPO-EXIST
10
478.000
20
-524.800
30
2596.000
11
477.333
21
-526.000
31
2596.000
0
LINE
8
TOPO-EXIST
10
478.308
20
-524.000
30
2596.000
11
478.000
21
-524.800
31
2596.000
0
LINE
8
TOPO-EXIST
10
509.909
20
-524.000
30
2596.000
11
510.000
21
-524.286
31
2596.000
0
LINE
8
TOPO-EXIST
10
512.000
20
-524.333
30
2596.000
11
510.000
21
-524.286
31
2596.000
0
LINE
8
TOPO-EXIST
10
514.000
20
-524.400
30
2596.000
11
512.000
21
-524.333
31
2596.000
0
LINE
8
TOPO-EXIST
10
516.000
20
-524.400
30
2596.000
11
514.000
21
-524.400
31
2596.000
0
LINE
8
TOPO-EXIST
10
518.000
20
-524.400
30
2596.000
11
516.000
21
-524.400
31
2596.000
0
LINE
8
TOPO-EXIST
10
520.000
20
-524.333
30
2596.000
11
518.000
21
-524.400
31
2596.000
0
LINE
8
TOPO-EXIST
10
522.000
20
-524.333
30
2596.000
11
520.000
21
-524.333
31
2596.000
0
LINE
8
TOPO-EXIST
10
524.000
20
-524.400
30
2596.000
11
522.000
21
-524.333
31
2596.000
0
LINE
8
TOPO-EXIST
10
526.000
20
-524.400
30
2596.000
11
524.000
21
-524.400
31
2596.000
0
LINE
8
TOPO-EXIST
10
528.000
20
-524.333
30
2596.000
11
526.000
21
-524.400
31
2596.000
0
LINE
8
TOPO-EXIST
10
530.000
20
-524.333
30
2596.000
11
528.000
21
-524.333
31
2596.000
0
LINE
8
TOPO-EXIST
10
532.000
20
-524.333
30
2596.000
11
530.000
21
-524.333
31
2596.000
0
LINE
8
TOPO-EXIST
10
534.000
20
-524.400
30
2596.000
11
532.000
21
-524.333
31
2596.000
0
LINE
8
TOPO-EXIST
10
536.000
20
-524.667
30
2596.000
11
534.000
21
-524.400
31
2596.000
0
LINE
8
TOPO-EXIST
10
538.000
20
-525.500
30
2596.000
11
536.000
21
-524.667
31
2596.000
0
LINE
8
TOPO-EXIST
10
538.667
20
-526.000
30
2596.000
11
538.000
21
-525.500
31
2596.000
0
LINE
8
TOPO-EXIST
10
471.310
20
-526.000
30
2596.000
11
472.000
21
-528.000
31
2596.000
0
LINE
8
TOPO-EXIST
10
477.333
20
-526.000
30
2596.000
11
476.222
21
-528.000
31
2596.000
0
LINE
8
TOPO-EXIST
10
538.667
20
-526.000
30
2596.000
11
540.000
21
-527.000
31
2596.000
0
LINE
8
TOPO-EXIST
10
541.333
20
-528.000
30
2596.000
11
540.000
21
-527.000
31
2596.000
0
LINE
8
TOPO-EXIST
10
472.000
20
-528.000
30
2596.000
11
472.000
21
-528.000
31
2596.000
0
LINE
8
TOPO-EXIST
10
474.000
20
-529.200
30
2596.000
11
472.000
21
-528.000
31
2596.000
0
LINE
8
TOPO-EXIST
10
476.000
20
-528.400
30
2596.000
11
474.000
21
-529.200
31
2596.000
0
LINE
8
TOPO-EXIST
10
476.222
20
-528.000
30
2596.000
11
476.000
21
-528.400
31
2596.000
0
LINE
8
TOPO-EXIST
10
541.333
20
-528.000
30
2596.000
11
542.000
21
-528.500
31
2596.000
0
LINE
8
TOPO-EXIST
10
544.000
20
-530.000
30
2596.000
11
542.000
21
-528.500
31
2596.000
0
LINE
8
TOPO-EXIST
10
544.000
20
-530.000
30
2596.000
11
544.000
21
-530.000
31
2596.000
0
LINE
8
TOPO-EXIST
10
546.000
20
-531.500
30
2596.000
11
544.000
21
-530.000
31
2596.000
0
LINE
8
TOPO-EXIST
10
546.667
20
-532.000
30
2596.000
11
546.000
21
-531.500
31
2596.000
0
LINE
8
TOPO-EXIST
10
546.667
20
-532.000
30
2596.000
11
548.000
21
-533.000
31
2596.000
0
LINE
8
TOPO-EXIST
10
549.333
20
-534.000
30
2596.000
11
548.000
21
-533.000
31
2596.000
0
LINE
8
TOPO-EXIST
10
549.333
20
-534.000
30
2596.000
11
550.000
21
-534.500
31
2596.000
0
LINE
8
TOPO-EXIST
10
552.000
20
-536.000
30
2596.000
11
550.000
21
-534.500
31
2596.000
0
LINE
8
TOPO-EXIST
10
552.000
20
-536.000
30
2596.000
11
552.000
21
-536.000
31
2596.000
0
LINE
8
TOPO-EXIST
10
554.000
20
-537.200
30
2596.000
11
552.000
21
-536.000
31
2596.000
0
LINE
8
TOPO-EXIST
10
555.333
20
-538.000
30
2596.000
11
554.000
21
-537.200
31
2596.000
0
LINE
8
TOPO-EXIST
10
555.333
20
-538.000
30
2596.000
11
556.000
21
-538.400
31
2596.000
0
LINE
8
TOPO-EXIST
10
558.000
20
-539.200
30
2596.000
11
556.000
21
-538.400
31
2596.000
0
LINE
8
TOPO-EXIST
10
559.333
20
-540.000
30
2596.000
11
558.000
21
-539.200
31
2596.000
0
LINE
8
TOPO-EXIST
10
559.333
20
-540.000
30
2596.000
11
560.000
21
-540.400
31
2596.000
0
LINE
8
TOPO-EXIST
10
562.000
20
-541.200
30
2596.000
11
560.000
21
-540.400
31
2596.000
0
LINE
8
TOPO-EXIST
10
564.000
20
-542.000
30
2596.000
11
562.000
21
-541.200
31
2596.000
0
LINE
8
TOPO-EXIST
10
564.000
20
-542.000
30
2596.000
11
564.000
21
-542.000
31
2596.000
0
LINE
8
TOPO-EXIST
10
566.000
20
-543.200
30
2596.000
11
564.000
21
-542.000
31
2596.000
0
LINE
8
TOPO-EXIST
10
568.000
20
-544.000
30
2596.000
11
566.000
21
-543.200
31
2596.000
0
LINE
8
TOPO-EXIST
10
568.000
20
-544.000
30
2596.000
11
568.000
21
-544.000
31
2596.000
0
LINE
8
TOPO-EXIST
10
570.000
20
-545.200
30
2596.000
11
568.000
21
-544.000
31
2596.000
0
LINE
8
TOPO-EXIST
10
572.000
20
-546.000
30
2596.000
11
570.000
21
-545.200
31
2596.000
0
LINE
8
TOPO-EXIST
10
572.000
20
-546.000
30
2596.000
11
572.000
21
-546.000
31
2596.000
0
LINE
8
TOPO-EXIST
10
574.000
20
-547.200
30
2596.000
11
572.000
21
-546.000
31
2596.000
0
LINE
8
TOPO-EXIST
10
576.000
20
-548.000
30
2596.000
11
574.000
21
-547.200
31
2596.000
0
LINE
8
TOPO-EXIST
10
576.000
20
-548.000
30
2596.000
11
576.000
21
-548.000
31
2596.000
0
LINE
8
TOPO-EXIST
10
578.000
20
-549.000
30
2596.000
11
576.000
21
-548.000
31
2596.000
0
LINE
8
TOPO-EXIST
10
580.000
20
-550.000
30
2596.000
11
578.000
21
-549.000
31
2596.000
0
LINE
8
TOPO-EXIST
10
580.000
20
-550.000
30
2596.000
11
580.000
21
-550.000
31
2596.000
0
LINE
8
TOPO-EXIST
10
582.000
20
-550.800
30
2596.000
11
580.000
21
-550.000
31
2596.000
0
LINE
8
TOPO-EXIST
10
584.000
20
-552.000
30
2596.000
11
582.000
21
-550.800
31
2596.000
0
LINE
8
TOPO-EXIST
10
584.000
20
-552.000
30
2596.000
11
584.000
21
-552.000
31
2596.000
0
LINE
8
TOPO-EXIST
10
586.000
20
-552.800
30
2596.000
11
584.000
21
-552.000
31
2596.000
0
LINE
8
TOPO-EXIST
10
588.000
20
-554.000
30
2596.000
11
586.000
21
-552.800
31
2596.000
0
LINE
8
TOPO-EXIST
10
588.000
20
-554.000
30
2596.000
11
588.000
21
-556.000
31
2596.000
0
LINE
8
TOPO-EXIST
10
588.000
20
-556.000
30
2596.000
11
588.000
21
-558.000
31
2596.000
0
LINE
8
TOPO-EXIST
10
588.000
20
-558.000
30
2596.000
11
588.000
21
-560.000
31
2596.000
0
LINE
8
TOPO-EXIST
10
588.000
20
-560.000
30
2596.000
11
588.000
21
-560.000
31
2596.000
0
LINE
8
TOPO-EXIST
10
590.000
20
-560.000
30
2596.000
11
588.000
21
-560.000
31
2596.000
0
LINE
8
TOPO-EXIST
10
592.000
20
-560.000
30
2596.000
11
590.000
21
-560.000
31
2596.000
0
LINE
8
TOPO-EXIST
10
594.000
20
-560.000
30
2596.000
11
592.000
21
-560.000
31
2596.000
0
LINE
8
TOPO-EXIST
10
596.000
20
-560.000
30
2596.000
11
594.000
21
-560.000
31
2596.000
0
LINE
8
TOPO-EXIST
10
598.000
20
-560.000
30
2596.000
11
596.000
21
-560.000
31
2596.000
0
LINE
8
TOPO-EXIST
10
600.000
20
-560.000
30
2596.000
11
598.000
21
-560.000
31
2596.000
0
LINE
8
TOPO-EXIST
10
602.000
20
-560.000
30
2596.000
11
600.000
21
-560.000
31
2596.000
0
LINE
8
TOPO-EXIST
10
604.000
20
-560.000
30
2596.000
11
602.000
21
-560.000
31
2596.000
0
LINE
8
TOPO-EXIST
10
606.000
20
-560.000
30
2596.000
11
604.000
21
-560.000
31
2596.000
0
LINE
8
TOPO-EXIST
10
608.000
20
-560.000
30
2596.000
11
606.000
21
-560.000
31
2596.000
0
LINE
8
TOPO-EXIST
10
610.000
20
-560.000
30
2596.000
11
608.000
21
-560.000
31
2596.000
0
LINE
8
TOPO-EXIST
10
612.000
20
-560.000
30
2596.000
11
610.000
21
-560.000
31
2596.000
0
LINE
8
TOPO-EXIST
10
614.000
20
-560.000
30
2596.000
11
612.000
21
-560.000
31
2596.000
0
LINE
8
TOPO-EXIST
10
616.000
20
-562.000
30
2596.000
11
614.000
21
-560.000
31
2596.000
0
LINE
8
TOPO-EXIST
10
616.000
20
-562.000
30
2596.000
11
616.000
21
-562.000
31
2596.000
0
LINE
8
TOPO-EXIST
10
618.000
20
-562.000
30
2596.000
11
616.000
21
-562.000
31
2596.000
0
LINE
8
TOPO-EXIST
10
620.000
20
-564.000
30
2596.000
11
618.000
21
-562.000
31
2596.000
0
LINE
8
TOPO-EXIST
10
620.000
20
-564.000
30
2596.000
11
620.000
21
-564.000
31
2596.000
0
LINE
8
TOPO-EXIST
10
622.000
20
-564.000
30
2596.000
11
620.000
21
-564.000
31
2596.000
0
LINE
8
TOPO-EXIST
10
624.000
20
-564.000
30
2596.000
11
622.000
21
-564.000
31
2596.000
0
LINE
8
TOPO-EXIST
10
626.000
20
-566.000
30
2596.000
11
624.000
21
-564.000
31
2596.000
0
LINE
8
TOPO-EXIST
10
626.000
20
-566.000
30
2596.000
11
626.000
21
-566.000
31
2596.000
0
LINE
8
TOPO-EXIST
10
628.000
20
-566.000
30
2596.000
11
626.000
21
-566.000
31
2596.000
0
LINE
8
TOPO-EXIST
10
630.000
20
-568.000
30
2596.000
11
628.000
21
-566.000
31
2596.000
0
LINE
8
TOPO-EXIST
10
630.000
20
-568.000
30
2596.000
11
630.000
21
-568.000
31
2596.000
0
LINE
8
TOPO-EXIST
10
632.000
20
-568.000
30
2596.000
11
630.000
21
-568.000
31
2596.000
0
LINE
8
TOPO-EXIST
10
633.200
20
-570.000
30
2596.000
11
632.000
21
-568.000
31
2596.000
0
LINE
8
TOPO-EXIST
10
633.200
20
-570.000
30
2596.000
11
634.000
21
-570.667
31
2596.000
0
LINE
8
TOPO-EXIST
10
636.000
20
-572.000
30
2596.000
11
634.000
21
-570.667
31
2596.000
0
LINE
8
TOPO-EXIST
10
636.000
20
-572.000
30
2596.000
11
636.000
21
-572.000
31
2596.000
0
LINE
8
TOPO-EXIST
10
636.096
20
-574.000
30
2596.000
11
636.000
21
-572.000
31
2596.000
0
LINE
8
TOPO-EXIST
10
636.096
20
-574.000
30
2596.000
11
636.209
21
-576.000
31
2596.000
0
LINE
8
TOPO-EXIST
10
636.209
20
-576.000
30
2596.000
11
636.423
21
-578.000
31
2596.000
0
LINE
8
TOPO-EXIST
10
636.423
20
-578.000
30
2596.000
11
636.800
21
-580.000
31
2596.000
0
LINE
8
TOPO-EXIST
10
636.800
20
-580.000
30
2596.000
11
637.895
21
-582.000
31
2596.000
0
LINE
8
TOPO-EXIST
10
640.000
20
-581.895
30
2596.000
11
639.000
21
-582.000
31
2596.000
0
LINE
8
TOPO-EXIST
10
640.500
20
-582.000
30
2596.000
11
640.000
21
-581.895
31
2596.000
0
LINE
8
TOPO-EXIST
10
637.895
20
-582.000
30
2596.000
11
638.000
21
-582.100
31
2596.000
0
LINE
8
TOPO-EXIST
10
639.000
20
-582.000
30
2596.000
11
638.000
21
-582.100
31
2596.000
0
LINE
8
TOPO-EXIST
10
640.500
20
-582.000
30
2596.000
11
642.000
21
-582.316
31
2596.000
0
LINE
8
TOPO-EXIST
10
644.000
20
-583.000
30
2596.000
11
642.000
21
-582.316
31
2596.000
0
LINE
8
TOPO-EXIST
10
644.750
20
-584.000
30
2596.000
11
644.000
21
-583.000
31
2596.000
0
LINE
8
TOPO-EXIST
10
644.750
20
-584.000
30
2596.000
11
646.000
21
-585.538
31
2596.000
0
LINE
8
TOPO-EXIST
10
646.750
20
-586.000
30
2596.000
11
646.000
21
-585.538
31
2596.000
0
LINE
8
TOPO-EXIST
10
646.750
20
-586.000
30
2596.000
11
648.000
21
-586.870
31
2596.000
0
LINE
8
TOPO-EXIST
10
649.238
20
-588.000
30
2596.000
11
648.000
21
-586.870
31
2596.000
0
LINE
8
TOPO-EXIST
10
649.238
20
-588.000
30
2596.000
11
650.000
21
-588.640
31
2596.000
0
LINE
8
TOPO-EXIST
10
651.545
20
-590.000
30
2596.000
11
650.000
21
-588.640
31
2596.000
0
LINE
8
TOPO-EXIST
10
651.545
20
-590.000
30
2596.000
11
652.000
21
-590.588
31
2596.000
0
LINE
8
TOPO-EXIST
10
652.960
20
-592.000
30
2596.000
11
652.000
21
-590.588
31
2596.000
0
LINE
8
TOPO-EXIST
10
652.960
20
-592.000
30
2596.000
11
654.000
21
-593.444
31
2596.000
0
LINE
8
TOPO-EXIST
10
654.400
20
-594.000
30
2596.000
11
654.000
21
-593.444
31
2596.000
0
LINE
8
TOPO-EXIST
10
654.400
20
-594.000
30
2596.000
11
655.920
21
-596.000
31
2596.000
0
LINE
8
TOPO-EXIST
10
655.920
20
-596.000
30
2596.000
11
656.000
21
-596.118
31
2596.000
0
LINE
8
TOPO-EXIST
10
657.143
20
-598.000
30
2596.000
11
656.000
21
-596.118
31
2596.000
0
LINE
8
TOPO-EXIST
10
657.143
20
-598.000
30
2596.000
11
658.000
21
-599.263
31
2596.000
0
LINE
8
TOPO-EXIST
10
658.538
20
-600.000
30
2596.000
11
658.000
21
-599.263
31
2596.000
0
LINE
8
TOPO-EXIST
10
658.538
20
-600.000
30
2596.000
11
660.000
21
-601.810
31
2596.000
0
LINE
8
TOPO-EXIST
10
660.154
20
-602.000
30
2596.000
11
660.000
21
-601.810
31
2596.000
0
LINE
8
TOPO-EXIST
10
660.154
20
-602.000
30
2596.000
11
661.643
21
-604.000
31
2596.000
0
LINE
8
TOPO-EXIST
10
661.643
20
-604.000
30
2596.000
11
662.000
21
-604.400
31
2596.000
0
LINE
8
TOPO-EXIST
10
663.667
20
-606.000
30
2596.000
11
662.000
21
-604.400
31
2596.000
0
LINE
8
TOPO-EXIST
10
663.667
20
-606.000
30
2596.000
11
664.000
21
-606.308
31
2596.000
0
LINE
8
TOPO-EXIST
10
665.692
20
-608.000
30
2596.000
11
664.000
21
-606.308
31
2596.000
0
LINE
8
TOPO-EXIST
10
665.692
20
-608.000
30
2596.000
11
666.000
21
-608.320
31
2596.000
0
LINE
8
TOPO-EXIST
10
667.680
20
-610.000
30
2596.000
11
666.000
21
-608.320
31
2596.000
0
LINE
8
TOPO-EXIST
10
667.680
20
-610.000
30
2596.000
11
668.000
21
-610.296
31
2596.000
0
LINE
8
TOPO-EXIST
10
669.533
20
-612.000
30
2596.000
11
668.000
21
-610.296
31
2596.000
0
LINE
8
TOPO-EXIST
10
669.533
20
-612.000
30
2596.000
11
670.000
21
-612.438
31
2596.000
0
LINE
8
TOPO-EXIST
10
671.923
20
-614.000
30
2596.000
11
670.000
21
-612.438
31
2596.000
0
LINE
8
TOPO-EXIST
10
671.923
20
-614.000
30
2596.000
11
672.000
21
-614.059
31
2596.000
0
LINE
8
TOPO-EXIST
10
674.000
20
-615.385
30
2596.000
11
672.000
21
-614.059
31
2596.000
0
LINE
8
TOPO-EXIST
10
674.923
20
-616.000
30
2596.000
11
674.000
21
-615.385
31
2596.000
0
LINE
8
TOPO-EXIST
10
674.923
20
-616.000
30
2596.000
11
676.000
21
-617.037
31
2596.000
0
LINE
8
TOPO-EXIST
10
676.765
20
-618.000
30
2596.000
11
676.000
21
-617.037
31
2596.000
0
LINE
8
TOPO-EXIST
10
676.765
20
-618.000
30
2596.000
11
678.000
21
-619.273
31
2596.000
0
LINE
8
TOPO-EXIST
10
678.800
20
-620.000
30
2596.000
11
678.000
21
-619.273
31
2596.000
0
LINE
8
TOPO-EXIST
10
678.800
20
-620.000
30
2596.000
11
680.000
21
-620.923
31
2596.000
0
LINE
8
TOPO-EXIST
10
681.050
20
-622.000
30
2596.000
11
680.000
21
-620.923
31
2596.000
0
LINE
8
TOPO-EXIST
10
681.050
20
-622.000
30
2596.000
11
682.000
21
-623.187
31
2596.000
0
LINE
8
TOPO-EXIST
10
682.684
20
-624.000
30
2596.000
11
682.000
21
-623.187
31
2596.000
0
LINE
8
TOPO-EXIST
10
682.684
20
-624.000
30
2596.000
11
684.000
21
-625.250
31
2596.000
0
LINE
8
TOPO-EXIST
10
684.811
20
-626.000
30
2596.000
11
684.000
21
-625.250
31
2596.000
0
LINE
8
TOPO-EXIST
10
684.811
20
-626.000
30
2596.000
11
686.000
21
-626.815
31
2596.000
0
LINE
8
TOPO-EXIST
10
688.000
20
-627.709
30
2596.000
11
686.000
21
-626.815
31
2596.000
0
LINE
8
TOPO-EXIST
10
688.356
20
-628.000
30
2596.000
11
688.000
21
-627.709
31
2596.000
0
LINE
8
TOPO-EXIST
10
688.356
20
-628.000
30
2596.000
11
689.785
21
-630.000
31
2596.000
0
LINE
8
TOPO-EXIST
10
680.000
20
-631.468
30
2596.000
11
678.390
21
-632.000
31
2596.000
0
LINE
8
TOPO-EXIST
10
682.000
20
-630.790
30
2596.000
11
680.000
21
-631.468
31
2596.000
0
LINE
8
TOPO-EXIST
10
684.000
20
-630.922
30
2596.000
11
682.000
21
-630.790
31
2596.000
0
LINE
8
TOPO-EXIST
10
686.000
20
-630.705
30
2596.000
11
684.000
21
-630.922
31
2596.000
0
LINE
8
TOPO-EXIST
10
687.269
20
-632.000
30
2596.000
11
686.000
21
-630.705
31
2596.000
0
LINE
8
TOPO-EXIST
10
689.785
20
-630.000
30
2596.000
11
690.000
21
-630.412
31
2596.000
0
LINE
8
TOPO-EXIST
10
691.174
20
-632.000
30
2596.000
11
690.000
21
-630.412
31
2596.000
0
LINE
8
TOPO-EXIST
10
674.000
20
-633.468
30
2596.000
11
672.429
21
-634.000
31
2596.000
0
LINE
8
TOPO-EXIST
10
676.000
20
-632.800
30
2596.000
11
674.000
21
-633.468
31
2596.000
0
LINE
8
TOPO-EXIST
10
678.000
20
-632.129
30
2596.000
11
676.000
21
-632.800
31
2596.000
0
LINE
8
TOPO-EXIST
10
678.390
20
-632.000
30
2596.000
11
678.000
21
-632.129
31
2596.000
0
LINE
8
TOPO-EXIST
10
687.269
20
-632.000
30
2596.000
11
688.000
21
-632.439
31
2596.000
0
LINE
8
TOPO-EXIST
10
689.577
20
-634.000
30
2596.000
11
688.000
21
-632.439
31
2596.000
0
LINE
8
TOPO-EXIST
10
691.174
20
-632.000
30
2596.000
11
692.000
21
-632.576
31
2596.000
0
LINE
8
TOPO-EXIST
10
692.734
20
-634.000
30
2596.000
11
692.000
21
-632.576
31
2596.000
0
LINE
8
TOPO-EXIST
10
668.000
20
-635.472
30
2596.000
11
666.429
21
-636.000
31
2596.000
0
LINE
8
TOPO-EXIST
10
670.000
20
-634.806
30
2596.000
11
668.000
21
-635.472
31
2596.000
0
LINE
8
TOPO-EXIST
10
672.000
20
-634.144
30
2596.000
11
670.000
21
-634.806
31
2596.000
0
LINE
8
TOPO-EXIST
10
672.429
20
-634.000
30
2596.000
11
672.000
21
-634.144
31
2596.000
0
LINE
8
TOPO-EXIST
10
689.577
20
-634.000
30
2596.000
11
690.000
21
-634.572
31
2596.000
0
LINE
8
TOPO-EXIST
10
691.619
20
-636.000
30
2596.000
11
690.000
21
-634.572
31
2596.000
0
LINE
8
TOPO-EXIST
10
692.734
20
-634.000
30
2596.000
11
692.294
21
-636.000
31
2596.000
0
LINE
8
TOPO-EXIST
10
662.000
20
-637.704
30
2596.000
11
660.933
21
-638.000
31
2596.000
0
LINE
8
TOPO-EXIST
10
664.000
20
-637.052
30
2596.000
11
662.000
21
-637.704
31
2596.000
0
LINE
8
TOPO-EXIST
10
666.000
20
-636.212
30
2596.000
11
664.000
21
-637.052
31
2596.000
0
LINE
8
TOPO-EXIST
10
666.429
20
-636.000
30
2596.000
11
666.000
21
-636.212
31
2596.000
0
LINE
8
TOPO-EXIST
10
691.619
20
-636.000
30
2596.000
11
691.118
21
-638.000
31
2596.000
0
LINE
8
TOPO-EXIST
10
692.294
20
-636.000
30
2596.000
11
694.000
21
-637.954
31
2596.000
0
LINE
8
TOPO-EXIST
10
694.049
20
-638.000
30
2596.000
11
694.000
21
-637.954
31
2596.000
0
LINE
8
TOPO-EXIST
10
660.933
20
-638.000
30
2596.000
11
661.600
21
-640.000
31
2596.000
0
LINE
8
TOPO-EXIST
10
690.000
20
-639.825
30
2596.000
11
689.938
21
-640.000
31
2596.000
0
LINE
8
TOPO-EXIST
10
691.118
20
-638.000
30
2596.000
11
690.000
21
-639.825
31
2596.000
0
LINE
8
TOPO-EXIST
10
694.000
20
-639.077
30
2596.000
11
693.836
21
-640.000
31
2596.000
0
LINE
8
TOPO-EXIST
10
694.049
20
-638.000
30
2596.000
11
694.000
21
-639.077
31
2596.000
0
LINE
8
TOPO-EXIST
10
661.600
20
-640.000
30
2596.000
11
662.000
21
-640.455
31
2596.000
0
LINE
8
TOPO-EXIST
10
663.360
20
-642.000
30
2596.000
11
662.000
21
-640.455
31
2596.000
0
LINE
8
TOPO-EXIST
10
689.938
20
-640.000
30
2596.000
11
689.278
21
-642.000
31
2596.000
0
LINE
8
TOPO-EXIST
10
693.836
20
-640.000
30
2596.000
11
693.452
21
-642.000
31
2596.000
0
LINE
8
TOPO-EXIST
10
663.360
20
-642.000
30
2596.000
11
664.000
21
-642.762
31
2596.000
0
LINE
8
TOPO-EXIST
10
665.040
20
-644.000
30
2596.000
11
664.000
21
-642.762
31
2596.000
0
LINE
8
TOPO-EXIST
10
689.278
20
-642.000
30
2596.000
11
688.869
21
-644.000
31
2596.000
0
LINE
8
TOPO-EXIST
10
693.452
20
-642.000
30
2596.000
11
693.068
21
-644.000
31
2596.000
0
LINE
8
TOPO-EXIST
10
665.040
20
-644.000
30
2596.000
11
666.000
21
-645.091
31
2596.000
0
LINE
8
TOPO-EXIST
10
666.800
20
-646.000
30
2596.000
11
666.000
21
-645.091
31
2596.000
0
LINE
8
TOPO-EXIST
10
688.000
20
-645.522
30
2596.000
11
687.797
21
-646.000
31
2596.000
0
LINE
8
TOPO-EXIST
10
688.869
20
-644.000
30
2596.000
11
688.000
21
-645.522
31
2596.000
0
LINE
8
TOPO-EXIST
10
693.068
20
-644.000
30
2596.000
11
692.685
21
-646.000
31
2596.000
0
LINE
8
TOPO-EXIST
10
666.800
20
-646.000
30
2596.000
11
668.000
21
-647.429
31
2596.000
0
LINE
8
TOPO-EXIST
10
668.500
20
-648.000
30
2596.000
11
668.000
21
-647.429
31
2596.000
0
LINE
8
TOPO-EXIST
10
687.797
20
-646.000
30
2596.000
11
687.174
21
-648.000
31
2596.000
0
LINE
8
TOPO-EXIST
10
692.685
20
-646.000
30
2596.000
11
692.274
21
-648.000
31
2596.000
0
LINE
8
TOPO-EXIST
10
668.500
20
-648.000
30
2596.000
11
670.000
21
-649.714
31
2596.000
0
LINE
8
TOPO-EXIST
10
670.240
20
-650.000
30
2596.000
11
670.000
21
-649.714
31
2596.000
0
LINE
8
TOPO-EXIST
10
687.174
20
-648.000
30
2596.000
11
686.687
21
-650.000
31
2596.000
0
LINE
8
TOPO-EXIST
10
692.000
20
-649.429
30
2596.000
11
691.890
21
-650.000
31
2596.000
0
LINE
8
TOPO-EXIST
10
692.274
20
-648.000
30
2596.000
11
692.000
21
-649.429
31
2596.000
0
LINE
8
TOPO-EXIST
10
670.240
20
-650.000
30
2596.000
11
672.000
21
-652.000
31
2596.000
0
LINE
8
TOPO-EXIST
10
686.000
20
-651.211
30
2596.000
11
685.538
21
-652.000
31
2596.000
0
LINE
8
TOPO-EXIST
10
686.687
20
-650.000
30
2596.000
11
686.000
21
-651.211
31
2596.000
0
LINE
8
TOPO-EXIST
10
691.890
20
-650.000
30
2596.000
11
691.507
21
-652.000
31
2596.000
0
LINE
8
TOPO-EXIST
10
672.000
20
-652.000
30
2596.000
11
672.000
21
-652.000
31
2596.000
0
LINE
8
TOPO-EXIST
10
673.680
20
-654.000
30
2596.000
11
672.000
21
-652.000
31
2596.000
0
LINE
8
TOPO-EXIST
10
685.538
20
-652.000
30
2596.000
11
684.945
21
-654.000
31
2596.000
0
LINE
8
TOPO-EXIST
10
691.507
20
-652.000
30
2596.000
11
691.096
21
-654.000
31
2596.000
0
LINE
8
TOPO-EXIST
10
673.680
20
-654.000
30
2596.000
11
674.000
21
-654.364
31
2596.000
0
LINE
8
TOPO-EXIST
10
675.440
20
-656.000
30
2596.000
11
674.000
21
-654.364
31
2596.000
0
LINE
8
TOPO-EXIST
10
684.945
20
-654.000
30
2596.000
11
684.515
21
-656.000
31
2596.000
0
LINE
8
TOPO-EXIST
10
691.096
20
-654.000
30
2596.000
11
690.712
21
-656.000
31
2596.000
0
LINE
8
TOPO-EXIST
10
675.440
20
-656.000
30
2596.000
11
676.000
21
-656.667
31
2596.000
0
LINE
8
TOPO-EXIST
10
677.120
20
-658.000
30
2596.000
11
676.000
21
-656.667
31
2596.000
0
LINE
8
TOPO-EXIST
10
684.000
20
-656.903
30
2596.000
11
682.984
21
-658.000
31
2596.000
0
LINE
8
TOPO-EXIST
10
684.515
20
-656.000
30
2596.000
11
684.000
21
-656.903
31
2596.000
0
LINE
8
TOPO-EXIST
10
690.712
20
-656.000
30
2596.000
11
690.329
21
-658.000
31
2596.000
0
LINE
8
TOPO-EXIST
10
677.120
20
-658.000
30
2596.000
11
678.000
21
-659.000
31
2596.000
0
LINE
8
TOPO-EXIST
10
678.880
20
-660.000
30
2596.000
11
678.000
21
-659.000
31
2596.000
0
LINE
8
TOPO-EXIST
10
682.984
20
-658.000
30
2596.000
11
682.398
21
-660.000
31
2596.000
0
LINE
8
TOPO-EXIST
10
690.000
20
-659.714
30
2596.000
11
689.945
21
-660.000
31
2596.000
0
LINE
8
TOPO-EXIST
10
690.329
20
-658.000
30
2596.000
11
690.000
21
-659.714
31
2596.000
0
LINE
8
TOPO-EXIST
10
678.880
20
-660.000
30
2596.000
11
680.000
21
-661.333
31
2596.000
0
LINE
8
TOPO-EXIST
10
680.583
20
-662.000
30
2596.000
11
680.000
21
-661.333
31
2596.000
0
LINE
8
TOPO-EXIST
10
682.398
20
-660.000
30
2596.000
11
682.190
21
-662.000
31
2596.000
0
LINE
8
TOPO-EXIST
10
689.945
20
-660.000
30
2596.000
11
689.534
21
-662.000
31
2596.000
0
LINE
8
TOPO-EXIST
10
680.583
20
-662.000
30
2596.000
11
682.000
21
-662.354
31
2596.000
0
LINE
8
TOPO-EXIST
10
682.190
20
-662.000
30
2596.000
11
682.000
21
-662.354
31
2596.000
0
LINE
8
TOPO-EXIST
10
689.534
20
-662.000
30
2596.000
11
689.151
21
-664.000
31
2596.000
0
LINE
8
TOPO-EXIST
10
689.151
20
-664.000
30
2596.000
11
688.966
21
-666.000
31
2596.000
0
LINE
8
TOPO-EXIST
10
688.966
20
-666.000
30
2596.000
11
689.077
21
-668.000
31
2596.000
0
LINE
8
TOPO-EXIST
10
708.000
20
-667.528
30
2596.000
11
706.776
21
-668.000
31
2596.000
0
LINE
8
TOPO-EXIST
10
710.000
20
-666.955
30
2596.000
11
708.000
21
-667.528
31
2596.000
0
LINE
8
TOPO-EXIST
10
710.479
20
-668.000
30
2596.000
11
710.000
21
-666.955
31
2596.000
0
LINE
8
TOPO-EXIST
10
689.077
20
-668.000
30
2596.000
11
690.000
21
-668.774
31
2596.000
0
LINE
8
TOPO-EXIST
10
691.187
20
-670.000
30
2596.000
11
690.000
21
-668.774
31
2596.000
0
LINE
8
TOPO-EXIST
10
702.000
20
-669.835
30
2596.000
11
701.612
21
-670.000
31
2596.000
0
LINE
8
TOPO-EXIST
10
704.000
20
-669.075
30
2596.000
11
702.000
21
-669.835
31
2596.000
0
LINE
8
TOPO-EXIST
10
706.000
20
-668.481
30
2596.000
11
704.000
21
-669.075
31
2596.000
0
LINE
8
TOPO-EXIST
10
706.776
20
-668.000
30
2596.000
11
706.000
21
-668.481
31
2596.000
0
LINE
8
TOPO-EXIST
10
710.000
20
-669.400
30
2596.000
11
709.441
21
-670.000
31
2596.000
0
LINE
8
TOPO-EXIST
10
710.479
20
-668.000
30
2596.000
11
710.000
21
-669.400
31
2596.000
0
LINE
8
TOPO-EXIST
10
691.187
20
-670.000
30
2596.000
11
691.838
21
-672.000
31
2596.000
0
LINE
8
TOPO-EXIST
10
698.000
20
-671.241
30
2596.000
11
696.429
21
-672.000
31
2596.000
0
LINE
8
TOPO-EXIST
10
700.000
20
-670.721
30
2596.000
11
698.000
21
-671.241
31
2596.000
0
LINE
8
TOPO-EXIST
10
701.612
20
-670.000
30
2596.000
11
700.000
21
-670.721
31
2596.000
0
LINE
8
TOPO-EXIST
10
708.000
20
-671.506
30
2596.000
11
707.537
21
-672.000
31
2596.000
0
LINE
8
TOPO-EXIST
10
709.441
20
-670.000
30
2596.000
11
708.000
21
-671.506
31
2596.000
0
LINE
8
TOPO-EXIST
10
691.838
20
-672.000
30
2596.000
11
692.000
21
-672.154
31
2596.000
0
LINE
8
TOPO-EXIST
10
694.000
20
-672.469
30
2596.000
11
692.000
21
-672.154
31
2596.000
0
LINE
8
TOPO-EXIST
10
696.000
20
-672.239
30
2596.000
11
694.000
21
-672.469
31
2596.000
0
LINE
8
TOPO-EXIST
10
696.429
20
-672.000
30
2596.000
11
696.000
21
-672.239
31
2596.000
0
LINE
8
TOPO-EXIST
10
706.000
20
-673.605
30
2596.000
11
705.631
21
-674.000
31
2596.000
0
LINE
8
TOPO-EXIST
10
707.537
20
-672.000
30
2596.000
11
706.000
21
-673.605
31
2596.000
0
LINE
8
TOPO-EXIST
10
704.000
20
-675.702
30
2596.000
11
703.719
21
-676.000
31
2596.000
0
LINE
8
TOPO-EXIST
10
705.631
20
-674.000
30
2596.000
11
704.000
21
-675.702
31
2596.000
0
LINE
8
TOPO-EXIST
10
702.000
20
-677.793
30
2596.000
11
701.805
21
-678.000
31
2596.000
0
LINE
8
TOPO-EXIST
10
703.719
20
-676.000
30
2596.000
11
702.000
21
-677.793
31
2596.000
0
LINE
8
TOPO-EXIST
10
700.000
20
-679.869
30
2596.000
11
699.874
21
-680.000
31
2596.000
0
LINE
8
TOPO-EXIST
10
701.805
20
-678.000
30
2596.000
11
700.000
21
-679.869
31
2596.000
0
LINE
8
TOPO-EXIST
10
699.874
20
-680.000
30
2596.000
11
700.000
21
-681.571
31
2596.000
0
LINE
8
TOPO-EXIST
10
700.146
20
-682.000
30
2596.000
11
700.000
21
-681.571
31
2596.000
0
LINE
8
TOPO-EXIST
10
700.146
20
-682.000
30
2596.000
11
701.500
21
-684.000
31
2596.000
0
LINE
8
TOPO-EXIST
10
720.000
20
-683.578
30
2596.000
11
718.830
21
-684.000
31
2596.000
0
LINE
8
TOPO-EXIST
10
721.851
20
-684.000
30
2596.000
11
720.000
21
-683.578
31
2596.000
0
LINE
8
TOPO-EXIST
10
701.500
20
-684.000
30
2596.000
11
702.000
21
-684.409
31
2596.000
0
LINE
8
TOPO-EXIST
10
704.000
20
-685.818
30
2596.000
11
702.000
21
-684.409
31
2596.000
0
LINE
8
TOPO-EXIST
10
704.167
20
-686.000
30
2596.000
11
704.000
21
-685.818
31
2596.000
0
LINE
8
TOPO-EXIST
10
714.000
20
-685.486
30
2596.000
11
712.790
21
-686.000
31
2596.000
0
LINE
8
TOPO-EXIST
10
716.000
20
-685.283
30
2596.000
11
714.000
21
-685.486
31
2596.000
0
LINE
8
TOPO-EXIST
10
718.000
20
-684.595
30
2596.000
11
716.000
21
-685.283
31
2596.000
0
LINE
8
TOPO-EXIST
10
718.830
20
-684.000
30
2596.000
11
718.000
21
-684.595
31
2596.000
0
LINE
8
TOPO-EXIST
10
721.851
20
-684.000
30
2596.000
11
721.940
21
-686.000
31
2596.000
0
LINE
8
TOPO-EXIST
10
704.167
20
-686.000
30
2596.000
11
705.185
21
-688.000
31
2596.000
0
LINE
8
TOPO-EXIST
10
708.000
20
-687.114
30
2596.000
11
706.440
21
-688.000
31
2596.000
0
LINE
8
TOPO-EXIST
10
710.000
20
-687.024
30
2596.000
11
708.000
21
-687.114
31
2596.000
0
LINE
8
TOPO-EXIST
10
712.000
20
-686.637
30
2596.000
11
710.000
21
-687.024
31
2596.000
0
LINE
8
TOPO-EXIST
10
712.790
20
-686.000
30
2596.000
11
712.000
21
-686.637
31
2596.000
0
LINE
8
TOPO-EXIST
10
721.940
20
-686.000
30
2596.000
11
722.000
21
-686.133
31
2596.000
0
LINE
8
TOPO-EXIST
10
723.302
20
-688.000
30
2596.000
11
722.000
21
-686.133
31
2596.000
0
LINE
8
TOPO-EXIST
10
705.185
20
-688.000
30
2596.000
11
706.000
21
-688.232
31
2596.000
0
LINE
8
TOPO-EXIST
10
706.440
20
-688.000
30
2596.000
11
706.000
21
-688.232
31
2596.000
0
LINE
8
TOPO-EXIST
10
723.302
20
-688.000
30
2596.000
11
723.696
21
-690.000
31
2596.000
0
LINE
8
TOPO-EXIST
10
723.696
20
-690.000
30
2596.000
11
724.000
21
-691.077
31
2596.000
0
LINE
8
TOPO-EXIST
10
724.300
20
-692.000
30
2596.000
11
724.000
21
-691.077
31
2596.000
0
LINE
8
TOPO-EXIST
10
724.300
20
-692.000
30
2596.000
11
725.073
21
-694.000
31
2596.000
0
LINE
8
TOPO-EXIST
10
725.073
20
-694.000
30
2596.000
11
726.000
21
-695.900
31
2596.000
0
LINE
8
TOPO-EXIST
10
726.054
20
-696.000
30
2596.000
11
726.000
21
-695.900
31
2596.000
0
LINE
8
TOPO-EXIST
10
726.054
20
-696.000
30
2596.000
11
726.650
21
-698.000
31
2596.000
0
LINE
8
TOPO-EXIST
10
726.650
20
-698.000
30
2596.000
11
726.950
21
-700.000
31
2596.000
0
LINE
8
TOPO-EXIST
10
726.950
20
-700.000
30
2596.000
11
727.486
21
-702.000
31
2596.000
0
LINE
8
TOPO-EXIST
10
727.486
20
-702.000
30
2596.000
11
727.737
21
-704.000
31
2596.000
0
LINE
8
TOPO-EXIST
10
727.737
20
-704.000
30
2596.000
11
727.937
21
-706.000
31
2596.000
0
LINE
8
TOPO-EXIST
10
727.937
20
-706.000
30
2596.000
11
728.000
21
-706.200
31
2596.000
0
LINE
8
TOPO-EXIST
10
728.581
20
-708.000
30
2596.000
11
728.000
21
-706.200
31
2596.000
0
LINE
8
TOPO-EXIST
10
728.581
20
-708.000
30
2596.000
11
728.500
21
-710.000
31
2596.000
0
LINE
8
TOPO-EXIST
10
728.500
20
-710.000
30
2596.000
11
728.867
21
-712.000
31
2596.000
0
LINE
8
TOPO-EXIST
10
728.867
20
-712.000
30
2596.000
11
729.538
21
-714.000
31
2596.000
0
LINE
8
TOPO-EXIST
10
729.538
20
-714.000
30
2596.000
11
730.000
21
-714.800
31
2596.000
0
LINE
8
TOPO-EXIST
10
730.667
20
-716.000
30
2596.000
11
730.000
21
-714.800
31
2596.000
0
LINE
8
TOPO-EXIST
10
730.667
20
-716.000
30
2596.000
11
731.586
21
-718.000
31
2596.000
0
LINE
8
TOPO-EXIST
10
731.586
20
-718.000
30
2596.000
11
732.000
21
-719.000
31
2596.000
0
LINE
8
TOPO-EXIST
10
732.414
20
-720.000
30
2596.000
11
732.000
21
-719.000
31
2596.000
0
LINE
8
TOPO-EXIST
10
732.414
20
-720.000
30
2596.000
11
732.621
21
-722.000
31
2596.000
0
LINE
8
TOPO-EXIST
10
732.621
20
-722.000
30
2596.000
11
732.786
21
-724.000
31
2596.000
0
LINE
8
TOPO-EXIST
10
732.786
20
-724.000
30
2596.000
11
733.000
21
-726.000
31
2596.000
0
LINE
8
TOPO-EXIST
10
733.000
20
-726.000
30
2596.000
11
733.286
21
-728.000
31
2596.000
0
LINE
8
TOPO-EXIST
10
733.286
20
-728.000
30
2596.000
11
733.571
21
-730.000
31
2596.000
0
LINE
8
TOPO-EXIST
10
733.571
20
-730.000
30
2596.000
11
734.000
21
-731.500
31
2596.000
0
LINE
8
TOPO-EXIST
10
734.143
20
-732.000
30
2596.000
11
734.000
21
-731.500
31
2596.000
0
LINE
8
TOPO-EXIST
10
734.143
20
-732.000
30
2596.000
11
734.640
21
-734.000
31
2596.000
0
LINE
8
TOPO-EXIST
10
734.640
20
-734.000
30
2596.000
11
736.000
21
-735.259
31
2596.000
0
LINE
8
TOPO-EXIST
10
736.870
20
-736.000
30
2596.000
11
736.000
21
-735.259
31
2596.000
0
LINE
8
TOPO-EXIST
10
736.870
20
-736.000
30
2596.000
11
738.000
21
-736.578
31
2596.000
0
LINE
8
TOPO-EXIST
10
740.000
20
-737.125
30
2596.000
11
738.000
21
-736.578
31
2596.000
0
LINE
8
TOPO-EXIST
10
742.000
20
-737.542
30
2596.000
11
740.000
21
-737.125
31
2596.000
0
LINE
8
TOPO-EXIST
10
742.449
20
-738.000
30
2596.000
11
742.000
21
-737.542
31
2596.000
0
LINE
8
TOPO-EXIST
10
742.449
20
-738.000
30
2596.000
11
743.158
21
-740.000
31
2596.000
0
LINE
8
TOPO-EXIST
10
743.158
20
-740.000
30
2596.000
11
743.833
21
-742.000
31
2596.000
0
LINE
8
TOPO-EXIST
10
743.833
20
-742.000
30
2596.000
11
744.000
21
-742.164
31
2596.000
0
LINE
8
TOPO-EXIST
10
746.000
20
-743.433
30
2596.000
11
744.000
21
-742.164
31
2596.000
0
LINE
8
TOPO-EXIST
10
746.923
20
-744.000
30
2596.000
11
746.000
21
-743.433
31
2596.000
0
LINE
8
TOPO-EXIST
10
746.923
20
-744.000
30
2596.000
11
748.000
21
-745.527
31
2596.000
0
LINE
8
TOPO-EXIST
10
748.867
20
-746.000
30
2596.000
11
748.000
21
-745.527
31
2596.000
0
LINE
8
TOPO-EXIST
10
748.867
20
-746.000
30
2596.000
11
749.312
21
-748.000
31
2596.000
0
LINE
8
TOPO-EXIST
10
749.312
20
-748.000
30
2596.000
11
749.771
21
-750.000
31
2596.000
0
LINE
8
TOPO-EXIST
10
749.771
20
-750.000
30
2596.000
11
749.944
21
-752.000
31
2596.000
0
LINE
8
TOPO-EXIST
10
749.944
20
-752.000
30
2596.000
11
750.000
21
-754.000
31
2596.000
0
LINE
8
TOPO-EXIST
10
750.000
20
-754.000
30
2596.000
11
750.000
21
-754.000
31
2596.000
0
LINE
8
TOPO-EXIST
10
750.111
20
-756.000
30
2596.000
11
750.000
21
-754.000
31
2596.000
0
LINE
8
TOPO-EXIST
10
750.111
20
-756.000
30
2596.000
11
750.632
21
-758.000
31
2596.000
0
LINE
8
TOPO-EXIST
10
750.632
20
-758.000
30
2596.000
11
751.053
21
-760.000
31
2596.000
0
LINE
8
TOPO-EXIST
10
751.053
20
-760.000
30
2596.000
11
751.500
21
-762.000
31
2596.000
0
LINE
8
TOPO-EXIST
10
751.500
20
-762.000
30
2596.000
11
751.905
21
-764.000
31
2596.000
0
LINE
8
TOPO-EXIST
10
751.905
20
-764.000
30
2596.000
11
752.000
21
-764.444
31
2596.000
0
LINE
8
TOPO-EXIST
10
752.368
20
-766.000
30
2596.000
11
752.000
21
-764.444
31
2596.000
0
LINE
8
TOPO-EXIST
10
752.368
20
-766.000
30
2596.000
11
752.850
21
-768.000
31
2596.000
0
LINE
8
TOPO-EXIST
10
752.850
20
-768.000
30
2596.000
11
753.190
21
-770.000
31
2596.000
0
LINE
8
TOPO-EXIST
10
753.190
20
-770.000
30
2596.000
11
753.467
21
-772.000
31
2596.000
0
LINE
8
TOPO-EXIST
10
753.467
20
-772.000
30
2596.000
11
754.000
21
-774.000
31
2596.000
0
LINE
8
TOPO-EXIST
10
754.000
20
-774.000
30
2596.000
11
754.000
21
-774.000
31
2596.000
0
LINE
8
TOPO-EXIST
10
754.842
20
-776.000
30
2596.000
11
754.000
21
-774.000
31
2596.000
0
LINE
8
TOPO-EXIST
10
754.842
20
-776.000
30
2596.000
11
755.500
21
-778.000
31
2596.000
0
LINE
8
TOPO-EXIST
10
755.500
20
-778.000
30
2596.000
11
756.000
21
-779.286
31
2596.000
0
LINE
8
TOPO-EXIST
10
756.286
20
-780.000
30
2596.000
11
756.000
21
-779.286
31
2596.000
0
LINE
8
TOPO-EXIST
10
456.000
20
-381.667
30
2597.000
11
455.846
21
-382.000
31
2597.000
0
LINE
8
TOPO-EXIST
10
456.769
20
-380.000
30
2597.000
11
456.000
21
-381.667
31
2597.000
0
LINE
8
TOPO-EXIST
10
455.846
20
-382.000
30
2597.000
11
454.923
21
-384.000
31
2597.000
0
LINE
8
TOPO-EXIST
10
454.000
20
-386.000
30
2597.000
11
454.000
21
-386.000
31
2597.000
0
LINE
8
TOPO-EXIST
10
454.923
20
-384.000
30
2597.000
11
454.000
21
-386.000
31
2597.000
0
LINE
8
TOPO-EXIST
10
454.000
20
-386.000
30
2597.000
11
453.143
21
-388.000
31
2597.000
0
LINE
8
TOPO-EXIST
10
453.143
20
-388.000
30
2597.000
11
452.286
21
-390.000
31
2597.000
0
LINE
8
TOPO-EXIST
10
452.000
20
-390.667
30
2597.000
11
451.385
21
-392.000
31
2597.000
0
LINE
8
TOPO-EXIST
10
452.286
20
-390.000
30
2597.000
11
452.000
21
-390.667
31
2597.000
0
LINE
8
TOPO-EXIST
10
451.385
20
-392.000
30
2597.000
11
450.462
21
-394.000
31
2597.000
0
LINE
8
TOPO-EXIST
10
450.000
20
-395.000
30
2597.000
11
449.571
21
-396.000
31
2597.000
0
LINE
8
TOPO-EXIST
10
450.462
20
-394.000
30
2597.000
11
450.000
21
-395.000
31
2597.000
0
LINE
8
TOPO-EXIST
10
449.571
20
-396.000
30
2597.000
11
448.714
21
-398.000
31
2597.000
0
LINE
8
TOPO-EXIST
10
448.000
20
-399.429
30
2597.000
11
447.714
21
-400.000
31
2597.000
0
LINE
8
TOPO-EXIST
10
448.714
20
-398.000
30
2597.000
11
448.000
21
-399.429
31
2597.000
0
LINE
8
TOPO-EXIST
10
447.714
20
-400.000
30
2597.000
11
446.857
21
-402.000
31
2597.000
0
LINE
8
TOPO-EXIST
10
446.000
20
-404.000
30
2597.000
11
446.000
21
-404.000
31
2597.000
0
LINE
8
TOPO-EXIST
10
446.857
20
-402.000
30
2597.000
11
446.000
21
-404.000
31
2597.000
0
LINE
8
TOPO-EXIST
10
460.000
20
-403.875
30
2597.000
11
459.833
21
-404.000
31
2597.000
0
LINE
8
TOPO-EXIST
10
460.667
20
-404.000
30
2597.000
11
460.000
21
-403.875
31
2597.000
0
LINE
8
TOPO-EXIST
10
446.000
20
-404.000
30
2597.000
11
445.077
21
-406.000
31
2597.000
0
LINE
8
TOPO-EXIST
10
458.000
20
-405.375
30
2597.000
11
457.091
21
-406.000
31
2597.000
0
LINE
8
TOPO-EXIST
10
459.833
20
-404.000
30
2597.000
11
458.000
21
-405.375
31
2597.000
0
LINE
8
TOPO-EXIST
10
460.667
20
-404.000
30
2597.000
11
462.000
21
-405.333
31
2597.000
0
LINE
8
TOPO-EXIST
10
462.667
20
-406.000
30
2597.000
11
462.000
21
-405.333
31
2597.000
0
LINE
8
TOPO-EXIST
10
445.077
20
-406.000
30
2597.000
11
444.250
21
-408.000
31
2597.000
0
LINE
8
TOPO-EXIST
10
456.000
20
-406.800
30
2597.000
11
454.364
21
-408.000
31
2597.000
0
LINE
8
TOPO-EXIST
10
457.091
20
-406.000
30
2597.000
11
456.000
21
-406.800
31
2597.000
0
LINE
8
TOPO-EXIST
10
462.667
20
-406.000
30
2597.000
11
463.000
21
-408.000
31
2597.000
0
LINE
8
TOPO-EXIST
10
444.000
20
-409.000
30
2597.000
11
443.800
21
-410.000
31
2597.000
0
LINE
8
TOPO-EXIST
10
444.250
20
-408.000
30
2597.000
11
444.000
21
-409.000
31
2597.000
0
LINE
8
TOPO-EXIST
10
452.000
20
-409.647
30
2597.000
11
451.538
21
-410.000
31
2597.000
0
LINE
8
TOPO-EXIST
10
454.000
20
-408.267
30
2597.000
11
452.000
21
-409.647
31
2597.000
0
LINE
8
TOPO-EXIST
10
454.364
20
-408.000
30
2597.000
11
454.000
21
-408.267
31
2597.000
0
LINE
8
TOPO-EXIST
10
463.000
20
-408.000
30
2597.000
11
463.333
21
-410.000
31
2597.000
0
LINE
8
TOPO-EXIST
10
443.800
20
-410.000
30
2597.000
11
443.667
21
-412.000
31
2597.000
0
LINE
8
TOPO-EXIST
10
450.000
20
-411.176
30
2597.000
11
448.833
21
-412.000
31
2597.000
0
LINE
8
TOPO-EXIST
10
451.538
20
-410.000
30
2597.000
11
450.000
21
-411.176
31
2597.000
0
LINE
8
TOPO-EXIST
10
463.333
20
-410.000
30
2597.000
11
463.500
21
-412.000
31
2597.000
0
LINE
8
TOPO-EXIST
10
443.667
20
-412.000
30
2597.000
11
443.667
21
-414.000
31
2597.000
0
LINE
8
TOPO-EXIST
10
448.000
20
-412.625
30
2597.000
11
446.167
21
-414.000
31
2597.000
0
LINE
8
TOPO-EXIST
10
448.833
20
-412.000
30
2597.000
11
448.000
21
-412.625
31
2597.000
0
LINE
8
TOPO-EXIST
10
463.500
20
-412.000
30
2597.000
11
464.000
21
-412.500
31
2597.000
0
LINE
8
TOPO-EXIST
10
466.000
20
-413.000
30
2597.000
11
464.000
21
-412.500
31
2597.000
0
LINE
8
TOPO-EXIST
10
468.000
20
-413.500
30
2597.000
11
466.000
21
-413.000
31
2597.000
0
LINE
8
TOPO-EXIST
10
470.000
20
-414.000
30
2597.000
11
468.000
21
-413.500
31
2597.000
0
LINE
8
TOPO-EXIST
10
443.667
20
-414.000
30
2597.000
11
444.000
21
-414.400
31
2597.000
0
LINE
8
TOPO-EXIST
10
446.000
20
-414.118
30
2597.000
11
444.000
21
-414.400
31
2597.000
0
LINE
8
TOPO-EXIST
10
446.167
20
-414.000
30
2597.000
11
446.000
21
-414.118
31
2597.000
0
LINE
8
TOPO-EXIST
10
470.000
20
-414.000
30
2597.000
11
470.000
21
-414.000
31
2597.000
0
LINE
8
TOPO-EXIST
10
472.000
20
-414.000
30
2597.000
11
470.000
21
-414.000
31
2597.000
0
LINE
8
TOPO-EXIST
10
474.000
20
-414.500
30
2597.000
11
472.000
21
-414.000
31
2597.000
0
LINE
8
TOPO-EXIST
10
476.000
20
-415.000
30
2597.000
11
474.000
21
-414.500
31
2597.000
0
LINE
8
TOPO-EXIST
10
478.000
20
-416.000
30
2597.000
11
476.000
21
-415.000
31
2597.000
0
LINE
8
TOPO-EXIST
10
478.000
20
-416.000
30
2597.000
11
478.000
21
-416.000
31
2597.000
0
LINE
8
TOPO-EXIST
10
478.800
20
-418.000
30
2597.000
11
478.000
21
-416.000
31
2597.000
0
LINE
8
TOPO-EXIST
10
478.800
20
-418.000
30
2597.000
11
478.667
21
-420.000
31
2597.000
0
LINE
8
TOPO-EXIST
10
478.667
20
-420.000
30
2597.000
11
478.667
21
-422.000
31
2597.000
0
LINE
8
TOPO-EXIST
10
478.667
20
-422.000
30
2597.000
11
478.667
21
-424.000
31
2597.000
0
LINE
8
TOPO-EXIST
10
478.667
20
-424.000
30
2597.000
11
478.667
21
-426.000
31
2597.000
0
LINE
8
TOPO-EXIST
10
478.667
20
-426.000
30
2597.000
11
478.667
21
-428.000
31
2597.000
0
LINE
8
TOPO-EXIST
10
478.667
20
-428.000
30
2597.000
11
478.400
21
-430.000
31
2597.000
0
LINE
8
TOPO-EXIST
10
478.400
20
-430.000
30
2597.000
11
478.400
21
-432.000
31
2597.000
0
LINE
8
TOPO-EXIST
10
478.400
20
-432.000
30
2597.000
11
478.333
21
-434.000
31
2597.000
0
LINE
8
TOPO-EXIST
10
478.333
20
-434.000
30
2597.000
11
478.333
21
-436.000
31
2597.000
0
LINE
8
TOPO-EXIST
10
478.333
20
-436.000
30
2597.000
11
478.333
21
-438.000
31
2597.000
0
LINE
8
TOPO-EXIST
10
478.333
20
-438.000
30
2597.000
11
478.333
21
-440.000
31
2597.000
0
LINE
8
TOPO-EXIST
10
478.333
20
-440.000
30
2597.000
11
478.333
21
-442.000
31
2597.000
0
LINE
8
TOPO-EXIST
10
478.000
20
-444.000
30
2597.000
11
478.000
21
-444.000
31
2597.000
0
LINE
8
TOPO-EXIST
10
478.333
20
-442.000
30
2597.000
11
478.000
21
-444.000
31
2597.000
0
LINE
8
TOPO-EXIST
10
478.000
20
-444.000
30
2597.000
11
478.000
21
-446.000
31
2597.000
0
LINE
8
TOPO-EXIST
10
478.000
20
-446.000
30
2597.000
11
478.000
21
-448.000
31
2597.000
0
LINE
8
TOPO-EXIST
10
478.000
20
-448.000
30
2597.000
11
478.000
21
-450.000
31
2597.000
0
LINE
8
TOPO-EXIST
10
478.000
20
-450.000
30
2597.000
11
478.000
21
-452.000
31
2597.000
0
LINE
8
TOPO-EXIST
10
478.000
20
-452.000
30
2597.000
11
478.000
21
-454.000
31
2597.000
0
LINE
8
TOPO-EXIST
10
472.000
20
-456.000
30
2597.000
11
472.000
21
-456.000
31
2597.000
0
LINE
8
TOPO-EXIST
10
474.000
20
-456.000
30
2597.000
11
472.000
21
-456.000
31
2597.000
0
LINE
8
TOPO-EXIST
10
476.000
20
-456.000
30
2597.000
11
474.000
21
-456.000
31
2597.000
0
LINE
8
TOPO-EXIST
10
478.000
20
-454.000
30
2597.000
11
476.000
21
-456.000
31
2597.000
0
LINE
8
TOPO-EXIST
10
462.000
20
-458.000
30
2597.000
11
462.000
21
-458.000
31
2597.000
0
LINE
8
TOPO-EXIST
10
464.000
20
-458.000
30
2597.000
11
462.000
21
-458.000
31
2597.000
0
LINE
8
TOPO-EXIST
10
466.000
20
-458.000
30
2597.000
11
464.000
21
-458.000
31
2597.000
0
LINE
8
TOPO-EXIST
10
468.000
20
-458.000
30
2597.000
11
466.000
21
-458.000
31
2597.000
0
LINE
8
TOPO-EXIST
10
470.000
20
-458.000
30
2597.000
11
468.000
21
-458.000
31
2597.000
0
LINE
8
TOPO-EXIST
10
472.000
20
-456.000
30
2597.000
11
470.000
21
-458.000
31
2597.000
0
LINE
8
TOPO-EXIST
10
452.000
20
-460.000
30
2597.000
11
452.000
21
-460.000
31
2597.000
0
LINE
8
TOPO-EXIST
10
454.000
20
-460.000
30
2597.000
11
452.000
21
-460.000
31
2597.000
0
LINE
8
TOPO-EXIST
10
456.000
20
-460.000
30
2597.000
11
454.000
21
-460.000
31
2597.000
0
LINE
8
TOPO-EXIST
10
458.000
20
-460.000
30
2597.000
11
456.000
21
-460.000
31
2597.000
0
LINE
8
TOPO-EXIST
10
460.000
20
-460.000
30
2597.000
11
458.000
21
-460.000
31
2597.000
0
LINE
8
TOPO-EXIST
10
462.000
20
-458.000
30
2597.000
11
460.000
21
-460.000
31
2597.000
0
LINE
8
TOPO-EXIST
10
452.000
20
-460.000
30
2597.000
11
452.000
21
-460.000
31
2597.000
0
LINE
8
TOPO-EXIST
10
454.000
20
-460.000
30
2597.000
11
452.000
21
-460.000
31
2597.000
0
LINE
8
TOPO-EXIST
10
456.000
20
-460.000
30
2597.000
11
454.000
21
-460.000
31
2597.000
0
LINE
8
TOPO-EXIST
10
458.000
20
-460.000
30
2597.000
11
456.000
21
-460.000
31
2597.000
0
LINE
8
TOPO-EXIST
10
460.000
20
-460.000
30
2597.000
11
458.000
21
-460.000
31
2597.000
0
LINE
8
TOPO-EXIST
10
462.000
20
-460.000
30
2597.000
11
460.000
21
-460.000
31
2597.000
0
LINE
8
TOPO-EXIST
10
464.000
20
-462.000
30
2597.000
11
462.000
21
-460.000
31
2597.000
0
LINE
8
TOPO-EXIST
10
464.000
20
-462.000
30
2597.000
11
464.000
21
-464.000
31
2597.000
0
LINE
8
TOPO-EXIST
10
464.000
20
-464.000
30
2597.000
11
464.000
21
-466.000
31
2597.000
0
LINE
8
TOPO-EXIST
10
464.000
20
-466.000
30
2597.000
11
464.000
21
-468.000
31
2597.000
0
LINE
8
TOPO-EXIST
10
464.000
20
-468.000
30
2597.000
11
464.000
21
-470.000
31
2597.000
0
LINE
8
TOPO-EXIST
10
464.000
20
-470.000
30
2597.000
11
464.000
21
-470.000
31
2597.000
0
LINE
8
TOPO-EXIST
10
466.000
20
-472.000
30
2597.000
11
464.000
21
-470.000
31
2597.000
0
LINE
8
TOPO-EXIST
10
466.000
20
-472.000
30
2597.000
11
466.000
21
-474.000
31
2597.000
0
LINE
8
TOPO-EXIST
10
494.000
20
-472.000
30
2597.000
11
492.000
21
-474.000
31
2597.000
0
LINE
8
TOPO-EXIST
10
496.000
20
-474.000
30
2597.000
11
494.000
21
-472.000
31
2597.000
0
LINE
8
TOPO-EXIST
10
466.000
20
-474.000
30
2597.000
11
466.000
21
-476.000
31
2597.000
0
LINE
8
TOPO-EXIST
10
492.000
20
-474.000
30
2597.000
11
492.000
21
-476.000
31
2597.000
0
LINE
8
TOPO-EXIST
10
496.000
20
-474.000
30
2597.000
11
496.000
21
-476.000
31
2597.000
0
LINE
8
TOPO-EXIST
10
466.000
20
-476.000
30
2597.000
11
466.000
21
-478.000
31
2597.000
0
LINE
8
TOPO-EXIST
10
492.000
20
-476.000
30
2597.000
11
492.000
21
-478.000
31
2597.000
0
LINE
8
TOPO-EXIST
10
496.000
20
-476.000
30
2597.000
11
496.000
21
-478.000
31
2597.000
0
LINE
8
TOPO-EXIST
10
466.000
20
-478.000
30
2597.000
11
466.000
21
-480.000
31
2597.000
0
LINE
8
TOPO-EXIST
10
492.000
20
-478.000
30
2597.000
11
490.000
21
-480.000
31
2597.000
0
LINE
8
TOPO-EXIST
10
492.000
20
-478.000
30
2597.000
11
492.000
21
-478.000
31
2597.000
0
LINE
8
TOPO-EXIST
10
496.000
20
-478.000
30
2597.000
11
496.000
21
-480.000
31
2597.000
0
LINE
8
TOPO-EXIST
10
466.000
20
-480.000
30
2597.000
11
466.000
21
-482.000
31
2597.000
0
LINE
8
TOPO-EXIST
10
490.000
20
-480.000
30
2597.000
11
490.000
21
-482.000
31
2597.000
0
LINE
8
TOPO-EXIST
10
496.000
20
-480.000
30
2597.000
11
496.000
21
-482.000
31
2597.000
0
LINE
8
TOPO-EXIST
10
466.000
20
-482.000
30
2597.000
11
466.000
21
-484.000
31
2597.000
0
LINE
8
TOPO-EXIST
10
490.000
20
-482.000
30
2597.000
11
490.000
21
-484.000
31
2597.000
0
LINE
8
TOPO-EXIST
10
494.000
20
-484.000
30
2597.000
11
494.000
21
-484.000
31
2597.000
0
LINE
8
TOPO-EXIST
10
496.000
20
-482.000
30
2597.000
11
494.000
21
-484.000
31
2597.000
0
LINE
8
TOPO-EXIST
10
466.000
20
-484.000
30
2597.000
11
466.000
21
-486.000
31
2597.000
0
LINE
8
TOPO-EXIST
10
490.000
20
-484.000
30
2597.000
11
488.000
21
-486.000
31
2597.000
0
LINE
8
TOPO-EXIST
10
490.000
20
-484.000
30
2597.000
11
490.000
21
-484.000
31
2597.000
0
LINE
8
TOPO-EXIST
10
494.000
20
-484.000
30
2597.000
11
494.000
21
-486.000
31
2597.000
0
LINE
8
TOPO-EXIST
10
466.000
20
-486.000
30
2597.000
11
466.000
21
-486.000
31
2597.000
0
LINE
8
TOPO-EXIST
10
468.000
20
-488.000
30
2597.000
11
466.000
21
-486.000
31
2597.000
0
LINE
8
TOPO-EXIST
10
480.000
20
-486.000
30
2597.000
11
478.000
21
-488.000
31
2597.000
0
LINE
8
TOPO-EXIST
10
482.000
20
-486.000
30
2597.000
11
480.000
21
-486.000
31
2597.000
0
LINE
8
TOPO-EXIST
10
484.000
20
-486.000
30
2597.000
11
482.000
21
-486.000
31
2597.000
0
LINE
8
TOPO-EXIST
10
486.000
20
-486.000
30
2597.000
11
484.000
21
-486.000
31
2597.000
0
LINE
8
TOPO-EXIST
10
488.000
20
-486.000
30
2597.000
11
486.000
21
-486.000
31
2597.000
0
LINE
8
TOPO-EXIST
10
488.000
20
-486.000
30
2597.000
11
488.000
21
-486.000
31
2597.000
0
LINE
8
TOPO-EXIST
10
494.000
20
-486.000
30
2597.000
11
494.000
21
-486.000
31
2597.000
0
LINE
8
TOPO-EXIST
10
496.000
20
-486.000
30
2597.000
11
494.000
21
-486.000
31
2597.000
0
LINE
8
TOPO-EXIST
10
498.000
20
-486.000
30
2597.000
11
496.000
21
-486.000
31
2597.000
0
LINE
8
TOPO-EXIST
10
500.000
20
-486.000
30
2597.000
11
498.000
21
-486.000
31
2597.000
0
LINE
8
TOPO-EXIST
10
502.000
20
-486.000
30
2597.000
11
500.000
21
-486.000
31
2597.000
0
LINE
8
TOPO-EXIST
10
504.000
20
-486.000
30
2597.000
11
502.000
21
-486.000
31
2597.000
0
LINE
8
TOPO-EXIST
10
506.000
20
-486.000
30
2597.000
11
504.000
21
-486.000
31
2597.000
0
LINE
8
TOPO-EXIST
10
508.000
20
-486.000
30
2597.000
11
506.000
21
-486.000
31
2597.000
0
LINE
8
TOPO-EXIST
10
510.000
20
-486.000
30
2597.000
11
508.000
21
-486.000
31
2597.000
0
LINE
8
TOPO-EXIST
10
512.000
20
-486.000
30
2597.000
11
510.000
21
-486.000
31
2597.000
0
LINE
8
TOPO-EXIST
10
514.000
20
-486.000
30
2597.000
11
512.000
21
-486.000
31
2597.000
0
LINE
8
TOPO-EXIST
10
516.000
20
-486.000
30
2597.000
11
514.000
21
-486.000
31
2597.000
0
LINE
8
TOPO-EXIST
10
518.000
20
-486.000
30
2597.000
11
516.000
21
-486.000
31
2597.000
0
LINE
8
TOPO-EXIST
10
520.000
20
-486.000
30
2597.000
11
518.000
21
-486.000
31
2597.000
0
LINE
8
TOPO-EXIST
10
522.000
20
-486.000
30
2597.000
11
520.000
21
-486.000
31
2597.000
0
LINE
8
TOPO-EXIST
10
524.000
20
-486.000
30
2597.000
11
522.000
21
-486.000
31
2597.000
0
LINE
8
TOPO-EXIST
10
526.000
20
-486.000
30
2597.000
11
524.000
21
-486.000
31
2597.000
0
LINE
8
TOPO-EXIST
10
528.000
20
-486.000
30
2597.000
11
526.000
21
-486.000
31
2597.000
0
LINE
8
TOPO-EXIST
10
530.000
20
-486.000
30
2597.000
11
528.000
21
-486.000
31
2597.000
0
LINE
8
TOPO-EXIST
10
532.000
20
-486.000
30
2597.000
11
530.000
21
-486.000
31
2597.000
0
LINE
8
TOPO-EXIST
10
534.000
20
-486.000
30
2597.000
11
532.000
21
-486.000
31
2597.000
0
LINE
8
TOPO-EXIST
10
536.000
20
-486.000
30
2597.000
11
534.000
21
-486.000
31
2597.000
0
LINE
8
TOPO-EXIST
10
538.000
20
-486.000
30
2597.000
11
536.000
21
-486.000
31
2597.000
0
LINE
8
TOPO-EXIST
10
540.000
20
-486.000
30
2597.000
11
538.000
21
-486.000
31
2597.000
0
LINE
8
TOPO-EXIST
10
542.000
20
-486.000
30
2597.000
11
540.000
21
-486.000
31
2597.000
0
LINE
8
TOPO-EXIST
10
544.000
20
-486.000
30
2597.000
11
542.000
21
-486.000
31
2597.000
0
LINE
8
TOPO-EXIST
10
546.000
20
-486.000
30
2597.000
11
544.000
21
-486.000
31
2597.000
0
LINE
8
TOPO-EXIST
10
548.000
20
-486.000
30
2597.000
11
546.000
21
-486.000
31
2597.000
0
LINE
8
TOPO-EXIST
10
550.000
20
-486.000
30
2597.000
11
548.000
21
-486.000
31
2597.000
0
LINE
8
TOPO-EXIST
10
552.000
20
-486.000
30
2597.000
11
550.000
21
-486.000
31
2597.000
0
LINE
8
TOPO-EXIST
10
554.000
20
-488.000
30
2597.000
11
552.000
21
-486.000
31
2597.000
0
LINE
8
TOPO-EXIST
10
468.000
20
-488.000
30
2597.000
11
468.000
21
-490.000
31
2597.000
0
LINE
8
TOPO-EXIST
10
476.000
20
-488.000
30
2597.000
11
474.000
21
-490.000
31
2597.000
0
LINE
8
TOPO-EXIST
10
478.000
20
-488.000
30
2597.000
11
476.000
21
-488.000
31
2597.000
0
LINE
8
TOPO-EXIST
10
478.000
20
-488.000
30
2597.000
11
478.000
21
-488.000
31
2597.000
0
LINE
8
TOPO-EXIST
10
554.000
20
-488.000
30
2597.000
11
554.000
21
-488.000
31
2597.000
0
LINE
8
TOPO-EXIST
10
556.000
20
-488.000
30
2597.000
11
554.000
21
-488.000
31
2597.000
0
LINE
8
TOPO-EXIST
10
558.000
20
-490.000
30
2597.000
11
556.000
21
-488.000
31
2597.000
0
LINE
8
TOPO-EXIST
10
468.000
20
-490.000
30
2597.000
11
468.000
21
-492.000
31
2597.000
0
LINE
8
TOPO-EXIST
10
470.000
20
-490.000
30
2597.000
11
468.000
21
-492.000
31
2597.000
0
LINE
8
TOPO-EXIST
10
472.000
20
-490.000
30
2597.000
11
470.000
21
-490.000
31
2597.000
0
LINE
8
TOPO-EXIST
10
474.000
20
-490.000
30
2597.000
11
472.000
21
-490.000
31
2597.000
0
LINE
8
TOPO-EXIST
10
474.000
20
-490.000
30
2597.000
11
474.000
21
-490.000
31
2597.000
0
LINE
8
TOPO-EXIST
10
558.000
20
-490.000
30
2597.000
11
558.000
21
-490.000
31
2597.000
0
LINE
8
TOPO-EXIST
10
560.000
20
-492.000
30
2597.000
11
558.000
21
-490.000
31
2597.000
0
LINE
8
TOPO-EXIST
10
468.000
20
-492.000
30
2597.000
11
468.000
21
-492.000
31
2597.000
0
LINE
8
TOPO-EXIST
10
468.000
20
-492.000
30
2597.000
11
468.000
21
-492.000
31
2597.000
0
LINE
8
TOPO-EXIST
10
560.000
20
-492.000
30
2597.000
11
560.000
21
-492.000
31
2597.000
0
LINE
8
TOPO-EXIST
10
562.000
20
-494.000
30
2597.000
11
560.000
21
-492.000
31
2597.000
0
LINE
8
TOPO-EXIST
10
562.000
20
-494.000
30
2597.000
11
562.000
21
-494.000
31
2597.000
0
LINE
8
TOPO-EXIST
10
564.000
20
-494.000
30
2597.000
11
562.000
21
-494.000
31
2597.000
0
LINE
8
TOPO-EXIST
10
566.000
20
-496.000
30
2597.000
11
564.000
21
-494.000
31
2597.000
0
LINE
8
TOPO-EXIST
10
566.000
20
-496.000
30
2597.000
11
566.000
21
-496.000
31
2597.000
0
LINE
8
TOPO-EXIST
10
568.000
20
-498.000
30
2597.000
11
566.000
21
-496.000
31
2597.000
0
LINE
8
TOPO-EXIST
10
568.000
20
-498.000
30
2597.000
11
568.000
21
-498.000
31
2597.000
0
LINE
8
TOPO-EXIST
10
570.000
20
-500.000
30
2597.000
11
568.000
21
-498.000
31
2597.000
0
LINE
8
TOPO-EXIST
10
570.000
20
-500.000
30
2597.000
11
570.000
21
-500.000
31
2597.000
0
LINE
8
TOPO-EXIST
10
572.000
20
-500.000
30
2597.000
11
570.000
21
-500.000
31
2597.000
0
LINE
8
TOPO-EXIST
10
574.000
20
-502.000
30
2597.000
11
572.000
21
-500.000
31
2597.000
0
LINE
8
TOPO-EXIST
10
574.000
20
-502.000
30
2597.000
11
574.000
21
-502.000
31
2597.000
0
LINE
8
TOPO-EXIST
10
576.000
20
-504.000
30
2597.000
11
574.000
21
-502.000
31
2597.000
0
LINE
8
TOPO-EXIST
10
576.000
20
-504.000
30
2597.000
11
576.000
21
-504.000
31
2597.000
0
LINE
8
TOPO-EXIST
10
578.000
20
-506.000
30
2597.000
11
576.000
21
-504.000
31
2597.000
0
LINE
8
TOPO-EXIST
10
578.000
20
-506.000
30
2597.000
11
578.000
21
-506.000
31
2597.000
0
LINE
8
TOPO-EXIST
10
580.000
20
-506.000
30
2597.000
11
578.000
21
-506.000
31
2597.000
0
LINE
8
TOPO-EXIST
10
582.000
20
-508.000
30
2597.000
11
580.000
21
-506.000
31
2597.000
0
LINE
8
TOPO-EXIST
10
582.000
20
-508.000
30
2597.000
11
582.000
21
-508.000
31
2597.000
0
LINE
8
TOPO-EXIST
10
584.000
20
-510.000
30
2597.000
11
582.000
21
-508.000
31
2597.000
0
LINE
8
TOPO-EXIST
10
588.000
20
-508.000
30
2597.000
11
586.000
21
-510.000
31
2597.000
0
LINE
8
TOPO-EXIST
10
590.000
20
-508.000
30
2597.000
11
588.000
21
-508.000
31
2597.000
0
LINE
8
TOPO-EXIST
10
592.000
20
-508.000
30
2597.000
11
590.000
21
-508.000
31
2597.000
0
LINE
8
TOPO-EXIST
10
594.000
20
-508.000
30
2597.000
11
592.000
21
-508.000
31
2597.000
0
LINE
8
TOPO-EXIST
10
596.000
20
-508.000
30
2597.000
11
594.000
21
-508.000
31
2597.000
0
LINE
8
TOPO-EXIST
10
598.000
20
-508.000
30
2597.000
11
596.000
21
-508.000
31
2597.000
0
LINE
8
TOPO-EXIST
10
600.000
20
-508.000
30
2597.000
11
598.000
21
-508.000
31
2597.000
0
LINE
8
TOPO-EXIST
10
602.000
20
-508.000
30
2597.000
11
600.000
21
-508.000
31
2597.000
0
LINE
8
TOPO-EXIST
10
604.000
20
-510.000
30
2597.000
11
602.000
21
-508.000
31
2597.000
0
LINE
8
TOPO-EXIST
10
584.000
20
-510.000
30
2597.000
11
584.000
21
-510.000
31
2597.000
0
LINE
8
TOPO-EXIST
10
586.000
20
-510.000
30
2597.000
11
584.000
21
-510.000
31
2597.000
0
LINE
8
TOPO-EXIST
10
586.000
20
-510.000
30
2597.000
11
586.000
21
-510.000
31
2597.000
0
LINE
8
TOPO-EXIST
10
604.000
20
-510.000
30
2597.000
11
604.000
21
-510.000
31
2597.000
0
LINE
8
TOPO-EXIST
10
606.000
20
-510.000
30
2597.000
11
604.000
21
-510.000
31
2597.000
0
LINE
8
TOPO-EXIST
10
608.000
20
-510.000
30
2597.000
11
606.000
21
-510.000
31
2597.000
0
LINE
8
TOPO-EXIST
10
610.000
20
-510.000
30
2597.000
11
608.000
21
-510.000
31
2597.000
0
LINE
8
TOPO-EXIST
10
612.000
20
-510.000
30
2597.000
11
610.000
21
-510.000
31
2597.000
0
LINE
8
TOPO-EXIST
10
614.000
20
-510.000
30
2597.000
11
612.000
21
-510.000
31
2597.000
0
LINE
8
TOPO-EXIST
10
616.000
20
-510.000
30
2597.000
11
614.000
21
-510.000
31
2597.000
0
LINE
8
TOPO-EXIST
10
618.000
20
-510.000
30
2597.000
11
616.000
21
-510.000
31
2597.000
0
LINE
8
TOPO-EXIST
10
620.000
20
-512.000
30
2597.000
11
618.000
21
-510.000
31
2597.000
0
LINE
8
TOPO-EXIST
10
620.000
20
-512.000
30
2597.000
11
620.000
21
-512.000
31
2597.000
0
LINE
8
TOPO-EXIST
10
622.000
20
-512.000
30
2597.000
11
620.000
21
-512.000
31
2597.000
0
LINE
8
TOPO-EXIST
10
624.000
20
-512.000
30
2597.000
11
622.000
21
-512.000
31
2597.000
0
LINE
8
TOPO-EXIST
10
626.000
20
-512.000
30
2597.000
11
624.000
21
-512.000
31
2597.000
0
LINE
8
TOPO-EXIST
10
628.000
20
-513.984
30
2597.000
11
626.000
21
-512.000
31
2597.000
0
LINE
8
TOPO-EXIST
10
628.010
20
-514.000
30
2597.000
11
628.000
21
-513.984
31
2597.000
0
LINE
8
TOPO-EXIST
10
628.010
20
-514.000
30
2597.000
11
630.000
21
-515.990
31
2597.000
0
LINE
8
TOPO-EXIST
10
630.008
20
-516.000
30
2597.000
11
630.000
21
-515.990
31
2597.000
0
LINE
8
TOPO-EXIST
10
630.008
20
-516.000
30
2597.000
11
632.000
21
-518.000
31
2597.000
0
LINE
8
TOPO-EXIST
10
632.000
20
-518.000
30
2597.000
11
632.000
21
-518.000
31
2597.000
0
LINE
8
TOPO-EXIST
10
632.800
20
-520.000
30
2597.000
11
632.000
21
-518.000
31
2597.000
0
LINE
8
TOPO-EXIST
10
632.800
20
-520.000
30
2597.000
11
634.000
21
-521.059
31
2597.000
0
LINE
8
TOPO-EXIST
10
636.000
20
-521.883
30
2597.000
11
634.000
21
-521.059
31
2597.000
0
LINE
8
TOPO-EXIST
10
638.000
20
-521.948
30
2597.000
11
636.000
21
-521.883
31
2597.000
0
LINE
8
TOPO-EXIST
10
638.167
20
-522.000
30
2597.000
11
638.000
21
-521.948
31
2597.000
0
LINE
8
TOPO-EXIST
10
638.167
20
-522.000
30
2597.000
11
640.000
21
-523.650
31
2597.000
0
LINE
8
TOPO-EXIST
10
640.560
20
-524.000
30
2597.000
11
640.000
21
-523.650
31
2597.000
0
LINE
8
TOPO-EXIST
10
640.560
20
-524.000
30
2597.000
11
640.811
21
-526.000
31
2597.000
0
LINE
8
TOPO-EXIST
10
640.811
20
-526.000
30
2597.000
11
640.939
21
-528.000
31
2597.000
0
LINE
8
TOPO-EXIST
10
640.939
20
-528.000
30
2597.000
11
640.760
21
-530.000
31
2597.000
0
LINE
8
TOPO-EXIST
10
640.760
20
-530.000
30
2597.000
11
640.571
21
-532.000
31
2597.000
0
LINE
8
TOPO-EXIST
10
640.571
20
-532.000
30
2597.000
11
640.408
21
-534.000
31
2597.000
0
LINE
8
TOPO-EXIST
10
640.408
20
-534.000
30
2597.000
11
640.240
21
-536.000
31
2597.000
0
LINE
8
TOPO-EXIST
10
640.240
20
-536.000
30
2597.000
11
640.077
21
-538.000
31
2597.000
0
LINE
8
TOPO-EXIST
10
640.000
20
-538.667
30
2597.000
11
639.843
21
-540.000
31
2597.000
0
LINE
8
TOPO-EXIST
10
640.077
20
-538.000
30
2597.000
11
640.000
21
-538.667
31
2597.000
0
LINE
8
TOPO-EXIST
10
639.843
20
-540.000
30
2597.000
11
639.615
21
-542.000
31
2597.000
0
LINE
8
TOPO-EXIST
10
639.615
20
-542.000
30
2597.000
11
639.385
21
-544.000
31
2597.000
0
LINE
8
TOPO-EXIST
10
639.385
20
-544.000
30
2597.000
11
639.364
21
-546.000
31
2597.000
0
LINE
8
TOPO-EXIST
10
638.000
20
-548.000
30
2597.000
11
638.000
21
-548.000
31
2597.000
0
LINE
8
TOPO-EXIST
10
639.364
20
-546.000
30
2597.000
11
638.000
21
-548.000
31
2597.000
0
LINE
8
TOPO-EXIST
10
638.000
20
-548.000
30
2597.000
11
638.000
21
-550.000
31
2597.000
0
LINE
8
TOPO-EXIST
10
638.000
20
-550.000
30
2597.000
11
638.000
21
-552.000
31
2597.000
0
LINE
8
TOPO-EXIST
10
638.000
20
-552.000
30
2597.000
11
638.000
21
-554.000
31
2597.000
0
LINE
8
TOPO-EXIST
10
638.000
20
-554.000
30
2597.000
11
638.000
21
-556.000
31
2597.000
0
LINE
8
TOPO-EXIST
10
638.000
20
-556.000
30
2597.000
11
638.000
21
-558.000
31
2597.000
0
LINE
8
TOPO-EXIST
10
638.000
20
-558.000
30
2597.000
11
638.000
21
-560.000
31
2597.000
0
LINE
8
TOPO-EXIST
10
638.000
20
-560.000
30
2597.000
11
638.000
21
-562.000
31
2597.000
0
LINE
8
TOPO-EXIST
10
638.000
20
-562.000
30
2597.000
11
636.750
21
-564.000
31
2597.000
0
LINE
8
TOPO-EXIST
10
634.000
20
-566.000
30
2597.000
11
634.000
21
-566.000
31
2597.000
0
LINE
8
TOPO-EXIST
10
634.000
20
-566.000
30
2597.000
11
634.000
21
-566.000
31
2597.000
0
LINE
8
TOPO-EXIST
10
636.750
20
-564.000
30
2597.000
11
636.905
21
-566.000
31
2597.000
0
LINE
8
TOPO-EXIST
10
634.000
20
-566.000
30
2597.000
11
634.000
21
-566.000
31
2597.000
0
LINE
8
TOPO-EXIST
10
634.000
20
-566.000
30
2597.000
11
634.000
21
-566.000
31
2597.000
0
LINE
8
TOPO-EXIST
10
636.905
20
-566.000
30
2597.000
11
638.000
21
-567.122
31
2597.000
0
LINE
8
TOPO-EXIST
10
638.434
20
-568.000
30
2597.000
11
638.000
21
-567.122
31
2597.000
0
LINE
8
TOPO-EXIST
10
638.434
20
-568.000
30
2597.000
11
639.878
21
-570.000
31
2597.000
0
LINE
8
TOPO-EXIST
10
639.878
20
-570.000
30
2597.000
11
640.000
21
-570.857
31
2597.000
0
LINE
8
TOPO-EXIST
10
640.800
20
-572.000
30
2597.000
11
640.000
21
-570.857
31
2597.000
0
LINE
8
TOPO-EXIST
10
640.800
20
-572.000
30
2597.000
11
642.000
21
-572.462
31
2597.000
0
LINE
8
TOPO-EXIST
10
643.176
20
-574.000
30
2597.000
11
642.000
21
-572.462
31
2597.000
0
LINE
8
TOPO-EXIST
10
643.176
20
-574.000
30
2597.000
11
644.000
21
-575.077
31
2597.000
0
LINE
8
TOPO-EXIST
10
644.706
20
-576.000
30
2597.000
11
644.000
21
-575.077
31
2597.000
0
LINE
8
TOPO-EXIST
10
644.706
20
-576.000
30
2597.000
11
646.000
21
-577.692
31
2597.000
0
LINE
8
TOPO-EXIST
10
646.800
20
-578.000
30
2597.000
11
646.000
21
-577.692
31
2597.000
0
LINE
8
TOPO-EXIST
10
646.800
20
-578.000
30
2597.000
11
648.000
21
-578.480
31
2597.000
0
LINE
8
TOPO-EXIST
10
649.810
20
-580.000
30
2597.000
11
648.000
21
-578.480
31
2597.000
0
LINE
8
TOPO-EXIST
10
649.810
20
-580.000
30
2597.000
11
650.000
21
-580.167
31
2597.000
0
LINE
8
TOPO-EXIST
10
652.000
20
-582.000
30
2597.000
11
650.000
21
-580.167
31
2597.000
0
LINE
8
TOPO-EXIST
10
652.000
20
-582.000
30
2597.000
11
652.000
21
-582.000
31
2597.000
0
LINE
8
TOPO-EXIST
10
654.000
20
-583.600
30
2597.000
11
652.000
21
-582.000
31
2597.000
0
LINE
8
TOPO-EXIST
10
654.556
20
-584.000
30
2597.000
11
654.000
21
-583.600
31
2597.000
0
LINE
8
TOPO-EXIST
10
654.556
20
-584.000
30
2597.000
11
656.000
21
-585.182
31
2597.000
0
LINE
8
TOPO-EXIST
10
656.692
20
-586.000
30
2597.000
11
656.000
21
-585.182
31
2597.000
0
LINE
8
TOPO-EXIST
10
656.692
20
-586.000
30
2597.000
11
658.000
21
-588.000
31
2597.000
0
LINE
8
TOPO-EXIST
10
658.000
20
-588.000
30
2597.000
11
658.000
21
-588.000
31
2597.000
0
LINE
8
TOPO-EXIST
10
659.440
20
-590.000
30
2597.000
11
658.000
21
-588.000
31
2597.000
0
LINE
8
TOPO-EXIST
10
659.440
20
-590.000
30
2597.000
11
660.000
21
-590.778
31
2597.000
0
LINE
8
TOPO-EXIST
10
660.880
20
-592.000
30
2597.000
11
660.000
21
-590.778
31
2597.000
0
LINE
8
TOPO-EXIST
10
660.880
20
-592.000
30
2597.000
11
662.000
21
-594.000
31
2597.000
0
LINE
8
TOPO-EXIST
10
662.000
20
-594.000
30
2597.000
11
662.000
21
-594.000
31
2597.000
0
LINE
8
TOPO-EXIST
10
663.143
20
-596.000
30
2597.000
11
662.000
21
-594.000
31
2597.000
0
LINE
8
TOPO-EXIST
10
663.143
20
-596.000
30
2597.000
11
664.000
21
-597.143
31
2597.000
0
LINE
8
TOPO-EXIST
10
664.692
20
-598.000
30
2597.000
11
664.000
21
-597.143
31
2597.000
0
LINE
8
TOPO-EXIST
10
664.692
20
-598.000
30
2597.000
11
666.000
21
-599.789
31
2597.000
0
LINE
8
TOPO-EXIST
10
666.143
20
-600.000
30
2597.000
11
666.000
21
-599.789
31
2597.000
0
LINE
8
TOPO-EXIST
10
666.143
20
-600.000
30
2597.000
11
667.667
21
-602.000
31
2597.000
0
LINE
8
TOPO-EXIST
10
667.667
20
-602.000
30
2597.000
11
668.000
21
-602.308
31
2597.000
0
LINE
8
TOPO-EXIST
10
669.692
20
-604.000
30
2597.000
11
668.000
21
-602.308
31
2597.000
0
LINE
8
TOPO-EXIST
10
669.692
20
-604.000
30
2597.000
11
670.000
21
-604.400
31
2597.000
0
LINE
8
TOPO-EXIST
10
671.231
20
-606.000
30
2597.000
11
670.000
21
-604.400
31
2597.000
0
LINE
8
TOPO-EXIST
10
671.231
20
-606.000
30
2597.000
11
672.000
21
-606.741
31
2597.000
0
LINE
8
TOPO-EXIST
10
673.030
20
-608.000
30
2597.000
11
672.000
21
-606.741
31
2597.000
0
LINE
8
TOPO-EXIST
10
673.030
20
-608.000
30
2597.000
11
674.000
21
-609.231
31
2597.000
0
LINE
8
TOPO-EXIST
10
674.769
20
-610.000
30
2597.000
11
674.000
21
-609.231
31
2597.000
0
LINE
8
TOPO-EXIST
10
674.769
20
-610.000
30
2597.000
11
676.000
21
-611.103
31
2597.000
0
LINE
8
TOPO-EXIST
10
677.182
20
-612.000
30
2597.000
11
676.000
21
-611.103
31
2597.000
0
LINE
8
TOPO-EXIST
10
677.182
20
-612.000
30
2597.000
11
678.000
21
-612.563
31
2597.000
0
LINE
8
TOPO-EXIST
10
679.314
20
-614.000
30
2597.000
11
678.000
21
-612.563
31
2597.000
0
LINE
8
TOPO-EXIST
10
679.314
20
-614.000
30
2597.000
11
680.000
21
-614.960
31
2597.000
0
LINE
8
TOPO-EXIST
10
680.788
20
-616.000
30
2597.000
11
680.000
21
-614.960
31
2597.000
0
LINE
8
TOPO-EXIST
10
680.788
20
-616.000
30
2597.000
11
682.000
21
-617.111
31
2597.000
0
LINE
8
TOPO-EXIST
10
682.970
20
-618.000
30
2597.000
11
682.000
21
-617.111
31
2597.000
0
LINE
8
TOPO-EXIST
10
682.970
20
-618.000
30
2597.000
11
684.000
21
-619.214
31
2597.000
0
LINE
8
TOPO-EXIST
10
684.524
20
-620.000
30
2597.000
11
684.000
21
-619.214
31
2597.000
0
LINE
8
TOPO-EXIST
10
684.524
20
-620.000
30
2597.000
11
685.857
21
-622.000
31
2597.000
0
LINE
8
TOPO-EXIST
10
685.857
20
-622.000
30
2597.000
11
686.000
21
-622.150
31
2597.000
0
LINE
8
TOPO-EXIST
10
687.947
20
-624.000
30
2597.000
11
686.000
21
-622.150
31
2597.000
0
LINE
8
TOPO-EXIST
10
687.947
20
-624.000
30
2597.000
11
688.000
21
-624.037
31
2597.000
0
LINE
8
TOPO-EXIST
10
690.000
20
-624.980
30
2597.000
11
688.000
21
-624.037
31
2597.000
0
LINE
8
TOPO-EXIST
10
690.912
20
-626.000
30
2597.000
11
690.000
21
-624.980
31
2597.000
0
LINE
8
TOPO-EXIST
10
690.912
20
-626.000
30
2597.000
11
691.881
21
-628.000
31
2597.000
0
LINE
8
TOPO-EXIST
10
691.881
20
-628.000
30
2597.000
11
692.000
21
-628.242
31
2597.000
0
LINE
8
TOPO-EXIST
10
693.074
20
-630.000
30
2597.000
11
692.000
21
-628.242
31
2597.000
0
LINE
8
TOPO-EXIST
10
684.000
20
-631.843
30
2597.000
11
683.190
21
-632.000
31
2597.000
0
LINE
8
TOPO-EXIST
10
686.000
20
-631.525
30
2597.000
11
684.000
21
-631.843
31
2597.000
0
LINE
8
TOPO-EXIST
10
686.466
20
-632.000
30
2597.000
11
686.000
21
-631.525
31
2597.000
0
LINE
8
TOPO-EXIST
10
693.074
20
-630.000
30
2597.000
11
694.000
21
-630.758
31
2597.000
0
LINE
8
TOPO-EXIST
10
694.631
20
-632.000
30
2597.000
11
694.000
21
-630.758
31
2597.000
0
LINE
8
TOPO-EXIST
10
678.000
20
-633.742
30
2597.000
11
677.220
21
-634.000
31
2597.000
0
LINE
8
TOPO-EXIST
10
680.000
20
-633.072
30
2597.000
11
678.000
21
-633.742
31
2597.000
0
LINE
8
TOPO-EXIST
10
682.000
20
-632.403
30
2597.000
11
680.000
21
-633.072
31
2597.000
0
LINE
8
TOPO-EXIST
10
683.190
20
-632.000
30
2597.000
11
682.000
21
-632.403
31
2597.000
0
LINE
8
TOPO-EXIST
10
686.466
20
-632.000
30
2597.000
11
688.000
21
-632.920
31
2597.000
0
LINE
8
TOPO-EXIST
10
689.090
20
-634.000
30
2597.000
11
688.000
21
-632.920
31
2597.000
0
LINE
8
TOPO-EXIST
10
694.631
20
-632.000
30
2597.000
11
694.131
21
-634.000
31
2597.000
0
LINE
8
TOPO-EXIST
10
672.000
20
-635.744
30
2597.000
11
671.238
21
-636.000
31
2597.000
0
LINE
8
TOPO-EXIST
10
674.000
20
-635.081
30
2597.000
11
672.000
21
-635.744
31
2597.000
0
LINE
8
TOPO-EXIST
10
676.000
20
-634.403
30
2597.000
11
674.000
21
-635.081
31
2597.000
0
LINE
8
TOPO-EXIST
10
677.220
20
-634.000
30
2597.000
11
676.000
21
-634.403
31
2597.000
0
LINE
8
TOPO-EXIST
10
689.090
20
-634.000
30
2597.000
11
690.000
21
-635.230
31
2597.000
0
LINE
8
TOPO-EXIST
10
690.873
20
-636.000
30
2597.000
11
690.000
21
-635.230
31
2597.000
0
LINE
8
TOPO-EXIST
10
694.000
20
-634.177
30
2597.000
11
692.870
21
-636.000
31
2597.000
0
LINE
8
TOPO-EXIST
10
694.131
20
-634.000
30
2597.000
11
694.000
21
-634.177
31
2597.000
0
LINE
8
TOPO-EXIST
10
668.000
20
-637.971
30
2597.000
11
667.920
21
-638.000
31
2597.000
0
LINE
8
TOPO-EXIST
10
670.000
20
-637.000
30
2597.000
11
668.000
21
-637.971
31
2597.000
0
LINE
8
TOPO-EXIST
10
671.238
20
-636.000
30
2597.000
11
670.000
21
-637.000
31
2597.000
0
LINE
8
TOPO-EXIST
10
690.873
20
-636.000
30
2597.000
11
690.043
21
-638.000
31
2597.000
0
LINE
8
TOPO-EXIST
10
692.870
20
-636.000
30
2597.000
11
694.000
21
-637.294
31
2597.000
0
LINE
8
TOPO-EXIST
10
694.751
20
-638.000
30
2597.000
11
694.000
21
-637.294
31
2597.000
0
LINE
8
TOPO-EXIST
10
667.920
20
-638.000
30
2597.000
11
668.000
21
-638.091
31
2597.000
0
LINE
8
TOPO-EXIST
10
669.680
20
-640.000
30
2597.000
11
668.000
21
-638.091
31
2597.000
0
LINE
8
TOPO-EXIST
10
690.000
20
-638.070
30
2597.000
11
689.319
21
-640.000
31
2597.000
0
LINE
8
TOPO-EXIST
10
690.043
20
-638.000
30
2597.000
11
690.000
21
-638.070
31
2597.000
0
LINE
8
TOPO-EXIST
10
694.751
20
-638.000
30
2597.000
11
696.000
21
-639.789
31
2597.000
0
LINE
8
TOPO-EXIST
10
696.296
20
-640.000
30
2597.000
11
696.000
21
-639.789
31
2597.000
0
LINE
8
TOPO-EXIST
10
669.680
20
-640.000
30
2597.000
11
670.000
21
-640.381
31
2597.000
0
LINE
8
TOPO-EXIST
10
671.360
20
-642.000
30
2597.000
11
670.000
21
-640.381
31
2597.000
0
LINE
8
TOPO-EXIST
10
689.319
20
-640.000
30
2597.000
11
688.639
21
-642.000
31
2597.000
0
LINE
8
TOPO-EXIST
10
696.296
20
-640.000
30
2597.000
11
696.192
21
-642.000
31
2597.000
0
LINE
8
TOPO-EXIST
10
671.360
20
-642.000
30
2597.000
11
672.000
21
-642.727
31
2597.000
0
LINE
8
TOPO-EXIST
10
673.120
20
-644.000
30
2597.000
11
672.000
21
-642.727
31
2597.000
0
LINE
8
TOPO-EXIST
10
688.000
20
-643.754
30
2597.000
11
687.839
21
-644.000
31
2597.000
0
LINE
8
TOPO-EXIST
10
688.639
20
-642.000
30
2597.000
11
688.000
21
-643.754
31
2597.000
0
LINE
8
TOPO-EXIST
10
696.000
20
-643.000
30
2597.000
11
695.808
21
-644.000
31
2597.000
0
LINE
8
TOPO-EXIST
10
696.192
20
-642.000
30
2597.000
11
696.000
21
-643.000
31
2597.000
0
LINE
8
TOPO-EXIST
10
673.120
20
-644.000
30
2597.000
11
674.000
21
-645.048
31
2597.000
0
LINE
8
TOPO-EXIST
10
674.833
20
-646.000
30
2597.000
11
674.000
21
-645.048
31
2597.000
0
LINE
8
TOPO-EXIST
10
687.839
20
-644.000
30
2597.000
11
687.045
21
-646.000
31
2597.000
0
LINE
8
TOPO-EXIST
10
695.808
20
-644.000
30
2597.000
11
695.425
21
-646.000
31
2597.000
0
LINE
8
TOPO-EXIST
10
674.833
20
-646.000
30
2597.000
11
676.000
21
-647.333
31
2597.000
0
LINE
8
TOPO-EXIST
10
676.560
20
-648.000
30
2597.000
11
676.000
21
-647.333
31
2597.000
0
LINE
8
TOPO-EXIST
10
687.045
20
-646.000
30
2597.000
11
686.529
21
-648.000
31
2597.000
0
LINE
8
TOPO-EXIST
10
695.425
20
-646.000
30
2597.000
11
695.014
21
-648.000
31
2597.000
0
LINE
8
TOPO-EXIST
10
676.560
20
-648.000
30
2597.000
11
678.000
21
-649.636
31
2597.000
0
LINE
8
TOPO-EXIST
10
678.320
20
-650.000
30
2597.000
11
678.000
21
-649.636
31
2597.000
0
LINE
8
TOPO-EXIST
10
686.000
20
-649.451
30
2597.000
11
685.392
21
-650.000
31
2597.000
0
LINE
8
TOPO-EXIST
10
686.529
20
-648.000
30
2597.000
11
686.000
21
-649.451
31
2597.000
0
LINE
8
TOPO-EXIST
10
695.014
20
-648.000
30
2597.000
11
694.630
21
-650.000
31
2597.000
0
LINE
8
TOPO-EXIST
10
678.320
20
-650.000
30
2597.000
11
680.000
21
-652.000
31
2597.000
0
LINE
8
TOPO-EXIST
10
685.392
20
-650.000
30
2597.000
11
684.513
21
-652.000
31
2597.000
0
LINE
8
TOPO-EXIST
10
694.630
20
-650.000
30
2597.000
11
694.247
21
-652.000
31
2597.000
0
LINE
8
TOPO-EXIST
10
680.000
20
-652.000
30
2597.000
11
680.000
21
-652.000
31
2597.000
0
LINE
8
TOPO-EXIST
10
681.760
20
-654.000
30
2597.000
11
680.000
21
-652.000
31
2597.000
0
LINE
8
TOPO-EXIST
10
684.513
20
-652.000
30
2597.000
11
684.207
21
-654.000
31
2597.000
0
LINE
8
TOPO-EXIST
10
694.000
20
-653.200
30
2597.000
11
693.836
21
-654.000
31
2597.000
0
LINE
8
TOPO-EXIST
10
694.247
20
-652.000
30
2597.000
11
694.000
21
-653.200
31
2597.000
0
LINE
8
TOPO-EXIST
10
681.760
20
-654.000
30
2597.000
11
682.000
21
-654.286
31
2597.000
0
LINE
8
TOPO-EXIST
10
684.000
20
-654.727
30
2597.000
11
682.000
21
-654.286
31
2597.000
0
LINE
8
TOPO-EXIST
10
684.207
20
-654.000
30
2597.000
11
684.000
21
-654.727
31
2597.000
0
LINE
8
TOPO-EXIST
10
693.836
20
-654.000
30
2597.000
11
693.452
21
-656.000
31
2597.000
0
LINE
8
TOPO-EXIST
10
693.452
20
-656.000
30
2597.000
11
693.068
21
-658.000
31
2597.000
0
LINE
8
TOPO-EXIST
10
693.068
20
-658.000
30
2597.000
11
692.820
21
-660.000
31
2597.000
0
LINE
8
TOPO-EXIST
10
692.820
20
-660.000
30
2597.000
11
692.667
21
-662.000
31
2597.000
0
LINE
8
TOPO-EXIST
10
692.667
20
-662.000
30
2597.000
11
694.000
21
-663.667
31
2597.000
0
LINE
8
TOPO-EXIST
10
694.308
20
-664.000
30
2597.000
11
694.000
21
-663.667
31
2597.000
0
LINE
8
TOPO-EXIST
10
694.308
20
-664.000
30
2597.000
11
695.562
21
-666.000
31
2597.000
0
LINE
8
TOPO-EXIST
10
710.000
20
-665.968
30
2597.000
11
709.918
21
-666.000
31
2597.000
0
LINE
8
TOPO-EXIST
10
712.000
20
-665.413
30
2597.000
11
710.000
21
-665.968
31
2597.000
0
LINE
8
TOPO-EXIST
10
714.000
20
-665.203
30
2597.000
11
712.000
21
-665.413
31
2597.000
0
LINE
8
TOPO-EXIST
10
716.000
20
-665.945
30
2597.000
11
714.000
21
-665.203
31
2597.000
0
LINE
8
TOPO-EXIST
10
716.065
20
-666.000
30
2597.000
11
716.000
21
-665.945
31
2597.000
0
LINE
8
TOPO-EXIST
10
695.562
20
-666.000
30
2597.000
11
696.000
21
-667.400
31
2597.000
0
LINE
8
TOPO-EXIST
10
696.162
20
-668.000
30
2597.000
11
696.000
21
-667.400
31
2597.000
0
LINE
8
TOPO-EXIST
10
706.000
20
-667.512
30
2597.000
11
704.735
21
-668.000
31
2597.000
0
LINE
8
TOPO-EXIST
10
708.000
20
-666.740
30
2597.000
11
706.000
21
-667.512
31
2597.000
0
LINE
8
TOPO-EXIST
10
709.918
20
-666.000
30
2597.000
11
708.000
21
-666.740
31
2597.000
0
LINE
8
TOPO-EXIST
10
712.000
20
-666.492
30
2597.000
11
710.936
21
-668.000
31
2597.000
0
LINE
8
TOPO-EXIST
10
714.000
20
-667.979
30
2597.000
11
712.000
21
-666.492
31
2597.000
0
LINE
8
TOPO-EXIST
10
716.000
20
-666.068
30
2597.000
11
714.000
21
-667.979
31
2597.000
0
LINE
8
TOPO-EXIST
10
716.065
20
-666.000
30
2597.000
11
716.000
21
-666.068
31
2597.000
0
LINE
8
TOPO-EXIST
10
696.162
20
-668.000
30
2597.000
11
696.667
21
-670.000
31
2597.000
0
LINE
8
TOPO-EXIST
10
700.000
20
-669.543
30
2597.000
11
699.106
21
-670.000
31
2597.000
0
LINE
8
TOPO-EXIST
10
702.000
20
-668.965
30
2597.000
11
700.000
21
-669.543
31
2597.000
0
LINE
8
TOPO-EXIST
10
704.000
20
-668.285
30
2597.000
11
702.000
21
-668.965
31
2597.000
0
LINE
8
TOPO-EXIST
10
704.735
20
-668.000
30
2597.000
11
704.000
21
-668.285
31
2597.000
0
LINE
8
TOPO-EXIST
10
710.936
20
-668.000
30
2597.000
11
710.629
21
-670.000
31
2597.000
0
LINE
8
TOPO-EXIST
10
696.667
20
-670.000
30
2597.000
11
698.000
21
-670.256
31
2597.000
0
LINE
8
TOPO-EXIST
10
699.106
20
-670.000
30
2597.000
11
698.000
21
-670.256
31
2597.000
0
LINE
8
TOPO-EXIST
10
710.000
20
-670.655
30
2597.000
11
708.709
21
-672.000
31
2597.000
0
LINE
8
TOPO-EXIST
10
710.629
20
-670.000
30
2597.000
11
710.000
21
-670.655
31
2597.000
0
LINE
8
TOPO-EXIST
10
708.000
20
-672.738
30
2597.000
11
706.789
21
-674.000
31
2597.000
0
LINE
8
TOPO-EXIST
10
708.709
20
-672.000
30
2597.000
11
708.000
21
-672.738
31
2597.000
0
LINE
8
TOPO-EXIST
10
706.000
20
-674.821
30
2597.000
11
704.869
21
-676.000
31
2597.000
0
LINE
8
TOPO-EXIST
10
706.789
20
-674.000
30
2597.000
11
706.000
21
-674.821
31
2597.000
0
LINE
8
TOPO-EXIST
10
704.000
20
-677.407
30
2597.000
11
703.443
21
-678.000
31
2597.000
0
LINE
8
TOPO-EXIST
10
704.869
20
-676.000
30
2597.000
11
704.000
21
-677.407
31
2597.000
0
LINE
8
TOPO-EXIST
10
703.443
20
-678.000
30
2597.000
11
703.800
21
-680.000
31
2597.000
0
LINE
8
TOPO-EXIST
10
703.800
20
-680.000
30
2597.000
11
704.000
21
-680.381
31
2597.000
0
LINE
8
TOPO-EXIST
10
705.062
20
-682.000
30
2597.000
11
704.000
21
-680.381
31
2597.000
0
LINE
8
TOPO-EXIST
10
722.000
20
-681.703
30
2597.000
11
721.517
21
-682.000
31
2597.000
0
LINE
8
TOPO-EXIST
10
724.000
20
-681.845
30
2597.000
11
722.000
21
-681.703
31
2597.000
0
LINE
8
TOPO-EXIST
10
724.310
20
-682.000
30
2597.000
11
724.000
21
-681.845
31
2597.000
0
LINE
8
TOPO-EXIST
10
705.062
20
-682.000
30
2597.000
11
706.000
21
-682.682
31
2597.000
0
LINE
8
TOPO-EXIST
10
707.184
20
-684.000
30
2597.000
11
706.000
21
-682.682
31
2597.000
0
LINE
8
TOPO-EXIST
10
718.000
20
-683.681
30
2597.000
11
717.309
21
-684.000
31
2597.000
0
LINE
8
TOPO-EXIST
10
720.000
20
-682.898
30
2597.000
11
718.000
21
-683.681
31
2597.000
0
LINE
8
TOPO-EXIST
10
721.517
20
-682.000
30
2597.000
11
720.000
21
-682.898
31
2597.000
0
LINE
8
TOPO-EXIST
10
724.310
20
-682.000
30
2597.000
11
725.077
21
-684.000
31
2597.000
0
LINE
8
TOPO-EXIST
10
707.184
20
-684.000
30
2597.000
11
708.000
21
-685.818
31
2597.000
0
LINE
8
TOPO-EXIST
10
708.074
20
-686.000
30
2597.000
11
708.000
21
-685.818
31
2597.000
0
LINE
8
TOPO-EXIST
10
712.000
20
-685.561
30
2597.000
11
711.182
21
-686.000
31
2597.000
0
LINE
8
TOPO-EXIST
10
714.000
20
-684.961
30
2597.000
11
712.000
21
-685.561
31
2597.000
0
LINE
8
TOPO-EXIST
10
716.000
20
-684.660
30
2597.000
11
714.000
21
-684.961
31
2597.000
0
LINE
8
TOPO-EXIST
10
717.309
20
-684.000
30
2597.000
11
716.000
21
-684.660
31
2597.000
0
LINE
8
TOPO-EXIST
10
725.077
20
-684.000
30
2597.000
11
726.000
21
-685.231
31
2597.000
0
LINE
8
TOPO-EXIST
10
726.682
20
-686.000
30
2597.000
11
726.000
21
-685.231
31
2597.000
0
LINE
8
TOPO-EXIST
10
708.074
20
-686.000
30
2597.000
11
710.000
21
-686.350
31
2597.000
0
LINE
8
TOPO-EXIST
10
711.182
20
-686.000
30
2597.000
11
710.000
21
-686.350
31
2597.000
0
LINE
8
TOPO-EXIST
10
726.682
20
-686.000
30
2597.000
11
727.739
21
-688.000
31
2597.000
0
LINE
8
TOPO-EXIST
10
727.739
20
-688.000
30
2597.000
11
728.000
21
-688.923
31
2597.000
0
LINE
8
TOPO-EXIST
10
728.359
20
-690.000
30
2597.000
11
728.000
21
-688.923
31
2597.000
0
LINE
8
TOPO-EXIST
10
728.359
20
-690.000
30
2597.000
11
729.268
21
-692.000
31
2597.000
0
LINE
8
TOPO-EXIST
10
729.268
20
-692.000
30
2597.000
11
730.000
21
-693.364
31
2597.000
0
LINE
8
TOPO-EXIST
10
730.378
20
-694.000
30
2597.000
11
730.000
21
-693.364
31
2597.000
0
LINE
8
TOPO-EXIST
10
730.378
20
-694.000
30
2597.000
11
731.474
21
-696.000
31
2597.000
0
LINE
8
TOPO-EXIST
10
731.474
20
-696.000
30
2597.000
11
731.700
21
-698.000
31
2597.000
0
LINE
8
TOPO-EXIST
10
731.700
20
-698.000
30
2597.000
11
732.000
21
-699.500
31
2597.000
0
LINE
8
TOPO-EXIST
10
732.114
20
-700.000
30
2597.000
11
732.000
21
-699.500
31
2597.000
0
LINE
8
TOPO-EXIST
10
732.114
20
-700.000
30
2597.000
11
732.865
21
-702.000
31
2597.000
0
LINE
8
TOPO-EXIST
10
732.865
20
-702.000
30
2597.000
11
733.086
21
-704.000
31
2597.000
0
LINE
8
TOPO-EXIST
10
733.086
20
-704.000
30
2597.000
11
734.000
21
-705.882
31
2597.000
0
LINE
8
TOPO-EXIST
10
734.063
20
-706.000
30
2597.000
11
734.000
21
-705.882
31
2597.000
0
LINE
8
TOPO-EXIST
10
734.063
20
-706.000
30
2597.000
11
734.968
21
-708.000
31
2597.000
0
LINE
8
TOPO-EXIST
10
734.968
20
-708.000
30
2597.000
11
735.067
21
-710.000
31
2597.000
0
LINE
8
TOPO-EXIST
10
735.067
20
-710.000
30
2597.000
11
736.000
21
-712.000
31
2597.000
0
LINE
8
TOPO-EXIST
10
736.000
20
-712.000
30
2597.000
11
736.000
21
-712.000
31
2597.000
0
LINE
8
TOPO-EXIST
10
736.828
20
-714.000
30
2597.000
11
736.000
21
-712.000
31
2597.000
0
LINE
8
TOPO-EXIST
10
736.828
20
-714.000
30
2597.000
11
737.655
21
-716.000
31
2597.000
0
LINE
8
TOPO-EXIST
10
737.655
20
-716.000
30
2597.000
11
738.000
21
-716.909
31
2597.000
0
LINE
8
TOPO-EXIST
10
738.414
20
-718.000
30
2597.000
11
738.000
21
-716.909
31
2597.000
0
LINE
8
TOPO-EXIST
10
738.414
20
-718.000
30
2597.000
11
739.241
21
-720.000
31
2597.000
0
LINE
8
TOPO-EXIST
10
739.241
20
-720.000
30
2597.000
11
739.571
21
-722.000
31
2597.000
0
LINE
8
TOPO-EXIST
10
739.571
20
-722.000
30
2597.000
11
739.857
21
-724.000
31
2597.000
0
LINE
8
TOPO-EXIST
10
739.857
20
-724.000
30
2597.000
11
740.000
21
-725.000
31
2597.000
0
LINE
8
TOPO-EXIST
10
740.143
20
-726.000
30
2597.000
11
740.000
21
-725.000
31
2597.000
0
LINE
8
TOPO-EXIST
10
740.143
20
-726.000
30
2597.000
11
740.429
21
-728.000
31
2597.000
0
LINE
8
TOPO-EXIST
10
740.429
20
-728.000
30
2597.000
11
740.867
21
-730.000
31
2597.000
0
LINE
8
TOPO-EXIST
10
740.867
20
-730.000
30
2597.000
11
741.071
21
-732.000
31
2597.000
0
LINE
8
TOPO-EXIST
10
741.071
20
-732.000
30
2597.000
11
742.000
21
-732.929
31
2597.000
0
LINE
8
TOPO-EXIST
10
744.000
20
-733.805
30
2597.000
11
742.000
21
-732.929
31
2597.000
0
LINE
8
TOPO-EXIST
10
744.258
20
-734.000
30
2597.000
11
744.000
21
-733.805
31
2597.000
0
LINE
8
TOPO-EXIST
10
744.258
20
-734.000
30
2597.000
11
745.425
21
-736.000
31
2597.000
0
LINE
8
TOPO-EXIST
10
745.425
20
-736.000
30
2597.000
11
745.632
21
-738.000
31
2597.000
0
LINE
8
TOPO-EXIST
10
745.632
20
-738.000
30
2597.000
11
745.789
21
-740.000
31
2597.000
0
LINE
8
TOPO-EXIST
10
745.789
20
-740.000
30
2597.000
11
746.000
21
-740.941
31
2597.000
0
LINE
8
TOPO-EXIST
10
746.214
20
-742.000
30
2597.000
11
746.000
21
-740.941
31
2597.000
0
LINE
8
TOPO-EXIST
10
746.214
20
-742.000
30
2597.000
11
748.000
21
-743.128
31
2597.000
0
LINE
8
TOPO-EXIST
10
750.000
20
-743.219
30
2597.000
11
748.000
21
-743.128
31
2597.000
0
LINE
8
TOPO-EXIST
10
752.000
20
-742.979
30
2597.000
11
750.000
21
-743.219
31
2597.000
0
LINE
8
TOPO-EXIST
10
754.000
20
-742.929
30
2597.000
11
752.000
21
-742.979
31
2597.000
0
LINE
8
TOPO-EXIST
10
755.429
20
-744.000
30
2597.000
11
754.000
21
-742.929
31
2597.000
0
LINE
8
TOPO-EXIST
10
755.429
20
-744.000
30
2597.000
11
755.545
21
-746.000
31
2597.000
0
LINE
8
TOPO-EXIST
10
755.545
20
-746.000
30
2597.000
11
755.600
21
-748.000
31
2597.000
0
LINE
8
TOPO-EXIST
10
755.600
20
-748.000
30
2597.000
11
755.680
21
-750.000
31
2597.000
0
LINE
8
TOPO-EXIST
10
755.680
20
-750.000
30
2597.000
11
755.727
21
-752.000
31
2597.000
0
LINE
8
TOPO-EXIST
10
755.727
20
-752.000
30
2597.000
11
755.833
21
-754.000
31
2597.000
0
LINE
8
TOPO-EXIST
10
755.833
20
-754.000
30
2597.000
11
755.935
21
-756.000
31
2597.000
0
LINE
8
TOPO-EXIST
10
755.935
20
-756.000
30
2597.000
11
756.000
21
-756.667
31
2597.000
0
LINE
8
TOPO-EXIST
10
756.400
20
-758.000
30
2597.000
11
756.000
21
-756.667
31
2597.000
0
LINE
8
TOPO-EXIST
10
756.400
20
-758.000
30
2597.000
11
757.200
21
-760.000
31
2597.000
0
LINE
8
TOPO-EXIST
10
757.200
20
-760.000
30
2597.000
11
757.619
21
-762.000
31
2597.000
0
LINE
8
TOPO-EXIST
10
757.619
20
-762.000
30
2597.000
11
757.778
21
-764.000
31
2597.000
0
LINE
8
TOPO-EXIST
10
757.778
20
-764.000
30
2597.000
11
757.939
21
-766.000
31
2597.000
0
LINE
8
TOPO-EXIST
10
757.939
20
-766.000
30
2597.000
11
758.000
21
-766.500
31
2597.000
0
LINE
8
TOPO-EXIST
10
758.667
20
-768.000
30
2597.000
11
758.000
21
-766.500
31
2597.000
0
LINE
8
TOPO-EXIST
10
758.667
20
-768.000
30
2597.000
11
759.467
21
-770.000
31
2597.000
0
LINE
8
TOPO-EXIST
10
759.467
20
-770.000
30
2597.000
11
759.810
21
-772.000
31
2597.000
0
LINE
8
TOPO-EXIST
10
759.810
20
-772.000
30
2597.000
11
760.000
21
-774.000
31
2597.000
0
LINE
8
TOPO-EXIST
10
760.000
20
-774.000
30
2597.000
11
760.000
21
-774.000
31
2597.000
0
LINE
8
TOPO-EXIST
10
761.385
20
-776.000
30
2597.000
11
760.000
21
-774.000
31
2597.000
0
LINE
8
TOPO-EXIST
10
761.385
20
-776.000
30
2597.000
11
761.826
21
-778.000
31
2597.000
0
LINE
8
TOPO-EXIST
10
761.826
20
-778.000
30
2597.000
11
762.000
21
-780.000
31
2597.000
0
LINE
8
TOPO-EXIST
10
518.000
20
-380.000
30
2598.000
11
518.000
21
-382.000
31
2598.000
0
LINE
8
TOPO-EXIST
10
518.000
20
-382.000
30
2598.000
11
518.000
21
-382.000
31
2598.000
0
LINE
8
TOPO-EXIST
10
520.000
20
-384.000
30
2598.000
11
518.000
21
-382.000
31
2598.000
0
LINE
8
TOPO-EXIST
10
520.000
20
-384.000
30
2598.000
11
520.000
21
-386.000
31
2598.000
0
LINE
8
TOPO-EXIST
10
520.000
20
-386.000
30
2598.000
11
520.000
21
-386.000
31
2598.000
0
LINE
8
TOPO-EXIST
10
522.000
20
-388.000
30
2598.000
11
520.000
21
-386.000
31
2598.000
0
LINE
8
TOPO-EXIST
10
522.000
20
-388.000
30
2598.000
11
522.000
21
-390.000
31
2598.000
0
LINE
8
TOPO-EXIST
10
522.000
20
-390.000
30
2598.000
11
522.000
21
-390.000
31
2598.000
0
LINE
8
TOPO-EXIST
10
524.000
20
-392.000
30
2598.000
11
522.000
21
-390.000
31
2598.000
0
LINE
8
TOPO-EXIST
10
524.000
20
-392.000
30
2598.000
11
524.000
21
-394.000
31
2598.000
0
LINE
8
TOPO-EXIST
10
524.000
20
-394.000
30
2598.000
11
524.000
21
-394.000
31
2598.000
0
LINE
8
TOPO-EXIST
10
526.000
20
-396.000
30
2598.000
11
524.000
21
-394.000
31
2598.000
0
LINE
8
TOPO-EXIST
10
526.000
20
-396.000
30
2598.000
11
526.000
21
-398.000
31
2598.000
0
LINE
8
TOPO-EXIST
10
526.000
20
-398.000
30
2598.000
11
526.000
21
-398.000
31
2598.000
0
LINE
8
TOPO-EXIST
10
528.000
20
-400.000
30
2598.000
11
526.000
21
-398.000
31
2598.000
0
LINE
8
TOPO-EXIST
10
528.000
20
-400.000
30
2598.000
11
528.000
21
-400.000
31
2598.000
0
LINE
8
TOPO-EXIST
10
530.000
20
-402.000
30
2598.000
11
528.000
21
-400.000
31
2598.000
0
LINE
8
TOPO-EXIST
10
530.000
20
-402.000
30
2598.000
11
530.000
21
-402.000
31
2598.000
0
LINE
8
TOPO-EXIST
10
532.000
20
-404.000
30
2598.000
11
530.000
21
-402.000
31
2598.000
0
LINE
8
TOPO-EXIST
10
532.000
20
-404.000
30
2598.000
11
532.000
21
-404.000
31
2598.000
0
LINE
8
TOPO-EXIST
10
534.000
20
-406.000
30
2598.000
11
532.000
21
-404.000
31
2598.000
0
LINE
8
TOPO-EXIST
10
534.000
20
-406.000
30
2598.000
11
534.000
21
-406.000
31
2598.000
0
LINE
8
TOPO-EXIST
10
535.333
20
-408.000
30
2598.000
11
534.000
21
-406.000
31
2598.000
0
LINE
8
TOPO-EXIST
10
535.333
20
-408.000
30
2598.000
11
536.000
21
-408.667
31
2598.000
0
LINE
8
TOPO-EXIST
10
538.000
20
-410.000
30
2598.000
11
536.000
21
-408.667
31
2598.000
0
LINE
8
TOPO-EXIST
10
538.000
20
-410.000
30
2598.000
11
538.000
21
-410.000
31
2598.000
0
LINE
8
TOPO-EXIST
10
540.000
20
-412.000
30
2598.000
11
538.000
21
-410.000
31
2598.000
0
LINE
8
TOPO-EXIST
10
540.000
20
-412.000
30
2598.000
11
540.000
21
-412.000
31
2598.000
0
LINE
8
TOPO-EXIST
10
541.333
20
-414.000
30
2598.000
11
540.000
21
-412.000
31
2598.000
0
LINE
8
TOPO-EXIST
10
541.333
20
-414.000
30
2598.000
11
542.000
21
-415.000
31
2598.000
0
LINE
8
TOPO-EXIST
10
542.667
20
-416.000
30
2598.000
11
542.000
21
-415.000
31
2598.000
0
LINE
8
TOPO-EXIST
10
542.667
20
-416.000
30
2598.000
11
544.000
21
-417.333
31
2598.000
0
LINE
8
TOPO-EXIST
10
545.000
20
-418.000
30
2598.000
11
544.000
21
-417.333
31
2598.000
0
LINE
8
TOPO-EXIST
10
545.000
20
-418.000
30
2598.000
11
546.000
21
-418.667
31
2598.000
0
LINE
8
TOPO-EXIST
10
548.000
20
-420.000
30
2598.000
11
546.000
21
-418.667
31
2598.000
0
LINE
8
TOPO-EXIST
10
548.000
20
-420.000
30
2598.000
11
548.000
21
-420.000
31
2598.000
0
LINE
8
TOPO-EXIST
10
550.000
20
-421.600
30
2598.000
11
548.000
21
-420.000
31
2598.000
0
LINE
8
TOPO-EXIST
10
552.000
20
-422.000
30
2598.000
11
550.000
21
-421.600
31
2598.000
0
LINE
8
TOPO-EXIST
10
552.000
20
-422.000
30
2598.000
11
552.000
21
-422.000
31
2598.000
0
LINE
8
TOPO-EXIST
10
554.000
20
-424.000
30
2598.000
11
552.000
21
-422.000
31
2598.000
0
LINE
8
TOPO-EXIST
10
554.000
20
-424.000
30
2598.000
11
554.000
21
-424.000
31
2598.000
0
LINE
8
TOPO-EXIST
10
556.000
20
-424.000
30
2598.000
11
554.000
21
-424.000
31
2598.000
0
LINE
8
TOPO-EXIST
10
558.000
20
-424.000
30
2598.000
11
556.000
21
-424.000
31
2598.000
0
LINE
8
TOPO-EXIST
10
560.000
20
-424.000
30
2598.000
11
558.000
21
-424.000
31
2598.000
0
LINE
8
TOPO-EXIST
10
562.000
20
-426.000
30
2598.000
11
560.000
21
-424.000
31
2598.000
0
LINE
8
TOPO-EXIST
10
562.000
20
-426.000
30
2598.000
11
562.000
21
-426.000
31
2598.000
0
LINE
8
TOPO-EXIST
10
564.000
20
-426.000
30
2598.000
11
562.000
21
-426.000
31
2598.000
0
LINE
8
TOPO-EXIST
10
566.000
20
-426.000
30
2598.000
11
564.000
21
-426.000
31
2598.000
0
LINE
8
TOPO-EXIST
10
568.000
20
-428.000
30
2598.000
11
566.000
21
-426.000
31
2598.000
0
LINE
8
TOPO-EXIST
10
568.000
20
-428.000
30
2598.000
11
568.000
21
-428.000
31
2598.000
0
LINE
8
TOPO-EXIST
10
570.000
20
-428.000
30
2598.000
11
568.000
21
-428.000
31
2598.000
0
LINE
8
TOPO-EXIST
10
572.000
20
-428.000
30
2598.000
11
570.000
21
-428.000
31
2598.000
0
LINE
8
TOPO-EXIST
10
574.000
20
-430.000
30
2598.000
11
572.000
21
-428.000
31
2598.000
0
LINE
8
TOPO-EXIST
10
574.000
20
-430.000
30
2598.000
11
574.000
21
-430.000
31
2598.000
0
LINE
8
TOPO-EXIST
10
576.000
20
-431.273
30
2598.000
11
574.000
21
-430.000
31
2598.000
0
LINE
8
TOPO-EXIST
10
578.000
20
-431.467
30
2598.000
11
576.000
21
-431.273
31
2598.000
0
LINE
8
TOPO-EXIST
10
579.143
20
-432.000
30
2598.000
11
578.000
21
-431.467
31
2598.000
0
LINE
8
TOPO-EXIST
10
579.143
20
-432.000
30
2598.000
11
580.000
21
-433.200
31
2598.000
0
LINE
8
TOPO-EXIST
10
580.308
20
-434.000
30
2598.000
11
580.000
21
-433.200
31
2598.000
0
LINE
8
TOPO-EXIST
10
580.308
20
-434.000
30
2598.000
11
581.000
21
-436.000
31
2598.000
0
LINE
8
TOPO-EXIST
10
581.000
20
-436.000
30
2598.000
11
581.692
21
-438.000
31
2598.000
0
LINE
8
TOPO-EXIST
10
581.692
20
-438.000
30
2598.000
11
582.000
21
-438.800
31
2598.000
0
LINE
8
TOPO-EXIST
10
582.462
20
-440.000
30
2598.000
11
582.000
21
-438.800
31
2598.000
0
LINE
8
TOPO-EXIST
10
582.462
20
-440.000
30
2598.000
11
583.077
21
-442.000
31
2598.000
0
LINE
8
TOPO-EXIST
10
583.077
20
-442.000
30
2598.000
11
583.846
21
-444.000
31
2598.000
0
LINE
8
TOPO-EXIST
10
583.846
20
-444.000
30
2598.000
11
584.000
21
-444.500
31
2598.000
0
LINE
8
TOPO-EXIST
10
584.500
20
-446.000
30
2598.000
11
584.000
21
-444.500
31
2598.000
0
LINE
8
TOPO-EXIST
10
584.500
20
-446.000
30
2598.000
11
585.231
21
-448.000
31
2598.000
0
LINE
8
TOPO-EXIST
10
585.231
20
-448.000
30
2598.000
11
586.000
21
-450.000
31
2598.000
0
LINE
8
TOPO-EXIST
10
586.000
20
-450.000
30
2598.000
11
586.000
21
-450.000
31
2598.000
0
LINE
8
TOPO-EXIST
10
586.667
20
-452.000
30
2598.000
11
586.000
21
-450.000
31
2598.000
0
LINE
8
TOPO-EXIST
10
586.667
20
-452.000
30
2598.000
11
587.385
21
-454.000
31
2598.000
0
LINE
8
TOPO-EXIST
10
587.385
20
-454.000
30
2598.000
11
588.000
21
-455.600
31
2598.000
0
LINE
8
TOPO-EXIST
10
588.167
20
-456.000
30
2598.000
11
588.000
21
-455.600
31
2598.000
0
LINE
8
TOPO-EXIST
10
588.167
20
-456.000
30
2598.000
11
589.333
21
-458.000
31
2598.000
0
LINE
8
TOPO-EXIST
10
589.333
20
-458.000
30
2598.000
11
590.000
21
-459.500
31
2598.000
0
LINE
8
TOPO-EXIST
10
590.133
20
-460.000
30
2598.000
11
590.000
21
-459.500
31
2598.000
0
LINE
8
TOPO-EXIST
10
590.133
20
-460.000
30
2598.000
11
590.533
21
-462.000
31
2598.000
0
LINE
8
TOPO-EXIST
10
590.533
20
-462.000
30
2598.000
11
591.636
21
-464.000
31
2598.000
0
LINE
8
TOPO-EXIST
10
591.636
20
-464.000
30
2598.000
11
592.000
21
-464.400
31
2598.000
0
LINE
8
TOPO-EXIST
10
593.600
20
-466.000
30
2598.000
11
592.000
21
-464.400
31
2598.000
0
LINE
8
TOPO-EXIST
10
593.600
20
-466.000
30
2598.000
11
594.000
21
-466.400
31
2598.000
0
LINE
8
TOPO-EXIST
10
595.455
20
-468.000
30
2598.000
11
594.000
21
-466.400
31
2598.000
0
LINE
8
TOPO-EXIST
10
595.455
20
-468.000
30
2598.000
11
596.000
21
-468.600
31
2598.000
0
LINE
8
TOPO-EXIST
10
598.000
20
-469.857
30
2598.000
11
596.000
21
-468.600
31
2598.000
0
LINE
8
TOPO-EXIST
10
598.500
20
-470.000
30
2598.000
11
598.000
21
-469.857
31
2598.000
0
LINE
8
TOPO-EXIST
10
598.500
20
-470.000
30
2598.000
11
600.000
21
-470.400
31
2598.000
0
LINE
8
TOPO-EXIST
10
602.000
20
-471.750
30
2598.000
11
600.000
21
-470.400
31
2598.000
0
LINE
8
TOPO-EXIST
10
602.034
20
-472.000
30
2598.000
11
602.000
21
-471.750
31
2598.000
0
LINE
8
TOPO-EXIST
10
602.000
20
-472.250
30
2598.000
11
601.588
21
-474.000
31
2598.000
0
LINE
8
TOPO-EXIST
10
602.034
20
-472.000
30
2598.000
11
602.000
21
-472.250
31
2598.000
0
LINE
8
TOPO-EXIST
10
601.588
20
-474.000
30
2598.000
11
601.491
21
-476.000
31
2598.000
0
LINE
8
TOPO-EXIST
10
601.491
20
-476.000
30
2598.000
11
601.241
21
-478.000
31
2598.000
0
LINE
8
TOPO-EXIST
10
601.241
20
-478.000
30
2598.000
11
601.143
21
-480.000
31
2598.000
0
LINE
8
TOPO-EXIST
10
601.143
20
-480.000
30
2598.000
11
602.000
21
-480.933
31
2598.000
0
LINE
8
TOPO-EXIST
10
604.000
20
-481.867
30
2598.000
11
602.000
21
-480.933
31
2598.000
0
LINE
8
TOPO-EXIST
10
604.286
20
-482.000
30
2598.000
11
604.000
21
-481.867
31
2598.000
0
LINE
8
TOPO-EXIST
10
604.286
20
-482.000
30
2598.000
11
606.000
21
-482.800
31
2598.000
0
LINE
8
TOPO-EXIST
10
608.000
20
-483.760
30
2598.000
11
606.000
21
-482.800
31
2598.000
0
LINE
8
TOPO-EXIST
10
608.750
20
-484.000
30
2598.000
11
608.000
21
-483.760
31
2598.000
0
LINE
8
TOPO-EXIST
10
608.750
20
-484.000
30
2598.000
11
610.000
21
-484.339
31
2598.000
0
LINE
8
TOPO-EXIST
10
612.000
20
-484.339
30
2598.000
11
610.000
21
-484.339
31
2598.000
0
LINE
8
TOPO-EXIST
10
614.000
20
-485.355
30
2598.000
11
612.000
21
-484.339
31
2598.000
0
LINE
8
TOPO-EXIST
10
614.976
20
-486.000
30
2598.000
11
614.000
21
-485.355
31
2598.000
0
LINE
8
TOPO-EXIST
10
614.976
20
-486.000
30
2598.000
11
616.000
21
-486.583
31
2598.000
0
LINE
8
TOPO-EXIST
10
617.962
20
-488.000
30
2598.000
11
616.000
21
-486.583
31
2598.000
0
LINE
8
TOPO-EXIST
10
617.962
20
-488.000
30
2598.000
11
618.000
21
-488.111
31
2598.000
0
LINE
8
TOPO-EXIST
10
618.234
20
-490.000
30
2598.000
11
618.000
21
-488.111
31
2598.000
0
LINE
8
TOPO-EXIST
10
618.234
20
-490.000
30
2598.000
11
618.981
21
-492.000
31
2598.000
0
LINE
8
TOPO-EXIST
10
618.981
20
-492.000
30
2598.000
11
619.460
21
-494.000
31
2598.000
0
LINE
8
TOPO-EXIST
10
619.460
20
-494.000
30
2598.000
11
620.000
21
-495.805
31
2598.000
0
LINE
8
TOPO-EXIST
10
620.051
20
-496.000
30
2598.000
11
620.000
21
-495.805
31
2598.000
0
LINE
8
TOPO-EXIST
10
620.051
20
-496.000
30
2598.000
11
620.896
21
-498.000
31
2598.000
0
LINE
8
TOPO-EXIST
10
620.896
20
-498.000
30
2598.000
11
621.342
21
-500.000
31
2598.000
0
LINE
8
TOPO-EXIST
10
621.342
20
-500.000
30
2598.000
11
622.000
21
-500.980
31
2598.000
0
LINE
8
TOPO-EXIST
10
622.438
20
-502.000
30
2598.000
11
622.000
21
-500.980
31
2598.000
0
LINE
8
TOPO-EXIST
10
622.438
20
-502.000
30
2598.000
11
623.389
21
-504.000
31
2598.000
0
LINE
8
TOPO-EXIST
10
623.389
20
-504.000
30
2598.000
11
624.000
21
-504.611
31
2598.000
0
LINE
8
TOPO-EXIST
10
625.242
20
-506.000
30
2598.000
11
624.000
21
-504.611
31
2598.000
0
LINE
8
TOPO-EXIST
10
625.242
20
-506.000
30
2598.000
11
626.000
21
-506.992
31
2598.000
0
LINE
8
TOPO-EXIST
10
626.434
20
-508.000
30
2598.000
11
626.000
21
-506.992
31
2598.000
0
LINE
8
TOPO-EXIST
10
626.434
20
-508.000
30
2598.000
11
626.897
21
-510.000
31
2598.000
0
LINE
8
TOPO-EXIST
10
626.897
20
-510.000
30
2598.000
11
627.653
21
-512.000
31
2598.000
0
LINE
8
TOPO-EXIST
10
627.653
20
-512.000
30
2598.000
11
628.000
21
-512.344
31
2598.000
0
LINE
8
TOPO-EXIST
10
628.981
20
-514.000
30
2598.000
11
628.000
21
-512.344
31
2598.000
0
LINE
8
TOPO-EXIST
10
628.981
20
-514.000
30
2598.000
11
630.000
21
-515.019
31
2598.000
0
LINE
8
TOPO-EXIST
10
630.818
20
-516.000
30
2598.000
11
630.000
21
-515.019
31
2598.000
0
LINE
8
TOPO-EXIST
10
630.818
20
-516.000
30
2598.000
11
632.000
21
-517.187
31
2598.000
0
LINE
8
TOPO-EXIST
10
633.325
20
-518.000
30
2598.000
11
632.000
21
-517.187
31
2598.000
0
LINE
8
TOPO-EXIST
10
640.000
20
-517.633
30
2598.000
11
639.868
21
-518.000
31
2598.000
0
LINE
8
TOPO-EXIST
10
640.388
20
-518.000
30
2598.000
11
640.000
21
-517.633
31
2598.000
0
LINE
8
TOPO-EXIST
10
633.325
20
-518.000
30
2598.000
11
634.000
21
-518.718
31
2598.000
0
LINE
8
TOPO-EXIST
10
636.000
20
-519.971
30
2598.000
11
634.000
21
-518.718
31
2598.000
0
LINE
8
TOPO-EXIST
10
636.375
20
-520.000
30
2598.000
11
636.000
21
-519.971
31
2598.000
0
LINE
8
TOPO-EXIST
10
639.868
20
-518.000
30
2598.000
11
640.000
21
-518.392
31
2598.000
0
LINE
8
TOPO-EXIST
10
640.388
20
-518.000
30
2598.000
11
640.000
21
-518.392
31
2598.000
0
LINE
8
TOPO-EXIST
10
636.375
20
-520.000
30
2598.000
11
638.000
21
-520.224
31
2598.000
0
LINE
8
TOPO-EXIST
10
640.000
20
-521.101
30
2598.000
11
638.000
21
-520.224
31
2598.000
0
LINE
8
TOPO-EXIST
10
642.000
20
-521.781
30
2598.000
11
640.000
21
-521.101
31
2598.000
0
LINE
8
TOPO-EXIST
10
644.000
20
-521.481
30
2598.000
11
642.000
21
-521.781
31
2598.000
0
LINE
8
TOPO-EXIST
10
645.808
20
-522.000
30
2598.000
11
644.000
21
-521.481
31
2598.000
0
LINE
8
TOPO-EXIST
10
645.808
20
-522.000
30
2598.000
11
646.000
21
-522.227
31
2598.000
0
LINE
8
TOPO-EXIST
10
648.000
20
-522.639
30
2598.000
11
646.000
21
-522.227
31
2598.000
0
LINE
8
TOPO-EXIST
10
650.000
20
-523.867
30
2598.000
11
648.000
21
-522.639
31
2598.000
0
LINE
8
TOPO-EXIST
10
650.023
20
-524.000
30
2598.000
11
650.000
21
-523.867
31
2598.000
0
LINE
8
TOPO-EXIST
10
646.000
20
-525.300
30
2598.000
11
645.143
21
-526.000
31
2598.000
0
LINE
8
TOPO-EXIST
10
648.000
20
-525.170
30
2598.000
11
646.000
21
-525.300
31
2598.000
0
LINE
8
TOPO-EXIST
10
650.000
20
-524.035
30
2598.000
11
648.000
21
-525.170
31
2598.000
0
LINE
8
TOPO-EXIST
10
650.023
20
-524.000
30
2598.000
11
650.000
21
-524.035
31
2598.000
0
LINE
8
TOPO-EXIST
10
645.143
20
-526.000
30
2598.000
11
644.980
21
-528.000
31
2598.000
0
LINE
8
TOPO-EXIST
10
644.980
20
-528.000
30
2598.000
11
644.800
21
-530.000
31
2598.000
0
LINE
8
TOPO-EXIST
10
644.800
20
-530.000
30
2598.000
11
644.615
21
-532.000
31
2598.000
0
LINE
8
TOPO-EXIST
10
644.615
20
-532.000
30
2598.000
11
644.550
21
-534.000
31
2598.000
0
LINE
8
TOPO-EXIST
10
644.550
20
-534.000
30
2598.000
11
644.421
21
-536.000
31
2598.000
0
LINE
8
TOPO-EXIST
10
644.421
20
-536.000
30
2598.000
11
645.667
21
-538.000
31
2598.000
0
LINE
8
TOPO-EXIST
10
645.667
20
-538.000
30
2598.000
11
646.000
21
-538.400
31
2598.000
0
LINE
8
TOPO-EXIST
10
646.941
20
-540.000
30
2598.000
11
646.000
21
-538.400
31
2598.000
0
LINE
8
TOPO-EXIST
10
646.941
20
-540.000
30
2598.000
11
648.000
21
-541.800
31
2598.000
0
LINE
8
TOPO-EXIST
10
648.105
20
-542.000
30
2598.000
11
648.000
21
-541.800
31
2598.000
0
LINE
8
TOPO-EXIST
10
648.105
20
-542.000
30
2598.000
11
649.000
21
-544.000
31
2598.000
0
LINE
8
TOPO-EXIST
10
649.000
20
-544.000
30
2598.000
11
649.209
21
-546.000
31
2598.000
0
LINE
8
TOPO-EXIST
10
648.000
20
-547.106
30
2598.000
11
647.468
21
-548.000
31
2598.000
0
LINE
8
TOPO-EXIST
10
649.209
20
-546.000
30
2598.000
11
648.000
21
-547.106
31
2598.000
0
LINE
8
TOPO-EXIST
10
646.000
20
-549.706
30
2598.000
11
645.756
21
-550.000
31
2598.000
0
LINE
8
TOPO-EXIST
10
647.468
20
-548.000
30
2598.000
11
646.000
21
-549.706
31
2598.000
0
LINE
8
TOPO-EXIST
10
645.756
20
-550.000
30
2598.000
11
645.860
21
-552.000
31
2598.000
0
LINE
8
TOPO-EXIST
10
645.860
20
-552.000
30
2598.000
11
645.927
21
-554.000
31
2598.000
0
LINE
8
TOPO-EXIST
10
645.927
20
-554.000
30
2598.000
11
645.821
21
-556.000
31
2598.000
0
LINE
8
TOPO-EXIST
10
645.821
20
-556.000
30
2598.000
11
645.697
21
-558.000
31
2598.000
0
LINE
8
TOPO-EXIST
10
645.697
20
-558.000
30
2598.000
11
646.000
21
-558.556
31
2598.000
0
LINE
8
TOPO-EXIST
10
647.300
20
-560.000
30
2598.000
11
646.000
21
-558.556
31
2598.000
0
LINE
8
TOPO-EXIST
10
647.300
20
-560.000
30
2598.000
11
647.973
21
-562.000
31
2598.000
0
LINE
8
TOPO-EXIST
10
647.973
20
-562.000
30
2598.000
11
648.000
21
-562.040
31
2598.000
0
LINE
8
TOPO-EXIST
10
649.885
20
-564.000
30
2598.000
11
648.000
21
-562.040
31
2598.000
0
LINE
8
TOPO-EXIST
10
649.885
20
-564.000
30
2598.000
11
650.000
21
-564.214
31
2598.000
0
LINE
8
TOPO-EXIST
10
651.667
20
-566.000
30
2598.000
11
650.000
21
-564.214
31
2598.000
0
LINE
8
TOPO-EXIST
10
651.667
20
-566.000
30
2598.000
11
652.000
21
-567.667
31
2598.000
0
LINE
8
TOPO-EXIST
10
652.667
20
-568.000
30
2598.000
11
652.000
21
-567.667
31
2598.000
0
LINE
8
TOPO-EXIST
10
648.000
20
-570.000
30
2598.000
11
648.000
21
-570.000
31
2598.000
0
LINE
8
TOPO-EXIST
10
650.000
20
-570.000
30
2598.000
11
648.000
21
-570.000
31
2598.000
0
LINE
8
TOPO-EXIST
10
652.000
20
-570.000
30
2598.000
11
650.000
21
-570.000
31
2598.000
0
LINE
8
TOPO-EXIST
10
652.667
20
-568.000
30
2598.000
11
652.000
21
-570.000
31
2598.000
0
LINE
8
TOPO-EXIST
10
648.000
20
-570.000
30
2598.000
11
648.000
21
-570.000
31
2598.000
0
LINE
8
TOPO-EXIST
10
650.000
20
-570.000
30
2598.000
11
648.000
21
-570.000
31
2598.000
0
LINE
8
TOPO-EXIST
10
650.455
20
-572.000
30
2598.000
11
650.000
21
-570.000
31
2598.000
0
LINE
8
TOPO-EXIST
10
650.455
20
-572.000
30
2598.000
11
652.000
21
-573.417
31
2598.000
0
LINE
8
TOPO-EXIST
10
652.636
20
-574.000
30
2598.000
11
652.000
21
-573.417
31
2598.000
0
LINE
8
TOPO-EXIST
10
652.636
20
-574.000
30
2598.000
11
654.000
21
-575.304
31
2598.000
0
LINE
8
TOPO-EXIST
10
654.727
20
-576.000
30
2598.000
11
654.000
21
-575.304
31
2598.000
0
LINE
8
TOPO-EXIST
10
654.727
20
-576.000
30
2598.000
11
656.000
21
-577.120
31
2598.000
0
LINE
8
TOPO-EXIST
10
657.222
20
-578.000
30
2598.000
11
656.000
21
-577.120
31
2598.000
0
LINE
8
TOPO-EXIST
10
657.222
20
-578.000
30
2598.000
11
658.000
21
-578.560
31
2598.000
0
LINE
8
TOPO-EXIST
10
660.000
20
-580.000
30
2598.000
11
658.000
21
-578.560
31
2598.000
0
LINE
8
TOPO-EXIST
10
660.000
20
-580.000
30
2598.000
11
660.000
21
-580.000
31
2598.000
0
LINE
8
TOPO-EXIST
10
661.846
20
-582.000
30
2598.000
11
660.000
21
-580.000
31
2598.000
0
LINE
8
TOPO-EXIST
10
661.846
20
-582.000
30
2598.000
11
662.000
21
-582.250
31
2598.000
0
LINE
8
TOPO-EXIST
10
663.077
20
-584.000
30
2598.000
11
662.000
21
-582.250
31
2598.000
0
LINE
8
TOPO-EXIST
10
663.077
20
-584.000
30
2598.000
11
664.000
21
-585.333
31
2598.000
0
LINE
8
TOPO-EXIST
10
664.462
20
-586.000
30
2598.000
11
664.000
21
-585.333
31
2598.000
0
LINE
8
TOPO-EXIST
10
664.462
20
-586.000
30
2598.000
11
665.920
21
-588.000
31
2598.000
0
LINE
8
TOPO-EXIST
10
665.920
20
-588.000
30
2598.000
11
666.000
21
-588.133
31
2598.000
0
LINE
8
TOPO-EXIST
10
666.966
20
-590.000
30
2598.000
11
666.000
21
-588.133
31
2598.000
0
LINE
8
TOPO-EXIST
10
666.966
20
-590.000
30
2598.000
11
668.000
21
-592.000
31
2598.000
0
LINE
8
TOPO-EXIST
10
668.000
20
-592.000
30
2598.000
11
668.000
21
-592.000
31
2598.000
0
LINE
8
TOPO-EXIST
10
669.214
20
-594.000
30
2598.000
11
668.000
21
-592.000
31
2598.000
0
LINE
8
TOPO-EXIST
10
669.214
20
-594.000
30
2598.000
11
670.000
21
-595.048
31
2598.000
0
LINE
8
TOPO-EXIST
10
670.714
20
-596.000
30
2598.000
11
670.000
21
-595.048
31
2598.000
0
LINE
8
TOPO-EXIST
10
670.714
20
-596.000
30
2598.000
11
672.000
21
-598.000
31
2598.000
0
LINE
8
TOPO-EXIST
10
672.000
20
-598.000
30
2598.000
11
672.000
21
-598.000
31
2598.000
0
LINE
8
TOPO-EXIST
10
673.692
20
-600.000
30
2598.000
11
672.000
21
-598.000
31
2598.000
0
LINE
8
TOPO-EXIST
10
673.692
20
-600.000
30
2598.000
11
674.000
21
-600.400
31
2598.000
0
LINE
8
TOPO-EXIST
10
675.032
20
-602.000
30
2598.000
11
674.000
21
-600.400
31
2598.000
0
LINE
8
TOPO-EXIST
10
675.032
20
-602.000
30
2598.000
11
676.000
21
-603.154
31
2598.000
0
LINE
8
TOPO-EXIST
10
676.667
20
-604.000
30
2598.000
11
676.000
21
-603.154
31
2598.000
0
LINE
8
TOPO-EXIST
10
676.667
20
-604.000
30
2598.000
11
677.879
21
-606.000
31
2598.000
0
LINE
8
TOPO-EXIST
10
677.879
20
-606.000
30
2598.000
11
678.000
21
-606.138
31
2598.000
0
LINE
8
TOPO-EXIST
10
679.543
20
-608.000
30
2598.000
11
678.000
21
-606.138
31
2598.000
0
LINE
8
TOPO-EXIST
10
679.543
20
-608.000
30
2598.000
11
680.000
21
-608.421
31
2598.000
0
LINE
8
TOPO-EXIST
10
681.875
20
-610.000
30
2598.000
11
680.000
21
-608.421
31
2598.000
0
LINE
8
TOPO-EXIST
10
681.875
20
-610.000
30
2598.000
11
682.000
21
-610.148
31
2598.000
0
LINE
8
TOPO-EXIST
10
683.351
20
-612.000
30
2598.000
11
682.000
21
-610.148
31
2598.000
0
LINE
8
TOPO-EXIST
10
683.351
20
-612.000
30
2598.000
11
684.000
21
-612.923
31
2598.000
0
LINE
8
TOPO-EXIST
10
684.903
20
-614.000
30
2598.000
11
684.000
21
-612.923
31
2598.000
0
LINE
8
TOPO-EXIST
10
684.903
20
-614.000
30
2598.000
11
686.000
21
-615.133
31
2598.000
0
LINE
8
TOPO-EXIST
10
686.605
20
-616.000
30
2598.000
11
686.000
21
-615.133
31
2598.000
0
LINE
8
TOPO-EXIST
10
686.605
20
-616.000
30
2598.000
11
687.905
21
-618.000
31
2598.000
0
LINE
8
TOPO-EXIST
10
687.905
20
-618.000
30
2598.000
11
688.000
21
-618.143
31
2598.000
0
LINE
8
TOPO-EXIST
10
689.238
20
-620.000
30
2598.000
11
688.000
21
-618.143
31
2598.000
0
LINE
8
TOPO-EXIST
10
689.238
20
-620.000
30
2598.000
11
690.000
21
-620.842
31
2598.000
0
LINE
8
TOPO-EXIST
10
691.571
20
-622.000
30
2598.000
11
690.000
21
-620.842
31
2598.000
0
LINE
8
TOPO-EXIST
10
691.571
20
-622.000
30
2598.000
11
692.000
21
-622.316
31
2598.000
0
LINE
8
TOPO-EXIST
10
693.123
20
-624.000
30
2598.000
11
692.000
21
-622.316
31
2598.000
0
LINE
8
TOPO-EXIST
10
693.123
20
-624.000
30
2598.000
11
694.000
21
-625.786
31
2598.000
0
LINE
8
TOPO-EXIST
10
694.086
20
-626.000
30
2598.000
11
694.000
21
-625.786
31
2598.000
0
LINE
8
TOPO-EXIST
10
694.086
20
-626.000
30
2598.000
11
695.088
21
-628.000
31
2598.000
0
LINE
8
TOPO-EXIST
10
695.088
20
-628.000
30
2598.000
11
696.000
21
-628.881
31
2598.000
0
LINE
8
TOPO-EXIST
10
696.512
20
-630.000
30
2598.000
11
696.000
21
-628.881
31
2598.000
0
LINE
8
TOPO-EXIST
10
696.512
20
-630.000
30
2598.000
11
696.144
21
-632.000
31
2598.000
0
LINE
8
TOPO-EXIST
10
684.000
20
-633.339
30
2598.000
11
682.048
21
-634.000
31
2598.000
0
LINE
8
TOPO-EXIST
10
686.000
20
-632.677
30
2598.000
11
684.000
21
-633.339
31
2598.000
0
LINE
8
TOPO-EXIST
10
688.000
20
-633.402
30
2598.000
11
686.000
21
-632.677
31
2598.000
0
LINE
8
TOPO-EXIST
10
688.603
20
-634.000
30
2598.000
11
688.000
21
-633.402
31
2598.000
0
LINE
8
TOPO-EXIST
10
696.000
20
-632.120
30
2598.000
11
694.818
21
-634.000
31
2598.000
0
LINE
8
TOPO-EXIST
10
696.144
20
-632.000
30
2598.000
11
696.000
21
-632.120
31
2598.000
0
LINE
8
TOPO-EXIST
10
678.000
20
-635.355
30
2598.000
11
676.049
21
-636.000
31
2598.000
0
LINE
8
TOPO-EXIST
10
680.000
20
-634.750
30
2598.000
11
678.000
21
-635.355
31
2598.000
0
LINE
8
TOPO-EXIST
10
682.000
20
-634.021
30
2598.000
11
680.000
21
-634.750
31
2598.000
0
LINE
8
TOPO-EXIST
10
682.048
20
-634.000
30
2598.000
11
682.000
21
-634.021
31
2598.000
0
LINE
8
TOPO-EXIST
10
688.603
20
-634.000
30
2598.000
11
690.000
21
-635.888
31
2598.000
0
LINE
8
TOPO-EXIST
10
690.127
20
-636.000
30
2598.000
11
690.000
21
-635.888
31
2598.000
0
LINE
8
TOPO-EXIST
10
694.000
20
-635.107
30
2598.000
11
693.447
21
-636.000
31
2598.000
0
LINE
8
TOPO-EXIST
10
694.818
20
-634.000
30
2598.000
11
694.000
21
-635.107
31
2598.000
0
LINE
8
TOPO-EXIST
10
676.000
20
-638.000
30
2598.000
11
676.000
21
-638.000
31
2598.000
0
LINE
8
TOPO-EXIST
10
676.049
20
-636.000
30
2598.000
11
676.000
21
-638.000
31
2598.000
0
LINE
8
TOPO-EXIST
10
690.000
20
-636.301
30
2598.000
11
689.220
21
-638.000
31
2598.000
0
LINE
8
TOPO-EXIST
10
690.127
20
-636.000
30
2598.000
11
690.000
21
-636.301
31
2598.000
0
LINE
8
TOPO-EXIST
10
693.447
20
-636.000
30
2598.000
11
694.000
21
-636.634
31
2598.000
0
LINE
8
TOPO-EXIST
10
695.453
20
-638.000
30
2598.000
11
694.000
21
-636.634
31
2598.000
0
LINE
8
TOPO-EXIST
10
676.000
20
-638.000
30
2598.000
11
676.000
21
-638.000
31
2598.000
0
LINE
8
TOPO-EXIST
10
677.680
20
-640.000
30
2598.000
11
676.000
21
-638.000
31
2598.000
0
LINE
8
TOPO-EXIST
10
689.220
20
-638.000
30
2598.000
11
688.700
21
-640.000
31
2598.000
0
LINE
8
TOPO-EXIST
10
695.453
20
-638.000
30
2598.000
11
696.000
21
-638.784
31
2598.000
0
LINE
8
TOPO-EXIST
10
697.704
20
-640.000
30
2598.000
11
696.000
21
-638.784
31
2598.000
0
LINE
8
TOPO-EXIST
10
677.680
20
-640.000
30
2598.000
11
678.000
21
-640.364
31
2598.000
0
LINE
8
TOPO-EXIST
10
679.440
20
-642.000
30
2598.000
11
678.000
21
-640.364
31
2598.000
0
LINE
8
TOPO-EXIST
10
688.700
20
-640.000
30
2598.000
11
688.000
21
-642.000
31
2598.000
0
LINE
8
TOPO-EXIST
10
697.704
20
-640.000
30
2598.000
11
698.000
21
-640.764
31
2598.000
0
LINE
8
TOPO-EXIST
10
698.747
20
-642.000
30
2598.000
11
698.000
21
-640.764
31
2598.000
0
LINE
8
TOPO-EXIST
10
679.440
20
-642.000
30
2598.000
11
680.000
21
-642.667
31
2598.000
0
LINE
8
TOPO-EXIST
10
681.120
20
-644.000
30
2598.000
11
680.000
21
-642.667
31
2598.000
0
LINE
8
TOPO-EXIST
10
688.000
20
-642.000
30
2598.000
11
686.690
21
-644.000
31
2598.000
0
LINE
8
TOPO-EXIST
10
688.000
20
-642.000
30
2598.000
11
688.000
21
-642.000
31
2598.000
0
LINE
8
TOPO-EXIST
10
698.747
20
-642.000
30
2598.000
11
698.548
21
-644.000
31
2598.000
0
LINE
8
TOPO-EXIST
10
681.120
20
-644.000
30
2598.000
11
682.000
21
-645.000
31
2598.000
0
LINE
8
TOPO-EXIST
10
682.880
20
-646.000
30
2598.000
11
682.000
21
-645.000
31
2598.000
0
LINE
8
TOPO-EXIST
10
686.690
20
-644.000
30
2598.000
11
686.293
21
-646.000
31
2598.000
0
LINE
8
TOPO-EXIST
10
698.548
20
-644.000
30
2598.000
11
698.164
21
-646.000
31
2598.000
0
LINE
8
TOPO-EXIST
10
682.880
20
-646.000
30
2598.000
11
684.000
21
-647.273
31
2598.000
0
LINE
8
TOPO-EXIST
10
686.000
20
-647.368
30
2598.000
11
684.000
21
-647.273
31
2598.000
0
LINE
8
TOPO-EXIST
10
686.293
20
-646.000
30
2598.000
11
686.000
21
-647.368
31
2598.000
0
LINE
8
TOPO-EXIST
10
698.000
20
-646.800
30
2598.000
11
697.753
21
-648.000
31
2598.000
0
LINE
8
TOPO-EXIST
10
698.164
20
-646.000
30
2598.000
11
698.000
21
-646.800
31
2598.000
0
LINE
8
TOPO-EXIST
10
697.753
20
-648.000
30
2598.000
11
697.370
21
-650.000
31
2598.000
0
LINE
8
TOPO-EXIST
10
697.370
20
-650.000
30
2598.000
11
696.986
21
-652.000
31
2598.000
0
LINE
8
TOPO-EXIST
10
742.000
20
-650.000
30
2598.000
11
740.000
21
-652.000
31
2598.000
0
LINE
8
TOPO-EXIST
10
744.000
20
-652.000
30
2598.000
11
742.000
21
-650.000
31
2598.000
0
LINE
8
TOPO-EXIST
10
696.986
20
-652.000
30
2598.000
11
696.667
21
-654.000
31
2598.000
0
LINE
8
TOPO-EXIST
10
740.000
20
-652.000
30
2598.000
11
738.000
21
-654.000
31
2598.000
0
LINE
8
TOPO-EXIST
10
740.000
20
-652.000
30
2598.000
11
740.000
21
-652.000
31
2598.000
0
LINE
8
TOPO-EXIST
10
744.000
20
-652.000
30
2598.000
11
744.000
21
-652.000
31
2598.000
0
LINE
8
TOPO-EXIST
10
746.000
20
-654.000
30
2598.000
11
744.000
21
-652.000
31
2598.000
0
LINE
8
TOPO-EXIST
10
696.667
20
-654.000
30
2598.000
11
696.424
21
-656.000
31
2598.000
0
LINE
8
TOPO-EXIST
10
738.000
20
-654.000
30
2598.000
11
736.000
21
-656.000
31
2598.000
0
LINE
8
TOPO-EXIST
10
738.000
20
-654.000
30
2598.000
11
738.000
21
-654.000
31
2598.000
0
LINE
8
TOPO-EXIST
10
746.000
20
-654.000
30
2598.000
11
746.000
21
-654.000
31
2598.000
0
LINE
8
TOPO-EXIST
10
748.000
20
-656.000
30
2598.000
11
746.000
21
-654.000
31
2598.000
0
LINE
8
TOPO-EXIST
10
696.424
20
-656.000
30
2598.000
11
697.357
21
-658.000
31
2598.000
0
LINE
8
TOPO-EXIST
10
736.000
20
-656.000
30
2598.000
11
734.000
21
-658.000
31
2598.000
0
LINE
8
TOPO-EXIST
10
736.000
20
-656.000
30
2598.000
11
736.000
21
-656.000
31
2598.000
0
LINE
8
TOPO-EXIST
10
748.000
20
-656.000
30
2598.000
11
748.000
21
-656.000
31
2598.000
0
LINE
8
TOPO-EXIST
10
750.000
20
-658.000
30
2598.000
11
748.000
21
-656.000
31
2598.000
0
LINE
8
TOPO-EXIST
10
697.357
20
-658.000
30
2598.000
11
698.000
21
-658.750
31
2598.000
0
LINE
8
TOPO-EXIST
10
699.000
20
-660.000
30
2598.000
11
698.000
21
-658.750
31
2598.000
0
LINE
8
TOPO-EXIST
10
734.000
20
-658.000
30
2598.000
11
732.000
21
-660.000
31
2598.000
0
LINE
8
TOPO-EXIST
10
734.000
20
-658.000
30
2598.000
11
734.000
21
-658.000
31
2598.000
0
LINE
8
TOPO-EXIST
10
750.000
20
-658.000
30
2598.000
11
750.000
21
-658.000
31
2598.000
0
LINE
8
TOPO-EXIST
10
752.000
20
-660.000
30
2598.000
11
750.000
21
-658.000
31
2598.000
0
LINE
8
TOPO-EXIST
10
699.000
20
-660.000
30
2598.000
11
700.000
21
-662.000
31
2598.000
0
LINE
8
TOPO-EXIST
10
732.000
20
-660.000
30
2598.000
11
731.231
21
-662.000
31
2598.000
0
LINE
8
TOPO-EXIST
10
732.000
20
-660.000
30
2598.000
11
732.000
21
-660.000
31
2598.000
0
LINE
8
TOPO-EXIST
10
752.000
20
-660.000
30
2598.000
11
752.000
21
-660.000
31
2598.000
0
LINE
8
TOPO-EXIST
10
754.000
20
-662.000
30
2598.000
11
752.000
21
-660.000
31
2598.000
0
LINE
8
TOPO-EXIST
10
700.000
20
-662.000
30
2598.000
11
700.000
21
-662.000
31
2598.000
0
LINE
8
TOPO-EXIST
10
700.486
20
-664.000
30
2598.000
11
700.000
21
-662.000
31
2598.000
0
LINE
8
TOPO-EXIST
10
730.000
20
-662.542
30
2598.000
11
728.677
21
-664.000
31
2598.000
0
LINE
8
TOPO-EXIST
10
731.231
20
-662.000
30
2598.000
11
730.000
21
-662.542
31
2598.000
0
LINE
8
TOPO-EXIST
10
754.000
20
-662.000
30
2598.000
11
754.000
21
-664.000
31
2598.000
0
LINE
8
TOPO-EXIST
10
700.486
20
-664.000
30
2598.000
11
701.027
21
-666.000
31
2598.000
0
LINE
8
TOPO-EXIST
10
708.000
20
-665.918
30
2598.000
11
707.878
21
-666.000
31
2598.000
0
LINE
8
TOPO-EXIST
10
710.000
20
-665.178
30
2598.000
11
708.000
21
-665.918
31
2598.000
0
LINE
8
TOPO-EXIST
10
712.000
20
-664.641
30
2598.000
11
710.000
21
-665.178
31
2598.000
0
LINE
8
TOPO-EXIST
10
714.000
20
-664.373
30
2598.000
11
712.000
21
-664.641
31
2598.000
0
LINE
8
TOPO-EXIST
10
716.000
20
-664.110
30
2598.000
11
714.000
21
-664.373
31
2598.000
0
LINE
8
TOPO-EXIST
10
718.000
20
-665.412
30
2598.000
11
716.000
21
-664.110
31
2598.000
0
LINE
8
TOPO-EXIST
10
718.213
20
-666.000
30
2598.000
11
718.000
21
-665.412
31
2598.000
0
LINE
8
TOPO-EXIST
10
728.000
20
-665.333
30
2598.000
11
727.241
21
-666.000
31
2598.000
0
LINE
8
TOPO-EXIST
10
728.677
20
-664.000
30
2598.000
11
728.000
21
-665.333
31
2598.000
0
LINE
8
TOPO-EXIST
10
754.000
20
-664.000
30
2598.000
11
754.000
21
-666.000
31
2598.000
0
LINE
8
TOPO-EXIST
10
701.027
20
-666.000
30
2598.000
11
701.450
21
-668.000
31
2598.000
0
LINE
8
TOPO-EXIST
10
704.000
20
-666.924
30
2598.000
11
702.293
21
-668.000
31
2598.000
0
LINE
8
TOPO-EXIST
10
706.000
20
-666.724
30
2598.000
11
704.000
21
-666.924
31
2598.000
0
LINE
8
TOPO-EXIST
10
707.878
20
-666.000
30
2598.000
11
706.000
21
-666.724
31
2598.000
0
LINE
8
TOPO-EXIST
10
712.000
20
-667.139
30
2598.000
11
711.393
21
-668.000
31
2598.000
0
LINE
8
TOPO-EXIST
10
713.147
20
-668.000
30
2598.000
11
712.000
21
-667.139
31
2598.000
0
LINE
8
TOPO-EXIST
10
718.000
20
-666.250
30
2598.000
11
716.353
21
-668.000
31
2598.000
0
LINE
8
TOPO-EXIST
10
718.213
20
-666.000
30
2598.000
11
718.000
21
-666.250
31
2598.000
0
LINE
8
TOPO-EXIST
10
727.241
20
-666.000
30
2598.000
11
728.000
21
-668.000
31
2598.000
0
LINE
8
TOPO-EXIST
10
728.000
20
-668.000
30
2598.000
11
728.000
21
-668.000
31
2598.000
0
LINE
8
TOPO-EXIST
10
754.000
20
-666.000
30
2598.000
11
754.000
21
-666.000
31
2598.000
0
LINE
8
TOPO-EXIST
10
756.000
20
-668.000
30
2598.000
11
754.000
21
-666.000
31
2598.000
0
LINE
8
TOPO-EXIST
10
701.450
20
-668.000
30
2598.000
11
702.000
21
-668.096
31
2598.000
0
LINE
8
TOPO-EXIST
10
702.293
20
-668.000
30
2598.000
11
702.000
21
-668.096
31
2598.000
0
LINE
8
TOPO-EXIST
10
711.393
20
-668.000
30
2598.000
11
711.771
21
-670.000
31
2598.000
0
LINE
8
TOPO-EXIST
10
713.147
20
-668.000
30
2598.000
11
714.000
21
-668.880
31
2598.000
0
LINE
8
TOPO-EXIST
10
716.000
20
-668.169
30
2598.000
11
714.000
21
-668.880
31
2598.000
0
LINE
8
TOPO-EXIST
10
716.353
20
-668.000
30
2598.000
11
716.000
21
-668.169
31
2598.000
0
LINE
8
TOPO-EXIST
10
728.000
20
-668.000
30
2598.000
11
729.200
21
-670.000
31
2598.000
0
LINE
8
TOPO-EXIST
10
754.000
20
-670.000
30
2598.000
11
754.000
21
-670.000
31
2598.000
0
LINE
8
TOPO-EXIST
10
756.000
20
-668.000
30
2598.000
11
754.000
21
-670.000
31
2598.000
0
LINE
8
TOPO-EXIST
10
710.000
20
-671.845
30
2598.000
11
709.851
21
-672.000
31
2598.000
0
LINE
8
TOPO-EXIST
10
711.771
20
-670.000
30
2598.000
11
710.000
21
-671.845
31
2598.000
0
LINE
8
TOPO-EXIST
10
729.200
20
-670.000
30
2598.000
11
730.000
21
-671.429
31
2598.000
0
LINE
8
TOPO-EXIST
10
730.348
20
-672.000
30
2598.000
11
730.000
21
-671.429
31
2598.000
0
LINE
8
TOPO-EXIST
10
754.000
20
-670.000
30
2598.000
11
754.000
21
-672.000
31
2598.000
0
LINE
8
TOPO-EXIST
10
708.000
20
-673.929
30
2598.000
11
707.931
21
-674.000
31
2598.000
0
LINE
8
TOPO-EXIST
10
709.851
20
-672.000
30
2598.000
11
708.000
21
-673.929
31
2598.000
0
LINE
8
TOPO-EXIST
10
730.348
20
-672.000
30
2598.000
11
731.565
21
-674.000
31
2598.000
0
LINE
8
TOPO-EXIST
10
754.000
20
-672.000
30
2598.000
11
754.000
21
-674.000
31
2598.000
0
LINE
8
TOPO-EXIST
10
707.931
20
-674.000
30
2598.000
11
706.057
21
-676.000
31
2598.000
0
LINE
8
TOPO-EXIST
10
731.565
20
-674.000
30
2598.000
11
732.000
21
-675.250
31
2598.000
0
LINE
8
TOPO-EXIST
10
732.214
20
-676.000
30
2598.000
11
732.000
21
-675.250
31
2598.000
0
LINE
8
TOPO-EXIST
10
752.000
20
-676.000
30
2598.000
11
752.000
21
-676.000
31
2598.000
0
LINE
8
TOPO-EXIST
10
754.000
20
-674.000
30
2598.000
11
752.000
21
-676.000
31
2598.000
0
LINE
8
TOPO-EXIST
10
706.057
20
-676.000
30
2598.000
11
707.348
21
-678.000
31
2598.000
0
LINE
8
TOPO-EXIST
10
732.000
20
-676.150
30
2598.000
11
730.391
21
-678.000
31
2598.000
0
LINE
8
TOPO-EXIST
10
732.214
20
-676.000
30
2598.000
11
732.000
21
-676.150
31
2598.000
0
LINE
8
TOPO-EXIST
10
752.000
20
-676.000
30
2598.000
11
752.000
21
-676.000
31
2598.000
0
LINE
8
TOPO-EXIST
10
754.000
20
-678.000
30
2598.000
11
752.000
21
-676.000
31
2598.000
0
LINE
8
TOPO-EXIST
10
707.348
20
-678.000
30
2598.000
11
708.000
21
-679.200
31
2598.000
0
LINE
8
TOPO-EXIST
10
708.625
20
-680.000
30
2598.000
11
708.000
21
-679.200
31
2598.000
0
LINE
8
TOPO-EXIST
10
728.000
20
-679.774
30
2598.000
11
727.125
21
-680.000
31
2598.000
0
LINE
8
TOPO-EXIST
10
730.000
20
-678.643
30
2598.000
11
728.000
21
-679.774
31
2598.000
0
LINE
8
TOPO-EXIST
10
730.391
20
-678.000
30
2598.000
11
730.000
21
-678.643
31
2598.000
0
LINE
8
TOPO-EXIST
10
754.000
20
-678.000
30
2598.000
11
754.000
21
-678.000
31
2598.000
0
LINE
8
TOPO-EXIST
10
756.000
20
-678.000
30
2598.000
11
754.000
21
-678.000
31
2598.000
0
LINE
8
TOPO-EXIST
10
758.000
20
-680.000
30
2598.000
11
756.000
21
-678.000
31
2598.000
0
LINE
8
TOPO-EXIST
10
708.625
20
-680.000
30
2598.000
11
710.000
21
-681.692
31
2598.000
0
LINE
8
TOPO-EXIST
10
710.148
20
-682.000
30
2598.000
11
710.000
21
-681.692
31
2598.000
0
LINE
8
TOPO-EXIST
10
722.000
20
-680.996
30
2598.000
11
720.368
21
-682.000
31
2598.000
0
LINE
8
TOPO-EXIST
10
724.000
20
-680.121
30
2598.000
11
722.000
21
-680.996
31
2598.000
0
LINE
8
TOPO-EXIST
10
726.000
20
-680.300
30
2598.000
11
724.000
21
-680.121
31
2598.000
0
LINE
8
TOPO-EXIST
10
727.125
20
-680.000
30
2598.000
11
728.000
21
-682.000
31
2598.000
0
LINE
8
TOPO-EXIST
10
728.000
20
-682.000
30
2598.000
11
726.000
21
-680.300
31
2598.000
0
LINE
8
TOPO-EXIST
10
728.000
20
-682.000
30
2598.000
11
728.000
21
-682.000
31
2598.000
0
LINE
8
TOPO-EXIST
10
758.000
20
-680.000
30
2598.000
11
758.000
21
-682.000
31
2598.000
0
LINE
8
TOPO-EXIST
10
710.148
20
-682.000
30
2598.000
11
710.963
21
-684.000
31
2598.000
0
LINE
8
TOPO-EXIST
10
718.000
20
-683.111
30
2598.000
11
716.074
21
-684.000
31
2598.000
0
LINE
8
TOPO-EXIST
10
720.000
20
-682.218
30
2598.000
11
718.000
21
-683.111
31
2598.000
0
LINE
8
TOPO-EXIST
10
720.368
20
-682.000
30
2598.000
11
720.000
21
-682.218
31
2598.000
0
LINE
8
TOPO-EXIST
10
728.000
20
-682.000
30
2598.000
11
728.000
21
-682.000
31
2598.000
0
LINE
8
TOPO-EXIST
10
728.000
20
-682.000
30
2598.000
11
728.000
21
-682.000
31
2598.000
0
LINE
8
TOPO-EXIST
10
758.000
20
-682.000
30
2598.000
11
758.000
21
-682.000
31
2598.000
0
LINE
8
TOPO-EXIST
10
760.000
20
-684.000
30
2598.000
11
758.000
21
-682.000
31
2598.000
0
LINE
8
TOPO-EXIST
10
710.963
20
-684.000
30
2598.000
11
712.000
21
-684.341
31
2598.000
0
LINE
8
TOPO-EXIST
10
714.000
20
-684.436
30
2598.000
11
712.000
21
-684.341
31
2598.000
0
LINE
8
TOPO-EXIST
10
716.000
20
-684.037
30
2598.000
11
714.000
21
-684.436
31
2598.000
0
LINE
8
TOPO-EXIST
10
716.074
20
-684.000
30
2598.000
11
716.000
21
-684.037
31
2598.000
0
LINE
8
TOPO-EXIST
10
760.000
20
-684.000
30
2598.000
11
760.000
21
-684.000
31
2598.000
0
LINE
8
TOPO-EXIST
10
762.000
20
-686.000
30
2598.000
11
760.000
21
-684.000
31
2598.000
0
LINE
8
TOPO-EXIST
10
762.000
20
-686.000
30
2598.000
11
762.000
21
-688.000
31
2598.000
0
LINE
8
TOPO-EXIST
10
734.000
20
-690.000
30
2598.000
11
734.000
21
-690.000
31
2598.000
0
LINE
8
TOPO-EXIST
10
734.000
20
-690.000
30
2598.000
11
734.000
21
-690.000
31
2598.000
0
LINE
8
TOPO-EXIST
10
762.000
20
-688.000
30
2598.000
11
762.000
21
-688.000
31
2598.000
0
LINE
8
TOPO-EXIST
10
764.000
20
-690.000
30
2598.000
11
762.000
21
-688.000
31
2598.000
0
LINE
8
TOPO-EXIST
10
734.000
20
-690.000
30
2598.000
11
734.000
21
-690.000
31
2598.000
0
LINE
8
TOPO-EXIST
10
734.000
20
-690.000
30
2598.000
11
734.000
21
-690.000
31
2598.000
0
LINE
8
TOPO-EXIST
10
764.000
20
-690.000
30
2598.000
11
764.000
21
-692.000
31
2598.000
0
LINE
8
TOPO-EXIST
10
736.000
20
-694.000
30
2598.000
11
736.000
21
-694.000
31
2598.000
0
LINE
8
TOPO-EXIST
10
736.000
20
-694.000
30
2598.000
11
736.000
21
-694.000
31
2598.000
0
LINE
8
TOPO-EXIST
10
764.000
20
-692.000
30
2598.000
11
764.000
21
-694.000
31
2598.000
0
LINE
8
TOPO-EXIST
10
736.000
20
-694.000
30
2598.000
11
736.000
21
-694.000
31
2598.000
0
LINE
8
TOPO-EXIST
10
736.000
20
-694.000
30
2598.000
11
736.000
21
-694.000
31
2598.000
0
LINE
8
TOPO-EXIST
10
764.000
20
-694.000
30
2598.000
11
764.000
21
-694.000
31
2598.000
0
LINE
8
TOPO-EXIST
10
766.000
20
-696.000
30
2598.000
11
764.000
21
-694.000
31
2598.000
0
LINE
8
TOPO-EXIST
10
766.000
20
-696.000
30
2598.000
11
766.000
21
-698.000
31
2598.000
0
LINE
8
TOPO-EXIST
10
766.000
20
-698.000
30
2598.000
11
766.000
21
-700.000
31
2598.000
0
LINE
8
TOPO-EXIST
10
766.000
20
-700.000
30
2598.000
11
766.000
21
-702.000
31
2598.000
0
LINE
8
TOPO-EXIST
10
766.000
20
-702.000
30
2598.000
11
766.000
21
-704.000
31
2598.000
0
LINE
8
TOPO-EXIST
10
766.000
20
-704.000
30
2598.000
11
766.000
21
-706.000
31
2598.000
0
LINE
8
TOPO-EXIST
10
766.000
20
-706.000
30
2598.000
11
766.000
21
-706.000
31
2598.000
0
LINE
8
TOPO-EXIST
10
768.000
20
-708.000
30
2598.000
11
766.000
21
-706.000
31
2598.000
0
LINE
8
TOPO-EXIST
10
768.000
20
-708.000
30
2598.000
11
768.000
21
-708.000
31
2598.000
0
LINE
8
TOPO-EXIST
10
770.000
20
-708.000
30
2598.000
11
768.000
21
-708.000
31
2598.000
0
LINE
8
TOPO-EXIST
10
537.316
20
-380.000
30
2599.000
11
537.761
21
-382.000
31
2599.000
0
LINE
8
TOPO-EXIST
10
537.761
20
-382.000
30
2599.000
11
538.000
21
-384.000
31
2599.000
0
LINE
8
TOPO-EXIST
10
538.000
20
-384.000
30
2599.000
11
538.000
21
-384.000
31
2599.000
0
LINE
8
TOPO-EXIST
10
540.000
20
-384.000
30
2599.000
11
538.000
21
-384.000
31
2599.000
0
LINE
8
TOPO-EXIST
10
542.000
20
-384.000
30
2599.000
11
540.000
21
-384.000
31
2599.000
0
LINE
8
TOPO-EXIST
10
544.000
20
-386.000
30
2599.000
11
542.000
21
-384.000
31
2599.000
0
LINE
8
TOPO-EXIST
10
544.000
20
-386.000
30
2599.000
11
544.000
21
-386.000
31
2599.000
0
LINE
8
TOPO-EXIST
10
546.000
20
-388.000
30
2599.000
11
544.000
21
-386.000
31
2599.000
0
LINE
8
TOPO-EXIST
10
546.000
20
-388.000
30
2599.000
11
546.000
21
-388.000
31
2599.000
0
LINE
8
TOPO-EXIST
10
548.000
20
-388.000
30
2599.000
11
546.000
21
-388.000
31
2599.000
0
LINE
8
TOPO-EXIST
10
550.000
20
-390.000
30
2599.000
11
548.000
21
-388.000
31
2599.000
0
LINE
8
TOPO-EXIST
10
550.000
20
-390.000
30
2599.000
11
550.000
21
-390.000
31
2599.000
0
LINE
8
TOPO-EXIST
10
552.000
20
-392.000
30
2599.000
11
550.000
21
-390.000
31
2599.000
0
LINE
8
TOPO-EXIST
10
552.000
20
-392.000
30
2599.000
11
552.000
21
-392.000
31
2599.000
0
LINE
8
TOPO-EXIST
10
554.000
20
-392.000
30
2599.000
11
552.000
21
-392.000
31
2599.000
0
LINE
8
TOPO-EXIST
10
556.000
20
-394.000
30
2599.000
11
554.000
21
-392.000
31
2599.000
0
LINE
8
TOPO-EXIST
10
556.000
20
-394.000
30
2599.000
11
556.000
21
-394.000
31
2599.000
0
LINE
8
TOPO-EXIST
10
558.000
20
-394.000
30
2599.000
11
556.000
21
-394.000
31
2599.000
0
LINE
8
TOPO-EXIST
10
560.000
20
-396.000
30
2599.000
11
558.000
21
-394.000
31
2599.000
0
LINE
8
TOPO-EXIST
10
560.000
20
-396.000
30
2599.000
11
560.000
21
-396.000
31
2599.000
0
LINE
8
TOPO-EXIST
10
562.000
20
-398.000
30
2599.000
11
560.000
21
-396.000
31
2599.000
0
LINE
8
TOPO-EXIST
10
562.000
20
-398.000
30
2599.000
11
562.000
21
-398.000
31
2599.000
0
LINE
8
TOPO-EXIST
10
564.000
20
-398.000
30
2599.000
11
562.000
21
-398.000
31
2599.000
0
LINE
8
TOPO-EXIST
10
566.000
20
-399.667
30
2599.000
11
564.000
21
-398.000
31
2599.000
0
LINE
8
TOPO-EXIST
10
568.000
20
-400.000
30
2599.000
11
566.000
21
-399.667
31
2599.000
0
LINE
8
TOPO-EXIST
10
568.000
20
-400.000
30
2599.000
11
568.000
21
-400.000
31
2599.000
0
LINE
8
TOPO-EXIST
10
570.000
20
-401.333
30
2599.000
11
568.000
21
-400.000
31
2599.000
0
LINE
8
TOPO-EXIST
10
572.000
20
-401.000
30
2599.000
11
570.000
21
-401.333
31
2599.000
0
LINE
8
TOPO-EXIST
10
574.000
20
-402.000
30
2599.000
11
572.000
21
-401.000
31
2599.000
0
LINE
8
TOPO-EXIST
10
574.000
20
-402.000
30
2599.000
11
574.000
21
-402.000
31
2599.000
0
LINE
8
TOPO-EXIST
10
576.000
20
-404.000
30
2599.000
11
574.000
21
-402.000
31
2599.000
0
LINE
8
TOPO-EXIST
10
576.000
20
-404.000
30
2599.000
11
576.000
21
-404.000
31
2599.000
0
LINE
8
TOPO-EXIST
10
578.000
20
-406.000
30
2599.000
11
576.000
21
-404.000
31
2599.000
0
LINE
8
TOPO-EXIST
10
578.000
20
-406.000
30
2599.000
11
578.000
21
-408.000
31
2599.000
0
LINE
8
TOPO-EXIST
10
578.000
20
-408.000
30
2599.000
11
578.000
21
-410.000
31
2599.000
0
LINE
8
TOPO-EXIST
10
578.000
20
-410.000
30
2599.000
11
578.000
21
-412.000
31
2599.000
0
LINE
8
TOPO-EXIST
10
578.000
20
-412.000
30
2599.000
11
578.000
21
-414.000
31
2599.000
0
LINE
8
TOPO-EXIST
10
578.000
20
-414.000
30
2599.000
11
578.000
21
-416.000
31
2599.000
0
LINE
8
TOPO-EXIST
10
578.000
20
-416.000
30
2599.000
11
578.000
21
-416.000
31
2599.000
0
LINE
8
TOPO-EXIST
10
580.000
20
-418.000
30
2599.000
11
578.000
21
-416.000
31
2599.000
0
LINE
8
TOPO-EXIST
10
580.000
20
-418.000
30
2599.000
11
580.000
21
-420.000
31
2599.000
0
LINE
8
TOPO-EXIST
10
580.000
20
-420.000
30
2599.000
11
580.000
21
-422.000
31
2599.000
0
LINE
8
TOPO-EXIST
10
580.000
20
-422.000
30
2599.000
11
580.000
21
-424.000
31
2599.000
0
LINE
8
TOPO-EXIST
10
580.000
20
-424.000
30
2599.000
11
580.000
21
-426.000
31
2599.000
0
LINE
8
TOPO-EXIST
10
580.000
20
-426.000
30
2599.000
11
580.000
21
-428.000
31
2599.000
0
LINE
8
TOPO-EXIST
10
582.000
20
-426.000
30
2599.000
11
580.000
21
-428.000
31
2599.000
0
LINE
8
TOPO-EXIST
10
584.000
20
-426.000
30
2599.000
11
582.000
21
-426.000
31
2599.000
0
LINE
8
TOPO-EXIST
10
586.000
20
-426.000
30
2599.000
11
584.000
21
-426.000
31
2599.000
0
LINE
8
TOPO-EXIST
10
588.000
20
-428.000
30
2599.000
11
586.000
21
-426.000
31
2599.000
0
LINE
8
TOPO-EXIST
10
580.000
20
-428.000
30
2599.000
11
580.000
21
-428.000
31
2599.000
0
LINE
8
TOPO-EXIST
10
580.000
20
-428.000
30
2599.000
11
580.000
21
-428.000
31
2599.000
0
LINE
8
TOPO-EXIST
10
588.000
20
-428.000
30
2599.000
11
588.000
21
-428.000
31
2599.000
0
LINE
8
TOPO-EXIST
10
590.000
20
-428.000
30
2599.000
11
588.000
21
-428.000
31
2599.000
0
LINE
8
TOPO-EXIST
10
592.000
20
-428.000
30
2599.000
11
590.000
21
-428.000
31
2599.000
0
LINE
8
TOPO-EXIST
10
594.000
20
-430.000
30
2599.000
11
592.000
21
-428.000
31
2599.000
0
LINE
8
TOPO-EXIST
10
594.000
20
-430.000
30
2599.000
11
594.000
21
-430.000
31
2599.000
0
LINE
8
TOPO-EXIST
10
596.000
20
-432.000
30
2599.000
11
594.000
21
-430.000
31
2599.000
0
LINE
8
TOPO-EXIST
10
596.000
20
-432.000
30
2599.000
11
596.000
21
-432.000
31
2599.000
0
LINE
8
TOPO-EXIST
10
598.000
20
-434.000
30
2599.000
11
596.000
21
-432.000
31
2599.000
0
LINE
8
TOPO-EXIST
10
598.000
20
-434.000
30
2599.000
11
598.000
21
-436.000
31
2599.000
0
LINE
8
TOPO-EXIST
10
598.000
20
-436.000
30
2599.000
11
598.000
21
-438.000
31
2599.000
0
LINE
8
TOPO-EXIST
10
598.000
20
-438.000
30
2599.000
11
598.000
21
-438.000
31
2599.000
0
LINE
8
TOPO-EXIST
10
600.000
20
-440.000
30
2599.000
11
598.000
21
-438.000
31
2599.000
0
LINE
8
TOPO-EXIST
10
600.000
20
-440.000
30
2599.000
11
600.000
21
-442.000
31
2599.000
0
LINE
8
TOPO-EXIST
10
600.000
20
-442.000
30
2599.000
11
600.000
21
-444.000
31
2599.000
0
LINE
8
TOPO-EXIST
10
600.000
20
-444.000
30
2599.000
11
600.000
21
-444.000
31
2599.000
0
LINE
8
TOPO-EXIST
10
602.000
20
-446.000
30
2599.000
11
600.000
21
-444.000
31
2599.000
0
LINE
8
TOPO-EXIST
10
602.000
20
-446.000
30
2599.000
11
602.000
21
-448.000
31
2599.000
0
LINE
8
TOPO-EXIST
10
602.000
20
-448.000
30
2599.000
11
602.000
21
-450.000
31
2599.000
0
LINE
8
TOPO-EXIST
10
602.000
20
-450.000
30
2599.000
11
602.000
21
-450.000
31
2599.000
0
LINE
8
TOPO-EXIST
10
604.000
20
-452.000
30
2599.000
11
602.000
21
-450.000
31
2599.000
0
LINE
8
TOPO-EXIST
10
604.000
20
-452.000
30
2599.000
11
604.000
21
-454.000
31
2599.000
0
LINE
8
TOPO-EXIST
10
604.000
20
-454.000
30
2599.000
11
604.000
21
-456.000
31
2599.000
0
LINE
8
TOPO-EXIST
10
604.000
20
-456.000
30
2599.000
11
604.000
21
-456.000
31
2599.000
0
LINE
8
TOPO-EXIST
10
606.000
20
-458.000
30
2599.000
11
604.000
21
-456.000
31
2599.000
0
LINE
8
TOPO-EXIST
10
606.000
20
-458.000
30
2599.000
11
606.000
21
-458.000
31
2599.000
0
LINE
8
TOPO-EXIST
10
607.429
20
-460.000
30
2599.000
11
606.000
21
-458.000
31
2599.000
0
LINE
8
TOPO-EXIST
10
607.429
20
-460.000
30
2599.000
11
606.793
21
-462.000
31
2599.000
0
LINE
8
TOPO-EXIST
10
606.793
20
-462.000
30
2599.000
11
606.552
21
-464.000
31
2599.000
0
LINE
8
TOPO-EXIST
10
606.552
20
-464.000
30
2599.000
11
606.276
21
-466.000
31
2599.000
0
LINE
8
TOPO-EXIST
10
606.000
20
-468.000
30
2599.000
11
606.000
21
-468.000
31
2599.000
0
LINE
8
TOPO-EXIST
10
606.276
20
-466.000
30
2599.000
11
606.000
21
-468.000
31
2599.000
0
LINE
8
TOPO-EXIST
10
606.000
20
-468.000
30
2599.000
11
605.759
21
-470.000
31
2599.000
0
LINE
8
TOPO-EXIST
10
605.759
20
-470.000
30
2599.000
11
605.483
21
-472.000
31
2599.000
0
LINE
8
TOPO-EXIST
10
605.483
20
-472.000
30
2599.000
11
605.207
21
-474.000
31
2599.000
0
LINE
8
TOPO-EXIST
10
605.207
20
-474.000
30
2599.000
11
605.000
21
-476.000
31
2599.000
0
LINE
8
TOPO-EXIST
10
605.000
20
-476.000
30
2599.000
11
605.515
21
-478.000
31
2599.000
0
LINE
8
TOPO-EXIST
10
605.515
20
-478.000
30
2599.000
11
606.000
21
-478.356
31
2599.000
0
LINE
8
TOPO-EXIST
10
608.000
20
-479.289
30
2599.000
11
606.000
21
-478.356
31
2599.000
0
LINE
8
TOPO-EXIST
10
608.821
20
-480.000
30
2599.000
11
608.000
21
-479.289
31
2599.000
0
LINE
8
TOPO-EXIST
10
608.821
20
-480.000
30
2599.000
11
610.000
21
-480.821
31
2599.000
0
LINE
8
TOPO-EXIST
10
612.000
20
-481.206
30
2599.000
11
610.000
21
-480.821
31
2599.000
0
LINE
8
TOPO-EXIST
10
614.000
20
-481.930
30
2599.000
11
612.000
21
-481.206
31
2599.000
0
LINE
8
TOPO-EXIST
10
614.118
20
-482.000
30
2599.000
11
614.000
21
-481.930
31
2599.000
0
LINE
8
TOPO-EXIST
10
614.118
20
-482.000
30
2599.000
11
616.000
21
-483.016
31
2599.000
0
LINE
8
TOPO-EXIST
10
617.033
20
-484.000
30
2599.000
11
616.000
21
-483.016
31
2599.000
0
LINE
8
TOPO-EXIST
10
617.033
20
-484.000
30
2599.000
11
618.000
21
-484.853
31
2599.000
0
LINE
8
TOPO-EXIST
10
618.897
20
-486.000
30
2599.000
11
618.000
21
-484.853
31
2599.000
0
LINE
8
TOPO-EXIST
10
618.897
20
-486.000
30
2599.000
11
619.584
21
-488.000
31
2599.000
0
LINE
8
TOPO-EXIST
10
619.584
20
-488.000
30
2599.000
11
619.614
21
-490.000
31
2599.000
0
LINE
8
TOPO-EXIST
10
619.614
20
-490.000
30
2599.000
11
620.000
21
-491.191
31
2599.000
0
LINE
8
TOPO-EXIST
10
620.255
20
-492.000
30
2599.000
11
620.000
21
-491.191
31
2599.000
0
LINE
8
TOPO-EXIST
10
620.255
20
-492.000
30
2599.000
11
620.783
21
-494.000
31
2599.000
0
LINE
8
TOPO-EXIST
10
620.783
20
-494.000
30
2599.000
11
621.316
21
-496.000
31
2599.000
0
LINE
8
TOPO-EXIST
10
621.316
20
-496.000
30
2599.000
11
622.000
21
-497.688
31
2599.000
0
LINE
8
TOPO-EXIST
10
622.099
20
-498.000
30
2599.000
11
622.000
21
-497.688
31
2599.000
0
LINE
8
TOPO-EXIST
10
622.099
20
-498.000
30
2599.000
11
622.502
21
-500.000
31
2599.000
0
LINE
8
TOPO-EXIST
10
622.502
20
-500.000
30
2599.000
11
623.296
21
-502.000
31
2599.000
0
LINE
8
TOPO-EXIST
10
623.296
20
-502.000
30
2599.000
11
624.000
21
-503.188
31
2599.000
0
LINE
8
TOPO-EXIST
10
624.538
20
-504.000
30
2599.000
11
624.000
21
-503.188
31
2599.000
0
LINE
8
TOPO-EXIST
10
624.538
20
-504.000
30
2599.000
11
626.000
21
-505.592
31
2599.000
0
LINE
8
TOPO-EXIST
10
626.326
20
-506.000
30
2599.000
11
626.000
21
-505.592
31
2599.000
0
LINE
8
TOPO-EXIST
10
626.326
20
-506.000
30
2599.000
11
627.133
21
-508.000
31
2599.000
0
LINE
8
TOPO-EXIST
10
627.133
20
-508.000
30
2599.000
11
627.794
21
-510.000
31
2599.000
0
LINE
8
TOPO-EXIST
10
627.794
20
-510.000
30
2599.000
11
628.000
21
-510.451
31
2599.000
0
LINE
8
TOPO-EXIST
10
628.566
20
-512.000
30
2599.000
11
628.000
21
-510.451
31
2599.000
0
LINE
8
TOPO-EXIST
10
638.000
20
-511.587
30
2599.000
11
637.399
21
-512.000
31
2599.000
0
LINE
8
TOPO-EXIST
10
639.072
20
-512.000
30
2599.000
11
638.000
21
-511.587
31
2599.000
0
LINE
8
TOPO-EXIST
10
628.566
20
-512.000
30
2599.000
11
629.951
21
-514.000
31
2599.000
0
LINE
8
TOPO-EXIST
10
637.399
20
-512.000
30
2599.000
11
637.117
21
-514.000
31
2599.000
0
LINE
8
TOPO-EXIST
10
639.072
20
-512.000
30
2599.000
11
638.664
21
-514.000
31
2599.000
0
LINE
8
TOPO-EXIST
10
708.000
20
-513.412
30
2599.000
11
707.800
21
-514.000
31
2599.000
0
LINE
8
TOPO-EXIST
10
629.951
20
-514.000
30
2599.000
11
630.000
21
-514.049
31
2599.000
0
LINE
8
TOPO-EXIST
10
631.628
20
-516.000
30
2599.000
11
630.000
21
-514.049
31
2599.000
0
LINE
8
TOPO-EXIST
10
637.117
20
-514.000
30
2599.000
11
638.000
21
-514.650
31
2599.000
0
LINE
8
TOPO-EXIST
10
638.664
20
-514.000
30
2599.000
11
640.000
21
-515.871
31
2599.000
0
LINE
8
TOPO-EXIST
10
639.874
20
-516.000
30
2599.000
11
638.000
21
-514.650
31
2599.000
0
LINE
8
TOPO-EXIST
10
640.373
20
-516.000
30
2599.000
11
640.000
21
-515.871
31
2599.000
0
LINE
8
TOPO-EXIST
10
707.800
20
-514.000
30
2599.000
11
708.000
21
-515.250
31
2599.000
0
LINE
8
TOPO-EXIST
10
631.628
20
-516.000
30
2599.000
11
632.000
21
-516.374
31
2599.000
0
LINE
8
TOPO-EXIST
10
634.000
20
-517.606
30
2599.000
11
632.000
21
-516.374
31
2599.000
0
LINE
8
TOPO-EXIST
10
634.649
20
-518.000
30
2599.000
11
634.000
21
-517.606
31
2599.000
0
LINE
8
TOPO-EXIST
10
639.874
20
-516.000
30
2599.000
11
639.205
21
-518.000
31
2599.000
0
LINE
8
TOPO-EXIST
10
640.373
20
-516.000
30
2599.000
11
642.000
21
-517.477
31
2599.000
0
LINE
8
TOPO-EXIST
10
642.157
20
-518.000
30
2599.000
11
642.000
21
-517.477
31
2599.000
0
LINE
8
TOPO-EXIST
10
634.649
20
-518.000
30
2599.000
11
636.000
21
-518.995
31
2599.000
0
LINE
8
TOPO-EXIST
10
638.000
20
-519.353
30
2599.000
11
636.000
21
-518.995
31
2599.000
0
LINE
8
TOPO-EXIST
10
639.205
20
-518.000
30
2599.000
11
638.000
21
-519.353
31
2599.000
0
LINE
8
TOPO-EXIST
10
642.000
20
-518.222
30
2599.000
11
640.234
21
-520.000
31
2599.000
0
LINE
8
TOPO-EXIST
10
642.157
20
-518.000
30
2599.000
11
642.000
21
-518.222
31
2599.000
0
LINE
8
TOPO-EXIST
10
710.000
20
-518.471
30
2599.000
11
709.552
21
-520.000
31
2599.000
0
LINE
8
TOPO-EXIST
10
640.234
20
-520.000
30
2599.000
11
642.000
21
-521.026
31
2599.000
0
LINE
8
TOPO-EXIST
10
644.000
20
-520.376
30
2599.000
11
642.000
21
-521.026
31
2599.000
0
LINE
8
TOPO-EXIST
10
646.000
20
-521.128
30
2599.000
11
644.000
21
-520.376
31
2599.000
0
LINE
8
TOPO-EXIST
10
648.000
20
-521.237
30
2599.000
11
646.000
21
-521.128
31
2599.000
0
LINE
8
TOPO-EXIST
10
650.000
20
-520.667
30
2599.000
11
648.000
21
-521.237
31
2599.000
0
LINE
8
TOPO-EXIST
10
652.000
20
-521.512
30
2599.000
11
650.000
21
-520.667
31
2599.000
0
LINE
8
TOPO-EXIST
10
652.276
20
-522.000
30
2599.000
11
652.000
21
-521.512
31
2599.000
0
LINE
8
TOPO-EXIST
10
709.552
20
-520.000
30
2599.000
11
710.000
21
-521.529
31
2599.000
0
LINE
8
TOPO-EXIST
10
652.000
20
-522.444
30
2599.000
11
651.186
21
-524.000
31
2599.000
0
LINE
8
TOPO-EXIST
10
652.276
20
-522.000
30
2599.000
11
652.000
21
-522.444
31
2599.000
0
LINE
8
TOPO-EXIST
10
712.000
20
-523.529
30
2599.000
11
711.724
21
-524.000
31
2599.000
0
LINE
8
TOPO-EXIST
10
650.000
20
-525.774
30
2599.000
11
649.381
21
-526.000
31
2599.000
0
LINE
8
TOPO-EXIST
10
651.186
20
-524.000
30
2599.000
11
650.000
21
-525.774
31
2599.000
0
LINE
8
TOPO-EXIST
10
711.724
20
-524.000
30
2599.000
11
711.484
21
-526.000
31
2599.000
0
LINE
8
TOPO-EXIST
10
649.381
20
-526.000
30
2599.000
11
650.000
21
-527.238
31
2599.000
0
LINE
8
TOPO-EXIST
10
650.889
20
-528.000
30
2599.000
11
650.000
21
-527.238
31
2599.000
0
LINE
8
TOPO-EXIST
10
711.484
20
-526.000
30
2599.000
11
712.000
21
-527.524
31
2599.000
0
LINE
8
TOPO-EXIST
10
650.889
20
-528.000
30
2599.000
11
652.000
21
-529.000
31
2599.000
0
LINE
8
TOPO-EXIST
10
652.952
20
-530.000
30
2599.000
11
652.000
21
-529.000
31
2599.000
0
LINE
8
TOPO-EXIST
10
714.000
20
-528.588
30
2599.000
11
713.368
21
-530.000
31
2599.000
0
LINE
8
TOPO-EXIST
10
652.952
20
-530.000
30
2599.000
11
654.000
21
-531.571
31
2599.000
0
LINE
8
TOPO-EXIST
10
654.375
20
-532.000
30
2599.000
11
654.000
21
-531.571
31
2599.000
0
LINE
8
TOPO-EXIST
10
713.368
20
-530.000
30
2599.000
11
713.492
21
-532.000
31
2599.000
0
LINE
8
TOPO-EXIST
10
654.375
20
-532.000
30
2599.000
11
656.000
21
-534.000
31
2599.000
0
LINE
8
TOPO-EXIST
10
713.492
20
-532.000
30
2599.000
11
714.000
21
-533.455
31
2599.000
0
LINE
8
TOPO-EXIST
10
656.000
20
-534.000
30
2599.000
11
656.000
21
-534.000
31
2599.000
0
LINE
8
TOPO-EXIST
10
656.438
20
-536.000
30
2599.000
11
656.000
21
-534.000
31
2599.000
0
LINE
8
TOPO-EXIST
10
715.333
20
-534.000
30
2599.000
11
715.149
21
-536.000
31
2599.000
0
LINE
8
TOPO-EXIST
10
656.438
20
-536.000
30
2599.000
11
657.524
21
-538.000
31
2599.000
0
LINE
8
TOPO-EXIST
10
715.149
20
-536.000
30
2599.000
11
715.524
21
-538.000
31
2599.000
0
LINE
8
TOPO-EXIST
10
657.524
20
-538.000
30
2599.000
11
658.000
21
-540.000
31
2599.000
0
LINE
8
TOPO-EXIST
10
715.524
20
-538.000
30
2599.000
11
716.000
21
-539.364
31
2599.000
0
LINE
8
TOPO-EXIST
10
658.000
20
-540.000
30
2599.000
11
658.000
21
-540.000
31
2599.000
0
LINE
8
TOPO-EXIST
10
658.538
20
-542.000
30
2599.000
11
658.000
21
-540.000
31
2599.000
0
LINE
8
TOPO-EXIST
10
716.778
20
-540.000
30
2599.000
11
717.000
21
-542.000
31
2599.000
0
LINE
8
TOPO-EXIST
10
658.538
20
-542.000
30
2599.000
11
660.000
21
-543.810
31
2599.000
0
LINE
8
TOPO-EXIST
10
660.085
20
-544.000
30
2599.000
11
660.000
21
-543.810
31
2599.000
0
LINE
8
TOPO-EXIST
10
717.000
20
-542.000
30
2599.000
11
717.556
21
-544.000
31
2599.000
0
LINE
8
TOPO-EXIST
10
660.085
20
-544.000
30
2599.000
11
660.500
21
-546.000
31
2599.000
0
LINE
8
TOPO-EXIST
10
717.556
20
-544.000
30
2599.000
11
718.000
21
-545.333
31
2599.000
0
LINE
8
TOPO-EXIST
10
660.500
20
-546.000
30
2599.000
11
662.000
21
-548.000
31
2599.000
0
LINE
8
TOPO-EXIST
10
718.538
20
-546.000
30
2599.000
11
718.921
21
-548.000
31
2599.000
0
LINE
8
TOPO-EXIST
10
662.000
20
-548.000
30
2599.000
11
662.000
21
-548.000
31
2599.000
0
LINE
8
TOPO-EXIST
10
662.200
20
-550.000
30
2599.000
11
662.000
21
-548.000
31
2599.000
0
LINE
8
TOPO-EXIST
10
718.921
20
-548.000
30
2599.000
11
719.536
21
-550.000
31
2599.000
0
LINE
8
TOPO-EXIST
10
662.200
20
-550.000
30
2599.000
11
663.455
21
-552.000
31
2599.000
0
LINE
8
TOPO-EXIST
10
719.536
20
-550.000
30
2599.000
11
720.000
21
-551.238
31
2599.000
0
LINE
8
TOPO-EXIST
10
720.444
20
-552.000
30
2599.000
11
720.000
21
-551.238
31
2599.000
0
LINE
8
TOPO-EXIST
10
663.455
20
-552.000
30
2599.000
11
664.000
21
-552.667
31
2599.000
0
LINE
8
TOPO-EXIST
10
664.480
20
-554.000
30
2599.000
11
664.000
21
-552.667
31
2599.000
0
LINE
8
TOPO-EXIST
10
720.444
20
-552.000
30
2599.000
11
720.952
21
-554.000
31
2599.000
0
LINE
8
TOPO-EXIST
10
664.480
20
-554.000
30
2599.000
11
666.000
21
-555.727
31
2599.000
0
LINE
8
TOPO-EXIST
10
666.150
20
-556.000
30
2599.000
11
666.000
21
-555.727
31
2599.000
0
LINE
8
TOPO-EXIST
10
720.952
20
-554.000
30
2599.000
11
721.467
21
-556.000
31
2599.000
0
LINE
8
TOPO-EXIST
10
666.150
20
-556.000
30
2599.000
11
667.286
21
-558.000
31
2599.000
0
LINE
8
TOPO-EXIST
10
721.467
20
-556.000
30
2599.000
11
722.000
21
-557.143
31
2599.000
0
LINE
8
TOPO-EXIST
10
722.400
20
-558.000
30
2599.000
11
722.000
21
-557.143
31
2599.000
0
LINE
8
TOPO-EXIST
10
667.286
20
-558.000
30
2599.000
11
668.000
21
-559.000
31
2599.000
0
LINE
8
TOPO-EXIST
10
668.286
20
-560.000
30
2599.000
11
668.000
21
-559.000
31
2599.000
0
LINE
8
TOPO-EXIST
10
722.400
20
-558.000
30
2599.000
11
722.897
21
-560.000
31
2599.000
0
LINE
8
TOPO-EXIST
10
668.286
20
-560.000
30
2599.000
11
669.467
21
-562.000
31
2599.000
0
LINE
8
TOPO-EXIST
10
722.897
20
-560.000
30
2599.000
11
723.353
21
-562.000
31
2599.000
0
LINE
8
TOPO-EXIST
10
668.000
20
-564.000
30
2599.000
11
668.000
21
-564.000
31
2599.000
0
LINE
8
TOPO-EXIST
10
669.467
20
-562.000
30
2599.000
11
668.000
21
-564.000
31
2599.000
0
LINE
8
TOPO-EXIST
10
723.353
20
-562.000
30
2599.000
11
724.000
21
-563.048
31
2599.000
0
LINE
8
TOPO-EXIST
10
724.370
20
-564.000
30
2599.000
11
724.000
21
-563.048
31
2599.000
0
LINE
8
TOPO-EXIST
10
666.000
20
-566.000
30
2599.000
11
666.000
21
-566.000
31
2599.000
0
LINE
8
TOPO-EXIST
10
668.000
20
-564.000
30
2599.000
11
666.000
21
-566.000
31
2599.000
0
LINE
8
TOPO-EXIST
10
724.370
20
-564.000
30
2599.000
11
724.681
21
-566.000
31
2599.000
0
LINE
8
TOPO-EXIST
10
664.000
20
-568.000
30
2599.000
11
664.000
21
-568.000
31
2599.000
0
LINE
8
TOPO-EXIST
10
666.000
20
-566.000
30
2599.000
11
664.000
21
-568.000
31
2599.000
0
LINE
8
TOPO-EXIST
10
724.681
20
-566.000
30
2599.000
11
725.130
21
-568.000
31
2599.000
0
LINE
8
TOPO-EXIST
10
662.000
20
-570.000
30
2599.000
11
662.000
21
-570.000
31
2599.000
0
LINE
8
TOPO-EXIST
10
664.000
20
-568.000
30
2599.000
11
662.000
21
-570.000
31
2599.000
0
LINE
8
TOPO-EXIST
10
725.130
20
-568.000
30
2599.000
11
726.000
21
-569.053
31
2599.000
0
LINE
8
TOPO-EXIST
10
726.295
20
-570.000
30
2599.000
11
726.000
21
-569.053
31
2599.000
0
LINE
8
TOPO-EXIST
10
660.000
20
-572.000
30
2599.000
11
660.000
21
-572.000
31
2599.000
0
LINE
8
TOPO-EXIST
10
662.000
20
-570.000
30
2599.000
11
660.000
21
-572.000
31
2599.000
0
LINE
8
TOPO-EXIST
10
726.295
20
-570.000
30
2599.000
11
726.333
21
-572.000
31
2599.000
0
LINE
8
TOPO-EXIST
10
660.000
20
-572.000
30
2599.000
11
660.000
21
-572.000
31
2599.000
0
LINE
8
TOPO-EXIST
10
662.000
20
-572.000
30
2599.000
11
660.000
21
-572.000
31
2599.000
0
LINE
8
TOPO-EXIST
10
664.000
20
-574.000
30
2599.000
11
662.000
21
-572.000
31
2599.000
0
LINE
8
TOPO-EXIST
10
726.333
20
-572.000
30
2599.000
11
726.500
21
-574.000
31
2599.000
0
LINE
8
TOPO-EXIST
10
664.000
20
-574.000
30
2599.000
11
664.000
21
-574.000
31
2599.000
0
LINE
8
TOPO-EXIST
10
666.000
20
-576.000
30
2599.000
11
664.000
21
-574.000
31
2599.000
0
LINE
8
TOPO-EXIST
10
726.000
20
-575.500
30
2599.000
11
724.000
21
-576.000
31
2599.000
0
LINE
8
TOPO-EXIST
10
726.500
20
-574.000
30
2599.000
11
726.000
21
-575.500
31
2599.000
0
LINE
8
TOPO-EXIST
10
666.000
20
-576.000
30
2599.000
11
666.000
21
-576.000
31
2599.000
0
LINE
8
TOPO-EXIST
10
668.000
20
-578.000
30
2599.000
11
666.000
21
-576.000
31
2599.000
0
LINE
8
TOPO-EXIST
10
708.000
20
-576.000
30
2599.000
11
706.000
21
-578.000
31
2599.000
0
LINE
8
TOPO-EXIST
10
710.000
20
-576.500
30
2599.000
11
708.000
21
-576.000
31
2599.000
0
LINE
8
TOPO-EXIST
10
712.000
20
-576.500
30
2599.000
11
710.000
21
-576.500
31
2599.000
0
LINE
8
TOPO-EXIST
10
714.000
20
-576.000
30
2599.000
11
712.000
21
-576.500
31
2599.000
0
LINE
8
TOPO-EXIST
10
716.000
20
-576.000
30
2599.000
11
714.000
21
-576.000
31
2599.000
0
LINE
8
TOPO-EXIST
10
718.000
20
-576.000
30
2599.000
11
716.000
21
-576.000
31
2599.000
0
LINE
8
TOPO-EXIST
10
720.000
20
-576.000
30
2599.000
11
718.000
21
-576.000
31
2599.000
0
LINE
8
TOPO-EXIST
10
722.000
20
-576.000
30
2599.000
11
720.000
21
-576.000
31
2599.000
0
LINE
8
TOPO-EXIST
10
724.000
20
-576.000
30
2599.000
11
722.000
21
-576.000
31
2599.000
0
LINE
8
TOPO-EXIST
10
724.000
20
-576.000
30
2599.000
11
724.000
21
-576.000
31
2599.000
0
LINE
8
TOPO-EXIST
10
668.000
20
-578.000
30
2599.000
11
668.000
21
-578.000
31
2599.000
0
LINE
8
TOPO-EXIST
10
670.000
20
-580.000
30
2599.000
11
668.000
21
-578.000
31
2599.000
0
LINE
8
TOPO-EXIST
10
706.000
20
-578.000
30
2599.000
11
706.000
21
-580.000
31
2599.000
0
LINE
8
TOPO-EXIST
10
670.000
20
-580.000
30
2599.000
11
670.000
21
-582.000
31
2599.000
0
LINE
8
TOPO-EXIST
10
698.000
20
-580.000
30
2599.000
11
696.000
21
-582.000
31
2599.000
0
LINE
8
TOPO-EXIST
10
700.000
20
-580.000
30
2599.000
11
698.000
21
-580.000
31
2599.000
0
LINE
8
TOPO-EXIST
10
702.000
20
-580.000
30
2599.000
11
700.000
21
-580.000
31
2599.000
0
LINE
8
TOPO-EXIST
10
704.000
20
-580.000
30
2599.000
11
702.000
21
-580.000
31
2599.000
0
LINE
8
TOPO-EXIST
10
706.000
20
-580.000
30
2599.000
11
704.000
21
-580.000
31
2599.000
0
LINE
8
TOPO-EXIST
10
706.000
20
-580.000
30
2599.000
11
706.000
21
-580.000
31
2599.000
0
LINE
8
TOPO-EXIST
10
670.000
20
-582.000
30
2599.000
11
670.000
21
-582.000
31
2599.000
0
LINE
8
TOPO-EXIST
10
672.000
20
-584.000
30
2599.000
11
670.000
21
-582.000
31
2599.000
0
LINE
8
TOPO-EXIST
10
688.000
20
-582.000
30
2599.000
11
686.000
21
-584.000
31
2599.000
0
LINE
8
TOPO-EXIST
10
690.000
20
-582.000
30
2599.000
11
688.000
21
-582.000
31
2599.000
0
LINE
8
TOPO-EXIST
10
692.000
20
-582.000
30
2599.000
11
690.000
21
-582.000
31
2599.000
0
LINE
8
TOPO-EXIST
10
694.000
20
-582.000
30
2599.000
11
692.000
21
-582.000
31
2599.000
0
LINE
8
TOPO-EXIST
10
696.000
20
-582.000
30
2599.000
11
694.000
21
-582.000
31
2599.000
0
LINE
8
TOPO-EXIST
10
696.000
20
-582.000
30
2599.000
11
696.000
21
-582.000
31
2599.000
0
LINE
8
TOPO-EXIST
10
672.000
20
-584.000
30
2599.000
11
672.000
21
-586.000
31
2599.000
0
LINE
8
TOPO-EXIST
10
686.000
20
-584.000
30
2599.000
11
686.000
21
-586.000
31
2599.000
0
LINE
8
TOPO-EXIST
10
672.000
20
-586.000
30
2599.000
11
672.000
21
-586.000
31
2599.000
0
LINE
8
TOPO-EXIST
10
674.000
20
-588.000
30
2599.000
11
672.000
21
-586.000
31
2599.000
0
LINE
8
TOPO-EXIST
10
686.000
20
-586.000
30
2599.000
11
688.000
21
-588.000
31
2599.000
0
LINE
8
TOPO-EXIST
10
688.000
20
-588.000
30
2599.000
11
688.000
21
-588.000
31
2599.000
0
LINE
8
TOPO-EXIST
10
674.000
20
-588.000
30
2599.000
11
674.000
21
-588.000
31
2599.000
0
LINE
8
TOPO-EXIST
10
676.000
20
-590.000
30
2599.000
11
674.000
21
-588.000
31
2599.000
0
LINE
8
TOPO-EXIST
10
688.000
20
-588.000
30
2599.000
11
688.000
21
-590.000
31
2599.000
0
LINE
8
TOPO-EXIST
10
676.000
20
-590.000
30
2599.000
11
676.000
21
-592.000
31
2599.000
0
LINE
8
TOPO-EXIST
10
688.000
20
-590.000
30
2599.000
11
688.000
21
-592.000
31
2599.000
0
LINE
8
TOPO-EXIST
10
676.000
20
-592.000
30
2599.000
11
676.000
21
-592.000
31
2599.000
0
LINE
8
TOPO-EXIST
10
678.000
20
-594.000
30
2599.000
11
676.000
21
-592.000
31
2599.000
0
LINE
8
TOPO-EXIST
10
688.000
20
-592.000
30
2599.000
11
688.000
21
-594.000
31
2599.000
0
LINE
8
TOPO-EXIST
10
678.000
20
-594.000
30
2599.000
11
678.000
21
-596.000
31
2599.000
0
LINE
8
TOPO-EXIST
10
688.000
20
-594.000
30
2599.000
11
690.000
21
-596.000
31
2599.000
0
LINE
8
TOPO-EXIST
10
690.000
20
-596.000
30
2599.000
11
690.000
21
-596.000
31
2599.000
0
LINE
8
TOPO-EXIST
10
678.000
20
-596.000
30
2599.000
11
678.000
21
-596.000
31
2599.000
0
LINE
8
TOPO-EXIST
10
680.000
20
-598.000
30
2599.000
11
678.000
21
-596.000
31
2599.000
0
LINE
8
TOPO-EXIST
10
690.000
20
-596.000
30
2599.000
11
690.000
21
-598.000
31
2599.000
0
LINE
8
TOPO-EXIST
10
680.000
20
-598.000
30
2599.000
11
680.000
21
-598.000
31
2599.000
0
LINE
8
TOPO-EXIST
10
682.000
20
-600.000
30
2599.000
11
680.000
21
-598.000
31
2599.000
0
LINE
8
TOPO-EXIST
10
690.000
20
-598.000
30
2599.000
11
692.000
21
-600.000
31
2599.000
0
LINE
8
TOPO-EXIST
10
692.000
20
-600.000
30
2599.000
11
692.000
21
-600.000
31
2599.000
0
LINE
8
TOPO-EXIST
10
682.000
20
-600.000
30
2599.000
11
682.000
21
-602.000
31
2599.000
0
LINE
8
TOPO-EXIST
10
692.000
20
-600.000
30
2599.000
11
692.000
21
-602.000
31
2599.000
0
LINE
8
TOPO-EXIST
10
682.000
20
-602.000
30
2599.000
11
682.000
21
-602.000
31
2599.000
0
LINE
8
TOPO-EXIST
10
684.000
20
-604.000
30
2599.000
11
682.000
21
-602.000
31
2599.000
0
LINE
8
TOPO-EXIST
10
692.000
20
-602.000
30
2599.000
11
694.000
21
-604.000
31
2599.000
0
LINE
8
TOPO-EXIST
10
694.000
20
-604.000
30
2599.000
11
694.000
21
-604.000
31
2599.000
0
LINE
8
TOPO-EXIST
10
684.000
20
-604.000
30
2599.000
11
684.000
21
-604.000
31
2599.000
0
LINE
8
TOPO-EXIST
10
686.000
20
-606.000
30
2599.000
11
684.000
21
-604.000
31
2599.000
0
LINE
8
TOPO-EXIST
10
694.000
20
-604.000
30
2599.000
11
696.000
21
-606.000
31
2599.000
0
LINE
8
TOPO-EXIST
10
696.000
20
-606.000
30
2599.000
11
696.000
21
-606.000
31
2599.000
0
LINE
8
TOPO-EXIST
10
686.000
20
-606.000
30
2599.000
11
686.000
21
-608.000
31
2599.000
0
LINE
8
TOPO-EXIST
10
696.000
20
-606.000
30
2599.000
11
698.000
21
-608.000
31
2599.000
0
LINE
8
TOPO-EXIST
10
698.000
20
-608.000
30
2599.000
11
698.000
21
-608.000
31
2599.000
0
LINE
8
TOPO-EXIST
10
686.000
20
-608.000
30
2599.000
11
686.000
21
-608.000
31
2599.000
0
LINE
8
TOPO-EXIST
10
688.000
20
-610.000
30
2599.000
11
686.000
21
-608.000
31
2599.000
0
LINE
8
TOPO-EXIST
10
698.000
20
-608.000
30
2599.000
11
700.000
21
-610.000
31
2599.000
0
LINE
8
TOPO-EXIST
10
700.000
20
-610.000
30
2599.000
11
700.000
21
-610.000
31
2599.000
0
LINE
8
TOPO-EXIST
10
688.000
20
-610.000
30
2599.000
11
688.000
21
-610.000
31
2599.000
0
LINE
8
TOPO-EXIST
10
690.000
20
-612.000
30
2599.000
11
688.000
21
-610.000
31
2599.000
0
LINE
8
TOPO-EXIST
10
700.000
20
-610.000
30
2599.000
11
700.000
21
-612.000
31
2599.000
0
LINE
8
TOPO-EXIST
10
690.000
20
-612.000
30
2599.000
11
690.000
21
-614.000
31
2599.000
0
LINE
8
TOPO-EXIST
10
700.000
20
-612.000
30
2599.000
11
702.000
21
-614.000
31
2599.000
0
LINE
8
TOPO-EXIST
10
702.000
20
-614.000
30
2599.000
11
702.000
21
-614.000
31
2599.000
0
LINE
8
TOPO-EXIST
10
690.000
20
-614.000
30
2599.000
11
690.000
21
-614.000
31
2599.000
0
LINE
8
TOPO-EXIST
10
692.000
20
-616.000
30
2599.000
11
690.000
21
-614.000
31
2599.000
0
LINE
8
TOPO-EXIST
10
702.000
20
-614.000
30
2599.000
11
702.000
21
-616.000
31
2599.000
0
LINE
8
TOPO-EXIST
10
692.000
20
-616.000
30
2599.000
11
692.000
21
-616.000
31
2599.000
0
LINE
8
TOPO-EXIST
10
694.000
20
-618.000
30
2599.000
11
692.000
21
-616.000
31
2599.000
0
LINE
8
TOPO-EXIST
10
702.000
20
-616.000
30
2599.000
11
704.000
21
-618.000
31
2599.000
0
LINE
8
TOPO-EXIST
10
704.000
20
-618.000
30
2599.000
11
704.000
21
-618.000
31
2599.000
0
LINE
8
TOPO-EXIST
10
694.000
20
-618.000
30
2599.000
11
694.000
21
-620.000
31
2599.000
0
LINE
8
TOPO-EXIST
10
704.000
20
-618.000
30
2599.000
11
706.000
21
-620.000
31
2599.000
0
LINE
8
TOPO-EXIST
10
706.000
20
-620.000
30
2599.000
11
706.000
21
-620.000
31
2599.000
0
LINE
8
TOPO-EXIST
10
694.000
20
-620.000
30
2599.000
11
694.000
21
-620.000
31
2599.000
0
LINE
8
TOPO-EXIST
10
696.000
20
-622.000
30
2599.000
11
694.000
21
-620.000
31
2599.000
0
LINE
8
TOPO-EXIST
10
706.000
20
-620.000
30
2599.000
11
706.000
21
-622.000
31
2599.000
0
LINE
8
TOPO-EXIST
10
696.000
20
-622.000
30
2599.000
11
696.000
21
-622.000
31
2599.000
0
LINE
8
TOPO-EXIST
10
698.000
20
-624.000
30
2599.000
11
696.000
21
-622.000
31
2599.000
0
LINE
8
TOPO-EXIST
10
706.000
20
-622.000
30
2599.000
11
708.000
21
-624.000
31
2599.000
0
LINE
8
TOPO-EXIST
10
708.000
20
-624.000
30
2599.000
11
708.000
21
-624.000
31
2599.000
0
LINE
8
TOPO-EXIST
10
698.000
20
-624.000
30
2599.000
11
698.000
21
-626.000
31
2599.000
0
LINE
8
TOPO-EXIST
10
708.000
20
-624.000
30
2599.000
11
710.000
21
-626.000
31
2599.000
0
LINE
8
TOPO-EXIST
10
710.000
20
-626.000
30
2599.000
11
710.000
21
-626.000
31
2599.000
0
LINE
8
TOPO-EXIST
10
698.000
20
-626.000
30
2599.000
11
698.000
21
-626.000
31
2599.000
0
LINE
8
TOPO-EXIST
10
700.000
20
-628.000
30
2599.000
11
698.000
21
-626.000
31
2599.000
0
LINE
8
TOPO-EXIST
10
710.000
20
-626.000
30
2599.000
11
710.000
21
-628.000
31
2599.000
0
LINE
8
TOPO-EXIST
10
700.000
20
-628.000
30
2599.000
11
699.000
21
-630.000
31
2599.000
0
LINE
8
TOPO-EXIST
10
710.000
20
-628.000
30
2599.000
11
712.000
21
-630.000
31
2599.000
0
LINE
8
TOPO-EXIST
10
712.000
20
-630.000
30
2599.000
11
712.000
21
-630.000
31
2599.000
0
LINE
8
TOPO-EXIST
10
698.000
20
-630.174
30
2599.000
11
697.451
21
-632.000
31
2599.000
0
LINE
8
TOPO-EXIST
10
699.000
20
-630.000
30
2599.000
11
698.000
21
-630.174
31
2599.000
0
LINE
8
TOPO-EXIST
10
712.000
20
-630.000
30
2599.000
11
714.000
21
-632.000
31
2599.000
0
LINE
8
TOPO-EXIST
10
714.000
20
-632.000
30
2599.000
11
714.000
21
-632.000
31
2599.000
0
LINE
8
TOPO-EXIST
10
688.000
20
-633.884
30
2599.000
11
686.857
21
-634.000
31
2599.000
0
LINE
8
TOPO-EXIST
10
688.117
20
-634.000
30
2599.000
11
688.000
21
-633.884
31
2599.000
0
LINE
8
TOPO-EXIST
10
696.000
20
-633.213
30
2599.000
11
695.505
21
-634.000
31
2599.000
0
LINE
8
TOPO-EXIST
10
697.451
20
-632.000
30
2599.000
11
696.000
21
-633.213
31
2599.000
0
LINE
8
TOPO-EXIST
10
714.000
20
-632.000
30
2599.000
11
714.000
21
-634.000
31
2599.000
0
LINE
8
TOPO-EXIST
10
684.000
20
-635.475
30
2599.000
11
682.320
21
-636.000
31
2599.000
0
LINE
8
TOPO-EXIST
10
686.000
20
-634.562
30
2599.000
11
684.000
21
-635.475
31
2599.000
0
LINE
8
TOPO-EXIST
10
686.857
20
-634.000
30
2599.000
11
686.000
21
-634.562
31
2599.000
0
LINE
8
TOPO-EXIST
10
688.117
20
-634.000
30
2599.000
11
688.922
21
-636.000
31
2599.000
0
LINE
8
TOPO-EXIST
10
695.505
20
-634.000
30
2599.000
11
694.082
21
-636.000
31
2599.000
0
LINE
8
TOPO-EXIST
10
714.000
20
-634.000
30
2599.000
11
716.000
21
-636.000
31
2599.000
0
LINE
8
TOPO-EXIST
10
716.000
20
-636.000
30
2599.000
11
716.000
21
-636.000
31
2599.000
0
LINE
8
TOPO-EXIST
10
682.320
20
-636.000
30
2599.000
11
684.000
21
-638.000
31
2599.000
0
LINE
8
TOPO-EXIST
10
688.922
20
-636.000
30
2599.000
11
688.407
21
-638.000
31
2599.000
0
LINE
8
TOPO-EXIST
10
694.082
20
-636.000
30
2599.000
11
696.000
21
-637.621
31
2599.000
0
LINE
8
TOPO-EXIST
10
696.361
20
-638.000
30
2599.000
11
696.000
21
-637.621
31
2599.000
0
LINE
8
TOPO-EXIST
10
716.000
20
-636.000
30
2599.000
11
716.000
21
-638.000
31
2599.000
0
LINE
8
TOPO-EXIST
10
684.000
20
-638.000
30
2599.000
11
684.000
21
-638.000
31
2599.000
0
LINE
8
TOPO-EXIST
10
685.760
20
-640.000
30
2599.000
11
684.000
21
-638.000
31
2599.000
0
LINE
8
TOPO-EXIST
10
688.407
20
-638.000
30
2599.000
11
688.080
21
-640.000
31
2599.000
0
LINE
8
TOPO-EXIST
10
696.361
20
-638.000
30
2599.000
11
698.000
21
-639.117
31
2599.000
0
LINE
8
TOPO-EXIST
10
698.893
20
-640.000
30
2599.000
11
698.000
21
-639.117
31
2599.000
0
LINE
8
TOPO-EXIST
10
716.000
20
-638.000
30
2599.000
11
716.000
21
-640.000
31
2599.000
0
LINE
8
TOPO-EXIST
10
685.760
20
-640.000
30
2599.000
11
686.000
21
-640.286
31
2599.000
0
LINE
8
TOPO-EXIST
10
688.000
20
-640.230
30
2599.000
11
686.000
21
-640.286
31
2599.000
0
LINE
8
TOPO-EXIST
10
688.080
20
-640.000
30
2599.000
11
688.000
21
-640.230
31
2599.000
0
LINE
8
TOPO-EXIST
10
698.893
20
-640.000
30
2599.000
11
700.000
21
-641.390
31
2599.000
0
LINE
8
TOPO-EXIST
10
700.628
20
-642.000
30
2599.000
11
700.000
21
-641.390
31
2599.000
0
LINE
8
TOPO-EXIST
10
716.000
20
-640.000
30
2599.000
11
714.000
21
-642.000
31
2599.000
0
LINE
8
TOPO-EXIST
10
716.000
20
-640.000
30
2599.000
11
716.000
21
-640.000
31
2599.000
0
LINE
8
TOPO-EXIST
10
700.628
20
-642.000
30
2599.000
11
701.288
21
-644.000
31
2599.000
0
LINE
8
TOPO-EXIST
10
714.000
20
-642.000
30
2599.000
11
714.000
21
-644.000
31
2599.000
0
LINE
8
TOPO-EXIST
10
701.288
20
-644.000
30
2599.000
11
700.904
21
-646.000
31
2599.000
0
LINE
8
TOPO-EXIST
10
714.000
20
-644.000
30
2599.000
11
716.000
21
-646.000
31
2599.000
0
LINE
8
TOPO-EXIST
10
716.000
20
-646.000
30
2599.000
11
716.000
21
-646.000
31
2599.000
0
LINE
8
TOPO-EXIST
10
700.904
20
-646.000
30
2599.000
11
700.545
21
-648.000
31
2599.000
0
LINE
8
TOPO-EXIST
10
716.000
20
-646.000
30
2599.000
11
716.000
21
-648.000
31
2599.000
0
LINE
8
TOPO-EXIST
10
700.545
20
-648.000
30
2599.000
11
700.222
21
-650.000
31
2599.000
0
LINE
8
TOPO-EXIST
10
716.000
20
-648.000
30
2599.000
11
718.000
21
-650.000
31
2599.000
0
LINE
8
TOPO-EXIST
10
718.000
20
-650.000
30
2599.000
11
718.000
21
-650.000
31
2599.000
0
LINE
8
TOPO-EXIST
10
700.222
20
-650.000
30
2599.000
11
700.929
21
-652.000
31
2599.000
0
LINE
8
TOPO-EXIST
10
718.000
20
-650.000
30
2599.000
11
720.000
21
-652.000
31
2599.000
0
LINE
8
TOPO-EXIST
10
722.000
20
-652.000
30
2599.000
11
720.000
21
-652.000
31
2599.000
0
LINE
8
TOPO-EXIST
10
722.000
20
-652.000
30
2599.000
11
722.000
21
-652.000
31
2599.000
0
LINE
8
TOPO-EXIST
10
700.929
20
-652.000
30
2599.000
11
702.000
21
-653.667
31
2599.000
0
LINE
8
TOPO-EXIST
10
702.214
20
-654.000
30
2599.000
11
702.000
21
-653.667
31
2599.000
0
LINE
8
TOPO-EXIST
10
722.000
20
-652.000
30
2599.000
11
720.000
21
-654.000
31
2599.000
0
LINE
8
TOPO-EXIST
10
722.000
20
-652.000
30
2599.000
11
722.000
21
-652.000
31
2599.000
0
LINE
8
TOPO-EXIST
10
702.214
20
-654.000
30
2599.000
11
703.419
21
-656.000
31
2599.000
0
LINE
8
TOPO-EXIST
10
720.000
20
-654.000
30
2599.000
11
718.000
21
-656.000
31
2599.000
0
LINE
8
TOPO-EXIST
10
720.000
20
-654.000
30
2599.000
11
720.000
21
-654.000
31
2599.000
0
LINE
8
TOPO-EXIST
10
703.419
20
-656.000
30
2599.000
11
704.000
21
-657.200
31
2599.000
0
LINE
8
TOPO-EXIST
10
704.324
20
-658.000
30
2599.000
11
704.000
21
-657.200
31
2599.000
0
LINE
8
TOPO-EXIST
10
718.000
20
-656.000
30
2599.000
11
718.000
21
-658.000
31
2599.000
0
LINE
8
TOPO-EXIST
10
704.324
20
-658.000
30
2599.000
11
704.842
21
-660.000
31
2599.000
0
LINE
8
TOPO-EXIST
10
718.000
20
-658.000
30
2599.000
11
718.526
21
-660.000
31
2599.000
0
LINE
8
TOPO-EXIST
10
704.842
20
-660.000
30
2599.000
11
705.351
21
-662.000
31
2599.000
0
LINE
8
TOPO-EXIST
10
718.526
20
-660.000
30
2599.000
11
719.143
21
-662.000
31
2599.000
0
LINE
8
TOPO-EXIST
10
705.351
20
-662.000
30
2599.000
11
705.892
21
-664.000
31
2599.000
0
LINE
8
TOPO-EXIST
10
712.000
20
-663.667
30
2599.000
11
711.485
21
-664.000
31
2599.000
0
LINE
8
TOPO-EXIST
10
714.000
20
-663.043
30
2599.000
11
712.000
21
-663.667
31
2599.000
0
LINE
8
TOPO-EXIST
10
716.000
20
-662.554
30
2599.000
11
714.000
21
-663.043
31
2599.000
0
LINE
8
TOPO-EXIST
10
718.000
20
-662.273
30
2599.000
11
716.000
21
-662.554
31
2599.000
0
LINE
8
TOPO-EXIST
10
719.143
20
-662.000
30
2599.000
11
718.000
21
-662.273
31
2599.000
0
LINE
8
TOPO-EXIST
10
705.892
20
-664.000
30
2599.000
11
706.000
21
-664.400
31
2599.000
0
LINE
8
TOPO-EXIST
10
708.000
20
-664.558
30
2599.000
11
706.000
21
-664.400
31
2599.000
0
LINE
8
TOPO-EXIST
10
710.000
20
-664.387
30
2599.000
11
708.000
21
-664.558
31
2599.000
0
LINE
8
TOPO-EXIST
10
711.485
20
-664.000
30
2599.000
11
710.000
21
-664.387
31
2599.000
0
LINE
8
TOPO-EXIST
10
712.000
20
-667.786
30
2599.000
11
711.849
21
-668.000
31
2599.000
0
LINE
8
TOPO-EXIST
10
712.284
20
-668.000
30
2599.000
11
712.000
21
-667.786
31
2599.000
0
LINE
8
TOPO-EXIST
10
720.000
20
-667.185
30
2599.000
11
719.463
21
-668.000
31
2599.000
0
LINE
8
TOPO-EXIST
10
720.846
20
-668.000
30
2599.000
11
720.000
21
-667.185
31
2599.000
0
LINE
8
TOPO-EXIST
10
711.849
20
-668.000
30
2599.000
11
712.000
21
-668.584
31
2599.000
0
LINE
8
TOPO-EXIST
10
712.284
20
-668.000
30
2599.000
11
714.000
21
-669.769
31
2599.000
0
LINE
8
TOPO-EXIST
10
713.509
20
-670.000
30
2599.000
11
712.000
21
-668.584
31
2599.000
0
LINE
8
TOPO-EXIST
10
716.000
20
-669.292
30
2599.000
11
714.000
21
-669.769
31
2599.000
0
LINE
8
TOPO-EXIST
10
718.000
20
-668.882
30
2599.000
11
716.000
21
-669.292
31
2599.000
0
LINE
8
TOPO-EXIST
10
719.463
20
-668.000
30
2599.000
11
718.000
21
-668.882
31
2599.000
0
LINE
8
TOPO-EXIST
10
720.846
20
-668.000
30
2599.000
11
721.300
21
-670.000
31
2599.000
0
LINE
8
TOPO-EXIST
10
712.000
20
-671.111
30
2599.000
11
711.152
21
-672.000
31
2599.000
0
LINE
8
TOPO-EXIST
10
713.509
20
-670.000
30
2599.000
11
712.000
21
-671.111
31
2599.000
0
LINE
8
TOPO-EXIST
10
721.300
20
-670.000
30
2599.000
11
722.000
21
-671.556
31
2599.000
0
LINE
8
TOPO-EXIST
10
722.160
20
-672.000
30
2599.000
11
722.000
21
-671.556
31
2599.000
0
LINE
8
TOPO-EXIST
10
711.152
20
-672.000
30
2599.000
11
710.043
21
-674.000
31
2599.000
0
LINE
8
TOPO-EXIST
10
722.160
20
-672.000
30
2599.000
11
723.000
21
-674.000
31
2599.000
0
LINE
8
TOPO-EXIST
10
710.043
20
-674.000
30
2599.000
11
710.826
21
-676.000
31
2599.000
0
LINE
8
TOPO-EXIST
10
723.000
20
-674.000
30
2599.000
11
724.000
21
-676.000
31
2599.000
0
LINE
8
TOPO-EXIST
10
724.000
20
-676.000
30
2599.000
11
724.000
21
-676.000
31
2599.000
0
LINE
8
TOPO-EXIST
10
710.826
20
-676.000
30
2599.000
11
712.000
21
-677.800
31
2599.000
0
LINE
8
TOPO-EXIST
10
712.118
20
-678.000
30
2599.000
11
712.000
21
-677.800
31
2599.000
0
LINE
8
TOPO-EXIST
10
724.000
20
-676.000
30
2599.000
11
725.125
21
-678.000
31
2599.000
0
LINE
8
TOPO-EXIST
10
712.118
20
-678.000
30
2599.000
11
713.037
21
-680.000
31
2599.000
0
LINE
8
TOPO-EXIST
10
724.000
20
-678.176
30
2599.000
11
722.612
21
-680.000
31
2599.000
0
LINE
8
TOPO-EXIST
10
725.125
20
-678.000
30
2599.000
11
724.000
21
-678.176
31
2599.000
0
LINE
8
TOPO-EXIST
10
713.037
20
-680.000
30
2599.000
11
713.852
21
-682.000
31
2599.000
0
LINE
8
TOPO-EXIST
10
720.000
20
-680.962
30
2599.000
11
719.166
21
-682.000
31
2599.000
0
LINE
8
TOPO-EXIST
10
722.000
20
-680.290
30
2599.000
11
720.000
21
-680.962
31
2599.000
0
LINE
8
TOPO-EXIST
10
722.612
20
-680.000
30
2599.000
11
722.000
21
-680.290
31
2599.000
0
LINE
8
TOPO-EXIST
10
713.852
20
-682.000
30
2599.000
11
714.000
21
-682.381
31
2599.000
0
LINE
8
TOPO-EXIST
10
716.000
20
-682.771
30
2599.000
11
714.000
21
-682.381
31
2599.000
0
LINE
8
TOPO-EXIST
10
718.000
20
-682.541
30
2599.000
11
716.000
21
-682.771
31
2599.000
0
LINE
8
TOPO-EXIST
10
719.166
20
-682.000
30
2599.000
11
718.000
21
-682.541
31
2599.000
0
LINE
8
TOPO-EXIST
10
570.375
20
-380.000
30
2600.000
11
570.500
21
-382.000
31
2600.000
0
LINE
8
TOPO-EXIST
10
660.000
20
-380.500
30
2600.000
11
659.333
21
-382.000
31
2600.000
0
LINE
8
TOPO-EXIST
10
660.571
20
-382.000
30
2600.000
11
660.000
21
-380.500
31
2600.000
0
LINE
8
TOPO-EXIST
10
570.500
20
-382.000
30
2600.000
11
570.706
21
-384.000
31
2600.000
0
LINE
8
TOPO-EXIST
10
659.333
20
-382.000
30
2600.000
11
660.000
21
-383.143
31
2600.000
0
LINE
8
TOPO-EXIST
10
660.571
20
-382.000
30
2600.000
11
660.000
21
-383.143
31
2600.000
0
LINE
8
TOPO-EXIST
10
570.706
20
-384.000
30
2600.000
11
570.824
21
-386.000
31
2600.000
0
LINE
8
TOPO-EXIST
10
662.000
20
-385.529
30
2600.000
11
661.724
21
-386.000
31
2600.000
0
LINE
8
TOPO-EXIST
10
662.186
20
-386.000
30
2600.000
11
662.000
21
-385.529
31
2600.000
0
LINE
8
TOPO-EXIST
10
570.824
20
-386.000
30
2600.000
11
571.000
21
-388.000
31
2600.000
0
LINE
8
TOPO-EXIST
10
661.724
20
-386.000
30
2600.000
11
661.463
21
-388.000
31
2600.000
0
LINE
8
TOPO-EXIST
10
662.186
20
-386.000
30
2600.000
11
662.667
21
-388.000
31
2600.000
0
LINE
8
TOPO-EXIST
10
571.000
20
-388.000
30
2600.000
11
571.385
21
-390.000
31
2600.000
0
LINE
8
TOPO-EXIST
10
661.463
20
-388.000
30
2600.000
11
662.000
21
-389.048
31
2600.000
0
LINE
8
TOPO-EXIST
10
662.667
20
-388.000
30
2600.000
11
662.000
21
-389.048
31
2600.000
0
LINE
8
TOPO-EXIST
10
571.385
20
-390.000
30
2600.000
11
572.000
21
-390.615
31
2600.000
0
LINE
8
TOPO-EXIST
10
573.385
20
-392.000
30
2600.000
11
572.000
21
-390.615
31
2600.000
0
LINE
8
TOPO-EXIST
10
664.000
20
-390.588
30
2600.000
11
663.442
21
-392.000
31
2600.000
0
LINE
8
TOPO-EXIST
10
664.558
20
-392.000
30
2600.000
11
664.000
21
-390.588
31
2600.000
0
LINE
8
TOPO-EXIST
10
573.385
20
-392.000
30
2600.000
11
574.000
21
-392.444
31
2600.000
0
LINE
8
TOPO-EXIST
10
576.000
20
-394.000
30
2600.000
11
574.000
21
-392.444
31
2600.000
0
LINE
8
TOPO-EXIST
10
663.442
20
-392.000
30
2600.000
11
663.565
21
-394.000
31
2600.000
0
LINE
8
TOPO-EXIST
10
664.558
20
-392.000
30
2600.000
11
664.833
21
-394.000
31
2600.000
0
LINE
8
TOPO-EXIST
10
576.000
20
-394.000
30
2600.000
11
576.000
21
-394.000
31
2600.000
0
LINE
8
TOPO-EXIST
10
576.333
20
-396.000
30
2600.000
11
576.000
21
-394.000
31
2600.000
0
LINE
8
TOPO-EXIST
10
582.000
20
-395.017
30
2600.000
11
580.067
21
-396.000
31
2600.000
0
LINE
8
TOPO-EXIST
10
583.094
20
-396.000
30
2600.000
11
582.000
21
-395.017
31
2600.000
0
LINE
8
TOPO-EXIST
10
663.565
20
-394.000
30
2600.000
11
664.000
21
-394.952
31
2600.000
0
LINE
8
TOPO-EXIST
10
664.833
20
-394.000
30
2600.000
11
666.000
21
-395.647
31
2600.000
0
LINE
8
TOPO-EXIST
10
665.571
20
-396.000
30
2600.000
11
664.000
21
-394.952
31
2600.000
0
LINE
8
TOPO-EXIST
10
576.333
20
-396.000
30
2600.000
11
578.000
21
-396.308
31
2600.000
0
LINE
8
TOPO-EXIST
10
580.000
20
-396.148
30
2600.000
11
578.000
21
-396.308
31
2600.000
0
LINE
8
TOPO-EXIST
10
580.067
20
-396.000
30
2600.000
11
582.000
21
-397.706
31
2600.000
0
LINE
8
TOPO-EXIST
10
581.429
20
-398.000
30
2600.000
11
580.000
21
-396.148
31
2600.000
0
LINE
8
TOPO-EXIST
10
583.094
20
-396.000
30
2600.000
11
582.000
21
-397.706
31
2600.000
0
LINE
8
TOPO-EXIST
10
665.571
20
-396.000
30
2600.000
11
665.231
21
-398.000
31
2600.000
0
LINE
8
TOPO-EXIST
10
666.140
20
-396.000
30
2600.000
11
666.930
21
-398.000
31
2600.000
0
LINE
8
TOPO-EXIST
10
580.000
20
-399.282
30
2600.000
11
579.754
21
-400.000
31
2600.000
0
LINE
8
TOPO-EXIST
10
581.429
20
-398.000
30
2600.000
11
580.000
21
-399.282
31
2600.000
0
LINE
8
TOPO-EXIST
10
584.000
20
-398.341
30
2600.000
11
583.333
21
-400.000
31
2600.000
0
LINE
8
TOPO-EXIST
10
584.648
20
-400.000
30
2600.000
11
584.000
21
-398.341
31
2600.000
0
LINE
8
TOPO-EXIST
10
665.231
20
-398.000
30
2600.000
11
665.615
21
-400.000
31
2600.000
0
LINE
8
TOPO-EXIST
10
666.930
20
-398.000
30
2600.000
11
667.250
21
-400.000
31
2600.000
0
LINE
8
TOPO-EXIST
10
579.754
20
-400.000
30
2600.000
11
580.000
21
-400.800
31
2600.000
0
LINE
8
TOPO-EXIST
10
580.568
20
-402.000
30
2600.000
11
580.000
21
-400.800
31
2600.000
0
LINE
8
TOPO-EXIST
10
583.333
20
-400.000
30
2600.000
11
582.822
21
-402.000
31
2600.000
0
LINE
8
TOPO-EXIST
10
584.648
20
-400.000
30
2600.000
11
585.143
21
-402.000
31
2600.000
0
LINE
8
TOPO-EXIST
10
665.615
20
-400.000
30
2600.000
11
666.000
21
-400.909
31
2600.000
0
LINE
8
TOPO-EXIST
10
667.250
20
-400.000
30
2600.000
11
668.000
21
-400.706
31
2600.000
0
LINE
8
TOPO-EXIST
10
667.043
20
-402.000
30
2600.000
11
666.000
21
-400.909
31
2600.000
0
LINE
8
TOPO-EXIST
10
580.568
20
-402.000
30
2600.000
11
581.514
21
-404.000
31
2600.000
0
LINE
8
TOPO-EXIST
10
582.822
20
-402.000
30
2600.000
11
582.383
21
-404.000
31
2600.000
0
LINE
8
TOPO-EXIST
10
585.143
20
-402.000
30
2600.000
11
585.288
21
-404.000
31
2600.000
0
LINE
8
TOPO-EXIST
10
667.043
20
-402.000
30
2600.000
11
667.082
21
-404.000
31
2600.000
0
LINE
8
TOPO-EXIST
10
668.512
20
-402.000
30
2600.000
11
669.302
21
-404.000
31
2600.000
0
LINE
8
TOPO-EXIST
10
581.514
20
-404.000
30
2600.000
11
582.000
21
-405.029
31
2600.000
0
LINE
8
TOPO-EXIST
10
582.383
20
-404.000
30
2600.000
11
582.000
21
-405.029
31
2600.000
0
LINE
8
TOPO-EXIST
10
585.288
20
-404.000
30
2600.000
11
584.800
21
-406.000
31
2600.000
0
LINE
8
TOPO-EXIST
10
667.082
20
-404.000
30
2600.000
11
667.684
21
-406.000
31
2600.000
0
LINE
8
TOPO-EXIST
10
669.302
20
-404.000
30
2600.000
11
670.000
21
-405.765
31
2600.000
0
LINE
8
TOPO-EXIST
10
584.000
20
-406.900
30
2600.000
11
583.397
21
-408.000
31
2600.000
0
LINE
8
TOPO-EXIST
10
584.800
20
-406.000
30
2600.000
11
586.000
21
-407.286
31
2600.000
0
LINE
8
TOPO-EXIST
10
585.189
20
-408.000
30
2600.000
11
584.000
21
-406.900
31
2600.000
0
LINE
8
TOPO-EXIST
10
586.811
20
-408.000
30
2600.000
11
586.000
21
-407.286
31
2600.000
0
LINE
8
TOPO-EXIST
10
667.684
20
-406.000
30
2600.000
11
668.000
21
-406.818
31
2600.000
0
LINE
8
TOPO-EXIST
10
668.813
20
-408.000
30
2600.000
11
668.000
21
-406.818
31
2600.000
0
LINE
8
TOPO-EXIST
10
670.093
20
-406.000
30
2600.000
11
670.884
21
-408.000
31
2600.000
0
LINE
8
TOPO-EXIST
10
583.397
20
-408.000
30
2600.000
11
584.000
21
-409.294
31
2600.000
0
LINE
8
TOPO-EXIST
10
585.189
20
-408.000
30
2600.000
11
584.000
21
-409.294
31
2600.000
0
LINE
8
TOPO-EXIST
10
586.811
20
-408.000
30
2600.000
11
587.750
21
-410.000
31
2600.000
0
LINE
8
TOPO-EXIST
10
668.813
20
-408.000
30
2600.000
11
669.079
21
-410.000
31
2600.000
0
LINE
8
TOPO-EXIST
10
670.884
20
-408.000
30
2600.000
11
671.611
21
-410.000
31
2600.000
0
LINE
8
TOPO-EXIST
10
587.750
20
-410.000
30
2600.000
11
588.000
21
-411.143
31
2600.000
0
LINE
8
TOPO-EXIST
10
589.500
20
-412.000
30
2600.000
11
588.000
21
-411.143
31
2600.000
0
LINE
8
TOPO-EXIST
10
669.079
20
-410.000
30
2600.000
11
669.742
21
-412.000
31
2600.000
0
LINE
8
TOPO-EXIST
10
671.611
20
-410.000
30
2600.000
11
672.000
21
-410.824
31
2600.000
0
LINE
8
TOPO-EXIST
10
589.500
20
-412.000
30
2600.000
11
590.000
21
-412.286
31
2600.000
0
LINE
8
TOPO-EXIST
10
592.000
20
-413.429
30
2600.000
11
590.000
21
-412.286
31
2600.000
0
LINE
8
TOPO-EXIST
10
593.000
20
-414.000
30
2600.000
11
592.000
21
-413.429
31
2600.000
0
LINE
8
TOPO-EXIST
10
669.742
20
-412.000
30
2600.000
11
670.000
21
-412.762
31
2600.000
0
LINE
8
TOPO-EXIST
10
670.650
20
-414.000
30
2600.000
11
670.000
21
-412.762
31
2600.000
0
LINE
8
TOPO-EXIST
10
672.465
20
-412.000
30
2600.000
11
673.256
21
-414.000
31
2600.000
0
LINE
8
TOPO-EXIST
10
593.000
20
-414.000
30
2600.000
11
594.000
21
-414.571
31
2600.000
0
LINE
8
TOPO-EXIST
10
596.000
20
-415.600
30
2600.000
11
594.000
21
-414.571
31
2600.000
0
LINE
8
TOPO-EXIST
10
596.857
20
-416.000
30
2600.000
11
596.000
21
-415.600
31
2600.000
0
LINE
8
TOPO-EXIST
10
670.650
20
-414.000
30
2600.000
11
671.111
21
-416.000
31
2600.000
0
LINE
8
TOPO-EXIST
10
673.256
20
-414.000
30
2600.000
11
674.000
21
-415.882
31
2600.000
0
LINE
8
TOPO-EXIST
10
596.857
20
-416.000
30
2600.000
11
598.000
21
-416.615
31
2600.000
0
LINE
8
TOPO-EXIST
10
599.800
20
-418.000
30
2600.000
11
598.000
21
-416.615
31
2600.000
0
LINE
8
TOPO-EXIST
10
671.111
20
-416.000
30
2600.000
11
671.778
21
-418.000
31
2600.000
0
LINE
8
TOPO-EXIST
10
599.800
20
-418.000
30
2600.000
11
600.000
21
-418.154
31
2600.000
0
LINE
8
TOPO-EXIST
10
601.846
20
-420.000
30
2600.000
11
600.000
21
-418.154
31
2600.000
0
LINE
8
TOPO-EXIST
10
671.778
20
-418.000
30
2600.000
11
672.000
21
-418.667
31
2600.000
0
LINE
8
TOPO-EXIST
10
672.560
20
-420.000
30
2600.000
11
672.000
21
-418.667
31
2600.000
0
LINE
8
TOPO-EXIST
10
674.837
20
-418.000
30
2600.000
11
675.636
21
-420.000
31
2600.000
0
LINE
8
TOPO-EXIST
10
601.846
20
-420.000
30
2600.000
11
602.000
21
-420.182
31
2600.000
0
LINE
8
TOPO-EXIST
10
603.538
20
-422.000
30
2600.000
11
602.000
21
-420.182
31
2600.000
0
LINE
8
TOPO-EXIST
10
672.560
20
-420.000
30
2600.000
11
673.143
21
-422.000
31
2600.000
0
LINE
8
TOPO-EXIST
10
675.636
20
-420.000
30
2600.000
11
676.000
21
-420.941
31
2600.000
0
LINE
8
TOPO-EXIST
10
603.538
20
-422.000
30
2600.000
11
604.000
21
-422.545
31
2600.000
0
LINE
8
TOPO-EXIST
10
605.455
20
-424.000
30
2600.000
11
604.000
21
-422.545
31
2600.000
0
LINE
8
TOPO-EXIST
10
673.143
20
-422.000
30
2600.000
11
673.810
21
-424.000
31
2600.000
0
LINE
8
TOPO-EXIST
10
605.455
20
-424.000
30
2600.000
11
606.000
21
-424.500
31
2600.000
0
LINE
8
TOPO-EXIST
10
607.500
20
-426.000
30
2600.000
11
606.000
21
-424.500
31
2600.000
0
LINE
8
TOPO-EXIST
10
673.810
20
-424.000
30
2600.000
11
674.000
21
-424.571
31
2600.000
0
LINE
8
TOPO-EXIST
10
674.508
20
-426.000
30
2600.000
11
674.000
21
-424.571
31
2600.000
0
LINE
8
TOPO-EXIST
10
677.227
20
-424.000
30
2600.000
11
678.000
21
-426.000
31
2600.000
0
LINE
8
TOPO-EXIST
10
607.500
20
-426.000
30
2600.000
11
608.000
21
-426.462
31
2600.000
0
LINE
8
TOPO-EXIST
10
609.429
20
-428.000
30
2600.000
11
608.000
21
-426.462
31
2600.000
0
LINE
8
TOPO-EXIST
10
674.508
20
-426.000
30
2600.000
11
675.161
21
-428.000
31
2600.000
0
LINE
8
TOPO-EXIST
10
678.000
20
-426.000
30
2600.000
11
678.000
21
-426.000
31
2600.000
0
LINE
8
TOPO-EXIST
10
609.429
20
-428.000
30
2600.000
11
610.000
21
-428.500
31
2600.000
0
LINE
8
TOPO-EXIST
10
612.000
20
-429.000
30
2600.000
11
610.000
21
-428.500
31
2600.000
0
LINE
8
TOPO-EXIST
10
614.000
20
-429.412
30
2600.000
11
612.000
21
-429.000
31
2600.000
0
LINE
8
TOPO-EXIST
10
616.000
20
-429.765
30
2600.000
11
614.000
21
-429.412
31
2600.000
0
LINE
8
TOPO-EXIST
10
617.333
20
-430.000
30
2600.000
11
616.000
21
-429.765
31
2600.000
0
LINE
8
TOPO-EXIST
10
675.161
20
-428.000
30
2600.000
11
675.841
21
-430.000
31
2600.000
0
LINE
8
TOPO-EXIST
10
617.333
20
-430.000
30
2600.000
11
618.000
21
-430.133
31
2600.000
0
LINE
8
TOPO-EXIST
10
620.000
20
-431.111
30
2600.000
11
618.000
21
-430.133
31
2600.000
0
LINE
8
TOPO-EXIST
10
620.889
20
-432.000
30
2600.000
11
620.000
21
-431.111
31
2600.000
0
LINE
8
TOPO-EXIST
10
675.841
20
-430.000
30
2600.000
11
676.000
21
-430.476
31
2600.000
0
LINE
8
TOPO-EXIST
10
676.508
20
-432.000
30
2600.000
11
676.000
21
-430.476
31
2600.000
0
LINE
8
TOPO-EXIST
10
679.591
20
-430.000
30
2600.000
11
680.000
21
-431.000
31
2600.000
0
LINE
8
TOPO-EXIST
10
620.889
20
-432.000
30
2600.000
11
621.400
21
-434.000
31
2600.000
0
LINE
8
TOPO-EXIST
10
676.508
20
-432.000
30
2600.000
11
677.194
21
-434.000
31
2600.000
0
LINE
8
TOPO-EXIST
10
621.400
20
-434.000
30
2600.000
11
621.800
21
-436.000
31
2600.000
0
LINE
8
TOPO-EXIST
10
677.194
20
-434.000
30
2600.000
11
677.871
21
-436.000
31
2600.000
0
LINE
8
TOPO-EXIST
10
621.800
20
-436.000
30
2600.000
11
622.000
21
-438.000
31
2600.000
0
LINE
8
TOPO-EXIST
10
677.871
20
-436.000
30
2600.000
11
678.000
21
-436.381
31
2600.000
0
LINE
8
TOPO-EXIST
10
678.540
20
-438.000
30
2600.000
11
678.000
21
-436.381
31
2600.000
0
LINE
8
TOPO-EXIST
10
682.000
20
-436.000
30
2600.000
11
682.000
21
-436.000
31
2600.000
0
LINE
8
TOPO-EXIST
10
622.000
20
-438.000
30
2600.000
11
622.000
21
-440.000
31
2600.000
0
LINE
8
TOPO-EXIST
10
678.540
20
-438.000
30
2600.000
11
679.206
21
-440.000
31
2600.000
0
LINE
8
TOPO-EXIST
10
622.000
20
-440.000
30
2600.000
11
622.000
21
-440.000
31
2600.000
0
LINE
8
TOPO-EXIST
10
622.182
20
-442.000
30
2600.000
11
622.000
21
-440.000
31
2600.000
0
LINE
8
TOPO-EXIST
10
679.206
20
-440.000
30
2600.000
11
679.903
21
-442.000
31
2600.000
0
LINE
8
TOPO-EXIST
10
622.182
20
-442.000
30
2600.000
11
623.200
21
-444.000
31
2600.000
0
LINE
8
TOPO-EXIST
10
679.903
20
-442.000
30
2600.000
11
680.000
21
-442.286
31
2600.000
0
LINE
8
TOPO-EXIST
10
680.571
20
-444.000
30
2600.000
11
680.000
21
-442.286
31
2600.000
0
LINE
8
TOPO-EXIST
10
623.200
20
-444.000
30
2600.000
11
624.000
21
-445.600
31
2600.000
0
LINE
8
TOPO-EXIST
10
624.182
20
-446.000
30
2600.000
11
624.000
21
-445.600
31
2600.000
0
LINE
8
TOPO-EXIST
10
680.571
20
-444.000
30
2600.000
11
681.238
21
-446.000
31
2600.000
0
LINE
8
TOPO-EXIST
10
624.182
20
-446.000
30
2600.000
11
625.091
21
-448.000
31
2600.000
0
LINE
8
TOPO-EXIST
10
681.238
20
-446.000
30
2600.000
11
681.935
21
-448.000
31
2600.000
0
LINE
8
TOPO-EXIST
10
625.091
20
-448.000
30
2600.000
11
626.000
21
-449.667
31
2600.000
0
LINE
8
TOPO-EXIST
10
626.182
20
-450.000
30
2600.000
11
626.000
21
-449.667
31
2600.000
0
LINE
8
TOPO-EXIST
10
681.935
20
-448.000
30
2600.000
11
682.000
21
-448.190
31
2600.000
0
LINE
8
TOPO-EXIST
10
682.603
20
-450.000
30
2600.000
11
682.000
21
-448.190
31
2600.000
0
LINE
8
TOPO-EXIST
10
626.182
20
-450.000
30
2600.000
11
627.091
21
-452.000
31
2600.000
0
LINE
8
TOPO-EXIST
10
682.603
20
-450.000
30
2600.000
11
683.270
21
-452.000
31
2600.000
0
LINE
8
TOPO-EXIST
10
627.091
20
-452.000
30
2600.000
11
628.000
21
-453.429
31
2600.000
0
LINE
8
TOPO-EXIST
10
628.167
20
-454.000
30
2600.000
11
628.000
21
-453.429
31
2600.000
0
LINE
8
TOPO-EXIST
10
683.270
20
-452.000
30
2600.000
11
683.937
21
-454.000
31
2600.000
0
LINE
8
TOPO-EXIST
10
628.000
20
-454.039
30
2600.000
11
626.095
21
-456.000
31
2600.000
0
LINE
8
TOPO-EXIST
10
628.167
20
-454.000
30
2600.000
11
628.000
21
-454.039
31
2600.000
0
LINE
8
TOPO-EXIST
10
683.937
20
-454.000
30
2600.000
11
684.000
21
-454.182
31
2600.000
0
LINE
8
TOPO-EXIST
10
684.635
20
-456.000
30
2600.000
11
684.000
21
-454.182
31
2600.000
0
LINE
8
TOPO-EXIST
10
624.000
20
-456.462
30
2600.000
11
622.485
21
-458.000
31
2600.000
0
LINE
8
TOPO-EXIST
10
626.000
20
-456.095
30
2600.000
11
624.000
21
-456.462
31
2600.000
0
LINE
8
TOPO-EXIST
10
626.095
20
-456.000
30
2600.000
11
626.000
21
-456.095
31
2600.000
0
LINE
8
TOPO-EXIST
10
684.635
20
-456.000
30
2600.000
11
685.302
21
-458.000
31
2600.000
0
LINE
8
TOPO-EXIST
10
620.000
20
-458.835
30
2600.000
11
618.843
21
-460.000
31
2600.000
0
LINE
8
TOPO-EXIST
10
622.000
20
-458.485
30
2600.000
11
620.000
21
-458.835
31
2600.000
0
LINE
8
TOPO-EXIST
10
622.485
20
-458.000
30
2600.000
11
622.000
21
-458.485
31
2600.000
0
LINE
8
TOPO-EXIST
10
685.302
20
-458.000
30
2600.000
11
685.968
21
-460.000
31
2600.000
0
LINE
8
TOPO-EXIST
10
614.000
20
-461.752
30
2600.000
11
613.618
21
-462.000
31
2600.000
0
LINE
8
TOPO-EXIST
10
616.000
20
-461.217
30
2600.000
11
614.000
21
-461.752
31
2600.000
0
LINE
8
TOPO-EXIST
10
618.000
20
-460.742
30
2600.000
11
616.000
21
-461.217
31
2600.000
0
LINE
8
TOPO-EXIST
10
618.843
20
-460.000
30
2600.000
11
618.000
21
-460.742
31
2600.000
0
LINE
8
TOPO-EXIST
10
685.968
20
-460.000
30
2600.000
11
686.000
21
-460.091
31
2600.000
0
LINE
8
TOPO-EXIST
10
686.667
20
-462.000
30
2600.000
11
686.000
21
-460.091
31
2600.000
0
LINE
8
TOPO-EXIST
10
612.000
20
-463.930
30
2600.000
11
611.846
21
-464.000
31
2600.000
0
LINE
8
TOPO-EXIST
10
613.618
20
-462.000
30
2600.000
11
612.000
21
-463.930
31
2600.000
0
LINE
8
TOPO-EXIST
10
686.667
20
-462.000
30
2600.000
11
687.333
21
-464.000
31
2600.000
0
LINE
8
TOPO-EXIST
10
610.000
20
-465.500
30
2600.000
11
609.724
21
-466.000
31
2600.000
0
LINE
8
TOPO-EXIST
10
611.846
20
-464.000
30
2600.000
11
610.000
21
-465.500
31
2600.000
0
LINE
8
TOPO-EXIST
10
687.333
20
-464.000
30
2600.000
11
688.000
21
-466.000
31
2600.000
0
LINE
8
TOPO-EXIST
10
688.000
20
-466.000
30
2600.000
11
688.000
21
-466.000
31
2600.000
0
LINE
8
TOPO-EXIST
10
609.724
20
-466.000
30
2600.000
11
609.474
21
-468.000
31
2600.000
0
LINE
8
TOPO-EXIST
10
688.000
20
-466.000
30
2600.000
11
688.677
21
-468.000
31
2600.000
0
LINE
8
TOPO-EXIST
10
609.474
20
-468.000
30
2600.000
11
609.207
21
-470.000
31
2600.000
0
LINE
8
TOPO-EXIST
10
688.677
20
-468.000
30
2600.000
11
689.365
21
-470.000
31
2600.000
0
LINE
8
TOPO-EXIST
10
609.207
20
-470.000
30
2600.000
11
608.931
21
-472.000
31
2600.000
0
LINE
8
TOPO-EXIST
10
689.365
20
-470.000
30
2600.000
11
690.000
21
-471.905
31
2600.000
0
LINE
8
TOPO-EXIST
10
690.032
20
-472.000
30
2600.000
11
690.000
21
-471.905
31
2600.000
0
LINE
8
TOPO-EXIST
10
608.931
20
-472.000
30
2600.000
11
608.870
21
-474.000
31
2600.000
0
LINE
8
TOPO-EXIST
10
690.032
20
-472.000
30
2600.000
11
690.710
21
-474.000
31
2600.000
0
LINE
8
TOPO-EXIST
10
608.870
20
-474.000
30
2600.000
11
610.000
21
-475.677
31
2600.000
0
LINE
8
TOPO-EXIST
10
610.303
20
-476.000
30
2600.000
11
610.000
21
-475.677
31
2600.000
0
LINE
8
TOPO-EXIST
10
690.710
20
-474.000
30
2600.000
11
691.387
21
-476.000
31
2600.000
0
LINE
8
TOPO-EXIST
10
610.303
20
-476.000
30
2600.000
11
612.000
21
-477.647
31
2600.000
0
LINE
8
TOPO-EXIST
10
612.750
20
-478.000
30
2600.000
11
612.000
21
-477.647
31
2600.000
0
LINE
8
TOPO-EXIST
10
691.387
20
-476.000
30
2600.000
11
692.000
21
-477.810
31
2600.000
0
LINE
8
TOPO-EXIST
10
692.063
20
-478.000
30
2600.000
11
692.000
21
-477.810
31
2600.000
0
LINE
8
TOPO-EXIST
10
612.750
20
-478.000
30
2600.000
11
614.000
21
-478.364
31
2600.000
0
LINE
8
TOPO-EXIST
10
616.000
20
-479.607
30
2600.000
11
614.000
21
-478.364
31
2600.000
0
LINE
8
TOPO-EXIST
10
616.647
20
-480.000
30
2600.000
11
616.000
21
-479.607
31
2600.000
0
LINE
8
TOPO-EXIST
10
692.063
20
-478.000
30
2600.000
11
692.730
21
-480.000
31
2600.000
0
LINE
8
TOPO-EXIST
10
616.647
20
-480.000
30
2600.000
11
618.000
21
-480.885
31
2600.000
0
LINE
8
TOPO-EXIST
10
618.892
20
-482.000
30
2600.000
11
618.000
21
-480.885
31
2600.000
0
LINE
8
TOPO-EXIST
10
692.730
20
-480.000
30
2600.000
11
693.419
21
-482.000
31
2600.000
0
LINE
8
TOPO-EXIST
10
618.892
20
-482.000
30
2600.000
11
620.000
21
-483.143
31
2600.000
0
LINE
8
TOPO-EXIST
10
620.443
20
-484.000
30
2600.000
11
620.000
21
-483.143
31
2600.000
0
LINE
8
TOPO-EXIST
10
693.419
20
-482.000
30
2600.000
11
694.000
21
-483.714
31
2600.000
0
LINE
8
TOPO-EXIST
10
694.095
20
-484.000
30
2600.000
11
694.000
21
-483.714
31
2600.000
0
LINE
8
TOPO-EXIST
10
620.443
20
-484.000
30
2600.000
11
620.832
21
-486.000
31
2600.000
0
LINE
8
TOPO-EXIST
10
694.095
20
-484.000
30
2600.000
11
694.762
21
-486.000
31
2600.000
0
LINE
8
TOPO-EXIST
10
620.832
20
-486.000
30
2600.000
11
621.194
21
-488.000
31
2600.000
0
LINE
8
TOPO-EXIST
10
694.762
20
-486.000
30
2600.000
11
695.452
21
-488.000
31
2600.000
0
LINE
8
TOPO-EXIST
10
621.194
20
-488.000
30
2600.000
11
621.134
21
-490.000
31
2600.000
0
LINE
8
TOPO-EXIST
10
695.452
20
-488.000
30
2600.000
11
696.000
21
-489.619
31
2600.000
0
LINE
8
TOPO-EXIST
10
696.127
20
-490.000
30
2600.000
11
696.000
21
-489.619
31
2600.000
0
LINE
8
TOPO-EXIST
10
621.134
20
-490.000
30
2600.000
11
621.597
21
-492.000
31
2600.000
0
LINE
8
TOPO-EXIST
10
696.127
20
-490.000
30
2600.000
11
696.794
21
-492.000
31
2600.000
0
LINE
8
TOPO-EXIST
10
621.597
20
-492.000
30
2600.000
11
622.000
21
-493.875
31
2600.000
0
LINE
8
TOPO-EXIST
10
622.039
20
-494.000
30
2600.000
11
622.000
21
-493.875
31
2600.000
0
LINE
8
TOPO-EXIST
10
696.794
20
-492.000
30
2600.000
11
697.370
21
-494.000
31
2600.000
0
LINE
8
TOPO-EXIST
10
622.039
20
-494.000
30
2600.000
11
622.630
21
-496.000
31
2600.000
0
LINE
8
TOPO-EXIST
10
697.370
20
-494.000
30
2600.000
11
698.000
21
-495.545
31
2600.000
0
LINE
8
TOPO-EXIST
10
698.159
20
-496.000
30
2600.000
11
698.000
21
-495.545
31
2600.000
0
LINE
8
TOPO-EXIST
10
622.630
20
-496.000
30
2600.000
11
623.089
21
-498.000
31
2600.000
0
LINE
8
TOPO-EXIST
10
698.159
20
-496.000
30
2600.000
11
698.825
21
-498.000
31
2600.000
0
LINE
8
TOPO-EXIST
10
623.089
20
-498.000
30
2600.000
11
623.488
21
-500.000
31
2600.000
0
LINE
8
TOPO-EXIST
10
698.825
20
-498.000
30
2600.000
11
699.256
21
-500.000
31
2600.000
0
LINE
8
TOPO-EXIST
10
623.488
20
-500.000
30
2600.000
11
624.000
21
-501.486
31
2600.000
0
LINE
8
TOPO-EXIST
10
624.305
20
-502.000
30
2600.000
11
624.000
21
-501.486
31
2600.000
0
LINE
8
TOPO-EXIST
10
699.256
20
-500.000
30
2600.000
11
700.000
21
-501.455
31
2600.000
0
LINE
8
TOPO-EXIST
10
700.190
20
-502.000
30
2600.000
11
700.000
21
-501.455
31
2600.000
0
LINE
8
TOPO-EXIST
10
624.305
20
-502.000
30
2600.000
11
625.500
21
-504.000
31
2600.000
0
LINE
8
TOPO-EXIST
10
688.000
20
-502.667
30
2600.000
11
687.923
21
-504.000
31
2600.000
0
LINE
8
TOPO-EXIST
10
688.667
20
-504.000
30
2600.000
11
688.000
21
-502.667
31
2600.000
0
LINE
8
TOPO-EXIST
10
700.190
20
-502.000
30
2600.000
11
700.714
21
-504.000
31
2600.000
0
LINE
8
TOPO-EXIST
10
625.500
20
-504.000
30
2600.000
11
626.000
21
-504.545
31
2600.000
0
LINE
8
TOPO-EXIST
10
627.163
20
-506.000
30
2600.000
11
626.000
21
-504.545
31
2600.000
0
LINE
8
TOPO-EXIST
10
687.923
20
-504.000
30
2600.000
11
687.818
21
-506.000
31
2600.000
0
LINE
8
TOPO-EXIST
10
688.667
20
-504.000
30
2600.000
11
689.667
21
-506.000
31
2600.000
0
LINE
8
TOPO-EXIST
10
700.714
20
-504.000
30
2600.000
11
701.062
21
-506.000
31
2600.000
0
LINE
8
TOPO-EXIST
10
627.163
20
-506.000
30
2600.000
11
627.832
21
-508.000
31
2600.000
0
LINE
8
TOPO-EXIST
10
687.818
20
-506.000
30
2600.000
11
687.709
21
-508.000
31
2600.000
0
LINE
8
TOPO-EXIST
10
689.667
20
-506.000
30
2600.000
11
690.000
21
-506.667
31
2600.000
0
LINE
8
TOPO-EXIST
10
690.667
20
-508.000
30
2600.000
11
690.000
21
-506.667
31
2600.000
0
LINE
8
TOPO-EXIST
10
701.062
20
-506.000
30
2600.000
11
702.000
21
-507.429
31
2600.000
0
LINE
8
TOPO-EXIST
10
702.194
20
-508.000
30
2600.000
11
702.000
21
-507.429
31
2600.000
0
LINE
8
TOPO-EXIST
10
627.832
20
-508.000
30
2600.000
11
628.000
21
-508.475
31
2600.000
0
LINE
8
TOPO-EXIST
10
628.870
20
-510.000
30
2600.000
11
628.000
21
-508.475
31
2600.000
0
LINE
8
TOPO-EXIST
10
687.709
20
-508.000
30
2600.000
11
687.835
21
-510.000
31
2600.000
0
LINE
8
TOPO-EXIST
10
690.667
20
-508.000
30
2600.000
11
691.667
21
-510.000
31
2600.000
0
LINE
8
TOPO-EXIST
10
702.194
20
-508.000
30
2600.000
11
702.444
21
-510.000
31
2600.000
0
LINE
8
TOPO-EXIST
10
628.870
20
-510.000
30
2600.000
11
629.283
21
-512.000
31
2600.000
0
LINE
8
TOPO-EXIST
10
638.000
20
-510.794
30
2600.000
11
636.243
21
-512.000
31
2600.000
0
LINE
8
TOPO-EXIST
10
640.000
20
-510.625
30
2600.000
11
638.000
21
-510.794
31
2600.000
0
LINE
8
TOPO-EXIST
10
640.710
20
-512.000
30
2600.000
11
640.000
21
-510.625
31
2600.000
0
LINE
8
TOPO-EXIST
10
687.835
20
-510.000
30
2600.000
11
688.000
21
-511.125
31
2600.000
0
LINE
8
TOPO-EXIST
10
688.609
20
-512.000
30
2600.000
11
688.000
21
-511.125
31
2600.000
0
LINE
8
TOPO-EXIST
10
691.667
20
-510.000
30
2600.000
11
692.000
21
-510.667
31
2600.000
0
LINE
8
TOPO-EXIST
10
692.727
20
-512.000
30
2600.000
11
692.000
21
-510.667
31
2600.000
0
LINE
8
TOPO-EXIST
10
702.444
20
-510.000
30
2600.000
11
702.600
21
-512.000
31
2600.000
0
LINE
8
TOPO-EXIST
10
629.283
20
-512.000
30
2600.000
11
630.000
21
-513.026
31
2600.000
0
LINE
8
TOPO-EXIST
10
631.532
20
-514.000
30
2600.000
11
630.000
21
-513.026
31
2600.000
0
LINE
8
TOPO-EXIST
10
636.243
20
-512.000
30
2600.000
11
636.000
21
-514.000
31
2600.000
0
LINE
8
TOPO-EXIST
10
640.000
20
-512.965
30
2600.000
11
639.504
21
-514.000
31
2600.000
0
LINE
8
TOPO-EXIST
10
640.710
20
-512.000
30
2600.000
11
640.000
21
-512.965
31
2600.000
0
LINE
8
TOPO-EXIST
10
688.609
20
-512.000
30
2600.000
11
689.000
21
-514.000
31
2600.000
0
LINE
8
TOPO-EXIST
10
692.727
20
-512.000
30
2600.000
11
693.667
21
-514.000
31
2600.000
0
LINE
8
TOPO-EXIST
10
702.600
20
-512.000
30
2600.000
11
704.000
21
-513.647
31
2600.000
0
LINE
8
TOPO-EXIST
10
704.103
20
-514.000
30
2600.000
11
704.000
21
-513.647
31
2600.000
0
LINE
8
TOPO-EXIST
10
631.532
20
-514.000
30
2600.000
11
632.000
21
-514.699
31
2600.000
0
LINE
8
TOPO-EXIST
10
632.701
20
-516.000
30
2600.000
11
632.000
21
-514.699
31
2600.000
0
LINE
8
TOPO-EXIST
10
636.000
20
-514.000
30
2600.000
11
638.000
21
-515.473
31
2600.000
0
LINE
8
TOPO-EXIST
10
639.504
20
-514.000
30
2600.000
11
640.000
21
-514.694
31
2600.000
0
LINE
8
TOPO-EXIST
10
638.731
20
-516.000
30
2600.000
11
638.000
21
-515.473
31
2600.000
0
LINE
8
TOPO-EXIST
10
642.000
20
-515.154
30
2600.000
11
640.000
21
-514.694
31
2600.000
0
LINE
8
TOPO-EXIST
10
643.891
20
-516.000
30
2600.000
11
642.000
21
-515.154
31
2600.000
0
LINE
8
TOPO-EXIST
10
689.000
20
-514.000
30
2600.000
11
689.159
21
-516.000
31
2600.000
0
LINE
8
TOPO-EXIST
10
693.667
20
-514.000
30
2600.000
11
694.000
21
-514.667
31
2600.000
0
LINE
8
TOPO-EXIST
10
696.000
20
-516.000
30
2600.000
11
694.000
21
-514.667
31
2600.000
0
LINE
8
TOPO-EXIST
10
704.103
20
-514.000
30
2600.000
11
704.000
21
-516.000
31
2600.000
0
LINE
8
TOPO-EXIST
10
632.701
20
-516.000
30
2600.000
11
634.000
21
-516.803
31
2600.000
0
LINE
8
TOPO-EXIST
10
635.974
20
-518.000
30
2600.000
11
634.000
21
-516.803
31
2600.000
0
LINE
8
TOPO-EXIST
10
638.731
20
-516.000
30
2600.000
11
638.543
21
-518.000
31
2600.000
0
LINE
8
TOPO-EXIST
10
643.891
20
-516.000
30
2600.000
11
643.078
21
-518.000
31
2600.000
0
LINE
8
TOPO-EXIST
10
689.159
20
-516.000
30
2600.000
11
689.231
21
-518.000
31
2600.000
0
LINE
8
TOPO-EXIST
10
696.000
20
-516.000
30
2600.000
11
696.000
21
-516.000
31
2600.000
0
LINE
8
TOPO-EXIST
10
698.000
20
-516.000
30
2600.000
11
696.000
21
-516.000
31
2600.000
0
LINE
8
TOPO-EXIST
10
700.000
20
-516.000
30
2600.000
11
698.000
21
-516.000
31
2600.000
0
LINE
8
TOPO-EXIST
10
702.000
20
-516.000
30
2600.000
11
700.000
21
-516.000
31
2600.000
0
LINE
8
TOPO-EXIST
10
704.000
20
-516.000
30
2600.000
11
702.000
21
-516.000
31
2600.000
0
LINE
8
TOPO-EXIST
10
704.000
20
-516.000
30
2600.000
11
704.000
21
-516.000
31
2600.000
0
LINE
8
TOPO-EXIST
10
635.974
20
-518.000
30
2600.000
11
636.000
21
-518.020
31
2600.000
0
LINE
8
TOPO-EXIST
10
638.000
20
-518.610
30
2600.000
11
636.000
21
-518.020
31
2600.000
0
LINE
8
TOPO-EXIST
10
638.543
20
-518.000
30
2600.000
11
638.000
21
-518.610
31
2600.000
0
LINE
8
TOPO-EXIST
10
642.000
20
-519.529
30
2600.000
11
641.532
21
-520.000
31
2600.000
0
LINE
8
TOPO-EXIST
10
643.078
20
-518.000
30
2600.000
11
644.000
21
-519.205
31
2600.000
0
LINE
8
TOPO-EXIST
10
642.706
20
-520.000
30
2600.000
11
642.000
21
-519.529
31
2600.000
0
LINE
8
TOPO-EXIST
10
645.483
20
-520.000
30
2600.000
11
644.000
21
-519.205
31
2600.000
0
LINE
8
TOPO-EXIST
10
648.000
20
-519.754
30
2600.000
11
647.243
21
-520.000
31
2600.000
0
LINE
8
TOPO-EXIST
10
650.000
20
-518.826
30
2600.000
11
648.000
21
-519.754
31
2600.000
0
LINE
8
TOPO-EXIST
10
652.000
20
-519.296
30
2600.000
11
650.000
21
-518.826
31
2600.000
0
LINE
8
TOPO-EXIST
10
654.000
20
-520.000
30
2600.000
11
652.000
21
-519.296
31
2600.000
0
LINE
8
TOPO-EXIST
10
689.231
20
-518.000
30
2600.000
11
689.281
21
-520.000
31
2600.000
0
LINE
8
TOPO-EXIST
10
641.532
20
-520.000
30
2600.000
11
642.000
21
-520.272
31
2600.000
0
LINE
8
TOPO-EXIST
10
642.706
20
-520.000
30
2600.000
11
642.000
21
-520.272
31
2600.000
0
LINE
8
TOPO-EXIST
10
645.483
20
-520.000
30
2600.000
11
646.000
21
-520.211
31
2600.000
0
LINE
8
TOPO-EXIST
10
647.243
20
-520.000
30
2600.000
11
646.000
21
-520.211
31
2600.000
0
LINE
8
TOPO-EXIST
10
654.000
20
-520.000
30
2600.000
11
653.655
21
-522.000
31
2600.000
0
LINE
8
TOPO-EXIST
10
689.281
20
-520.000
30
2600.000
11
689.309
21
-522.000
31
2600.000
0
LINE
8
TOPO-EXIST
10
653.655
20
-522.000
30
2600.000
11
653.667
21
-524.000
31
2600.000
0
LINE
8
TOPO-EXIST
10
689.309
20
-522.000
30
2600.000
11
689.307
21
-524.000
31
2600.000
0
LINE
8
TOPO-EXIST
10
653.667
20
-524.000
30
2600.000
11
654.000
21
-524.414
31
2600.000
0
LINE
8
TOPO-EXIST
10
655.437
20
-526.000
30
2600.000
11
654.000
21
-524.414
31
2600.000
0
LINE
8
TOPO-EXIST
10
689.307
20
-524.000
30
2600.000
11
689.399
21
-526.000
31
2600.000
0
LINE
8
TOPO-EXIST
10
655.437
20
-526.000
30
2600.000
11
656.000
21
-526.720
31
2600.000
0
LINE
8
TOPO-EXIST
10
656.727
20
-528.000
30
2600.000
11
656.000
21
-526.720
31
2600.000
0
LINE
8
TOPO-EXIST
10
689.399
20
-526.000
30
2600.000
11
689.575
21
-528.000
31
2600.000
0
LINE
8
TOPO-EXIST
10
656.727
20
-528.000
30
2600.000
11
658.000
21
-529.600
31
2600.000
0
LINE
8
TOPO-EXIST
10
658.280
20
-530.000
30
2600.000
11
658.000
21
-529.600
31
2600.000
0
LINE
8
TOPO-EXIST
10
689.575
20
-528.000
30
2600.000
11
689.818
21
-530.000
31
2600.000
0
LINE
8
TOPO-EXIST
10
658.280
20
-530.000
30
2600.000
11
659.250
21
-532.000
31
2600.000
0
LINE
8
TOPO-EXIST
10
689.818
20
-530.000
30
2600.000
11
690.000
21
-531.250
31
2600.000
0
LINE
8
TOPO-EXIST
10
690.169
20
-532.000
30
2600.000
11
690.000
21
-531.250
31
2600.000
0
LINE
8
TOPO-EXIST
10
659.250
20
-532.000
30
2600.000
11
660.000
21
-534.000
31
2600.000
0
LINE
8
TOPO-EXIST
10
690.169
20
-532.000
30
2600.000
11
690.489
21
-534.000
31
2600.000
0
LINE
8
TOPO-EXIST
10
660.000
20
-534.000
30
2600.000
11
660.000
21
-534.000
31
2600.000
0
LINE
8
TOPO-EXIST
10
660.727
20
-536.000
30
2600.000
11
660.000
21
-534.000
31
2600.000
0
LINE
8
TOPO-EXIST
10
690.489
20
-534.000
30
2600.000
11
690.672
21
-536.000
31
2600.000
0
LINE
8
TOPO-EXIST
10
660.727
20
-536.000
30
2600.000
11
661.491
21
-538.000
31
2600.000
0
LINE
8
TOPO-EXIST
10
690.672
20
-536.000
30
2600.000
11
690.806
21
-538.000
31
2600.000
0
LINE
8
TOPO-EXIST
10
661.491
20
-538.000
30
2600.000
11
662.000
21
-539.474
31
2600.000
0
LINE
8
TOPO-EXIST
10
662.189
20
-540.000
30
2600.000
11
662.000
21
-539.474
31
2600.000
0
LINE
8
TOPO-EXIST
10
688.000
20
-539.217
30
2600.000
11
686.941
21
-540.000
31
2600.000
0
LINE
8
TOPO-EXIST
10
688.692
20
-540.000
30
2600.000
11
688.000
21
-539.217
31
2600.000
0
LINE
8
TOPO-EXIST
10
690.806
20
-538.000
30
2600.000
11
690.729
21
-540.000
31
2600.000
0
LINE
8
TOPO-EXIST
10
662.189
20
-540.000
30
2600.000
11
663.094
21
-542.000
31
2600.000
0
LINE
8
TOPO-EXIST
10
686.000
20
-540.686
30
2600.000
11
684.196
21
-542.000
31
2600.000
0
LINE
8
TOPO-EXIST
10
686.941
20
-540.000
30
2600.000
11
686.000
21
-540.686
31
2600.000
0
LINE
8
TOPO-EXIST
10
688.692
20
-540.000
30
2600.000
11
690.000
21
-540.708
31
2600.000
0
LINE
8
TOPO-EXIST
10
690.729
20
-540.000
30
2600.000
11
690.000
21
-540.708
31
2600.000
0
LINE
8
TOPO-EXIST
10
663.094
20
-542.000
30
2600.000
11
664.000
21
-543.920
31
2600.000
0
LINE
8
TOPO-EXIST
10
664.035
20
-544.000
30
2600.000
11
664.000
21
-543.920
31
2600.000
0
LINE
8
TOPO-EXIST
10
682.000
20
-543.623
30
2600.000
11
681.490
21
-544.000
31
2600.000
0
LINE
8
TOPO-EXIST
10
684.000
20
-542.250
30
2600.000
11
682.000
21
-543.623
31
2600.000
0
LINE
8
TOPO-EXIST
10
684.196
20
-542.000
30
2600.000
11
684.000
21
-542.250
31
2600.000
0
LINE
8
TOPO-EXIST
10
664.035
20
-544.000
30
2600.000
11
664.807
21
-546.000
31
2600.000
0
LINE
8
TOPO-EXIST
10
681.490
20
-544.000
30
2600.000
11
680.750
21
-546.000
31
2600.000
0
LINE
8
TOPO-EXIST
10
664.807
20
-546.000
30
2600.000
11
665.492
21
-548.000
31
2600.000
0
LINE
8
TOPO-EXIST
10
680.750
20
-546.000
30
2600.000
11
682.000
21
-548.000
31
2600.000
0
LINE
8
TOPO-EXIST
10
682.000
20
-548.000
30
2600.000
11
682.000
21
-548.000
31
2600.000
0
LINE
8
TOPO-EXIST
10
665.492
20
-548.000
30
2600.000
11
666.000
21
-549.250
31
2600.000
0
LINE
8
TOPO-EXIST
10
666.346
20
-550.000
30
2600.000
11
666.000
21
-549.250
31
2600.000
0
LINE
8
TOPO-EXIST
10
682.000
20
-548.000
30
2600.000
11
682.889
21
-550.000
31
2600.000
0
LINE
8
TOPO-EXIST
10
666.346
20
-550.000
30
2600.000
11
667.872
21
-552.000
31
2600.000
0
LINE
8
TOPO-EXIST
10
682.889
20
-550.000
30
2600.000
11
684.000
21
-552.000
31
2600.000
0
LINE
8
TOPO-EXIST
10
684.000
20
-552.000
30
2600.000
11
684.000
21
-552.000
31
2600.000
0
LINE
8
TOPO-EXIST
10
667.872
20
-552.000
30
2600.000
11
668.000
21
-552.182
31
2600.000
0
LINE
8
TOPO-EXIST
10
669.200
20
-554.000
30
2600.000
11
668.000
21
-552.182
31
2600.000
0
LINE
8
TOPO-EXIST
10
684.000
20
-552.000
30
2600.000
11
684.889
21
-554.000
31
2600.000
0
LINE
8
TOPO-EXIST
10
669.200
20
-554.000
30
2600.000
11
670.000
21
-555.212
31
2600.000
0
LINE
8
TOPO-EXIST
10
670.520
20
-556.000
30
2600.000
11
670.000
21
-555.212
31
2600.000
0
LINE
8
TOPO-EXIST
10
684.889
20
-554.000
30
2600.000
11
686.000
21
-555.818
31
2600.000
0
LINE
8
TOPO-EXIST
10
686.111
20
-556.000
30
2600.000
11
686.000
21
-555.818
31
2600.000
0
LINE
8
TOPO-EXIST
10
670.520
20
-556.000
30
2600.000
11
671.765
21
-558.000
31
2600.000
0
LINE
8
TOPO-EXIST
10
686.111
20
-556.000
30
2600.000
11
687.500
21
-558.000
31
2600.000
0
LINE
8
TOPO-EXIST
10
671.765
20
-558.000
30
2600.000
11
672.000
21
-558.462
31
2600.000
0
LINE
8
TOPO-EXIST
10
672.870
20
-560.000
30
2600.000
11
672.000
21
-558.462
31
2600.000
0
LINE
8
TOPO-EXIST
10
686.000
20
-559.412
30
2600.000
11
685.787
21
-560.000
31
2600.000
0
LINE
8
TOPO-EXIST
10
687.500
20
-558.000
30
2600.000
11
686.000
21
-559.412
31
2600.000
0
LINE
8
TOPO-EXIST
10
672.870
20
-560.000
30
2600.000
11
674.000
21
-561.793
31
2600.000
0
LINE
8
TOPO-EXIST
10
674.130
20
-562.000
30
2600.000
11
674.000
21
-561.793
31
2600.000
0
LINE
8
TOPO-EXIST
10
684.000
20
-560.884
30
2600.000
11
683.145
21
-562.000
31
2600.000
0
LINE
8
TOPO-EXIST
10
685.787
20
-560.000
30
2600.000
11
684.000
21
-560.884
31
2600.000
0
LINE
8
TOPO-EXIST
10
674.130
20
-562.000
30
2600.000
11
675.273
21
-564.000
31
2600.000
0
LINE
8
TOPO-EXIST
10
682.000
20
-562.830
30
2600.000
11
680.667
21
-564.000
31
2600.000
0
LINE
8
TOPO-EXIST
10
683.145
20
-562.000
30
2600.000
11
682.000
21
-562.830
31
2600.000
0
LINE
8
TOPO-EXIST
10
675.273
20
-564.000
30
2600.000
11
676.000
21
-564.276
31
2600.000
0
LINE
8
TOPO-EXIST
10
678.000
20
-564.734
30
2600.000
11
676.000
21
-564.276
31
2600.000
0
LINE
8
TOPO-EXIST
10
680.000
20
-564.667
30
2600.000
11
678.000
21
-564.734
31
2600.000
0
LINE
8
TOPO-EXIST
10
680.667
20
-564.000
30
2600.000
11
680.000
21
-564.667
31
2600.000
0
LINE
8
TOPO-EXIST
10
698.000
20
-638.000
30
2600.000
11
698.000
21
-638.000
31
2600.000
0
LINE
8
TOPO-EXIST
10
698.000
20
-638.000
30
2600.000
11
698.000
21
-638.000
31
2600.000
0
LINE
8
TOPO-EXIST
10
698.000
20
-638.000
30
2600.000
11
698.000
21
-638.000
31
2600.000
0
LINE
8
TOPO-EXIST
10
698.000
20
-638.000
30
2600.000
11
698.000
21
-638.000
31
2600.000
0
LINE
8
TOPO-EXIST
10
710.000
20
-658.000
30
2600.000
11
710.000
21
-658.000
31
2600.000
0
LINE
8
TOPO-EXIST
10
710.000
20
-658.000
30
2600.000
11
710.000
21
-658.000
31
2600.000
0
LINE
8
TOPO-EXIST
10
710.000
20
-658.000
30
2600.000
11
710.000
21
-658.000
31
2600.000
0
LINE
8
TOPO-EXIST
10
710.000
20
-658.000
30
2600.000
11
710.000
21
-658.000
31
2600.000
0
LINE
8
TOPO-EXIST
10
593.368
20
-380.000
30
2601.000
11
592.833
21
-382.000
31
2601.000
0
LINE
8
TOPO-EXIST
10
613.500
20
-380.000
30
2601.000
11
614.000
21
-380.111
31
2601.000
0
LINE
8
TOPO-EXIST
10
615.000
20
-380.000
30
2601.000
11
614.000
21
-380.111
31
2601.000
0
LINE
8
TOPO-EXIST
10
618.800
20
-380.000
30
2601.000
11
620.000
21
-380.857
31
2601.000
0
LINE
8
TOPO-EXIST
10
621.600
20
-382.000
30
2601.000
11
620.000
21
-380.857
31
2601.000
0
LINE
8
TOPO-EXIST
10
586.000
20
-384.000
30
2601.000
11
586.000
21
-384.000
31
2601.000
0
LINE
8
TOPO-EXIST
10
588.000
20
-384.000
30
2601.000
11
586.000
21
-384.000
31
2601.000
0
LINE
8
TOPO-EXIST
10
588.000
20
-384.000
30
2601.000
11
588.000
21
-384.000
31
2601.000
0
LINE
8
TOPO-EXIST
10
592.833
20
-382.000
30
2601.000
11
592.182
21
-384.000
31
2601.000
0
LINE
8
TOPO-EXIST
10
621.600
20
-382.000
30
2601.000
11
622.000
21
-382.267
31
2601.000
0
LINE
8
TOPO-EXIST
10
624.000
20
-383.600
30
2601.000
11
622.000
21
-382.267
31
2601.000
0
LINE
8
TOPO-EXIST
10
624.600
20
-384.000
30
2601.000
11
624.000
21
-383.600
31
2601.000
0
LINE
8
TOPO-EXIST
10
584.000
20
-386.000
30
2601.000
11
584.000
21
-386.000
31
2601.000
0
LINE
8
TOPO-EXIST
10
586.000
20
-384.000
30
2601.000
11
584.000
21
-386.000
31
2601.000
0
LINE
8
TOPO-EXIST
10
588.000
20
-384.000
30
2601.000
11
590.000
21
-386.000
31
2601.000
0
LINE
8
TOPO-EXIST
10
592.000
20
-386.000
30
2601.000
11
590.000
21
-386.000
31
2601.000
0
LINE
8
TOPO-EXIST
10
592.182
20
-384.000
30
2601.000
11
592.000
21
-386.000
31
2601.000
0
LINE
8
TOPO-EXIST
10
624.600
20
-384.000
30
2601.000
11
626.000
21
-384.933
31
2601.000
0
LINE
8
TOPO-EXIST
10
627.455
20
-386.000
30
2601.000
11
626.000
21
-384.933
31
2601.000
0
LINE
8
TOPO-EXIST
10
584.000
20
-386.000
30
2601.000
11
584.000
21
-388.000
31
2601.000
0
LINE
8
TOPO-EXIST
10
627.455
20
-386.000
30
2601.000
11
628.000
21
-386.400
31
2601.000
0
LINE
8
TOPO-EXIST
10
630.000
20
-387.733
30
2601.000
11
628.000
21
-386.400
31
2601.000
0
LINE
8
TOPO-EXIST
10
630.400
20
-388.000
30
2601.000
11
630.000
21
-387.733
31
2601.000
0
LINE
8
TOPO-EXIST
10
584.000
20
-388.000
30
2601.000
11
584.000
21
-390.000
31
2601.000
0
LINE
8
TOPO-EXIST
10
630.400
20
-388.000
30
2601.000
11
632.000
21
-389.067
31
2601.000
0
LINE
8
TOPO-EXIST
10
633.400
20
-390.000
30
2601.000
11
632.000
21
-389.067
31
2601.000
0
LINE
8
TOPO-EXIST
10
584.000
20
-390.000
30
2601.000
11
584.000
21
-392.000
31
2601.000
0
LINE
8
TOPO-EXIST
10
633.400
20
-390.000
30
2601.000
11
634.000
21
-390.400
31
2601.000
0
LINE
8
TOPO-EXIST
10
636.000
20
-391.857
30
2601.000
11
634.000
21
-390.400
31
2601.000
0
LINE
8
TOPO-EXIST
10
636.200
20
-392.000
30
2601.000
11
636.000
21
-391.857
31
2601.000
0
LINE
8
TOPO-EXIST
10
584.000
20
-392.000
30
2601.000
11
584.000
21
-394.000
31
2601.000
0
LINE
8
TOPO-EXIST
10
636.200
20
-392.000
30
2601.000
11
638.000
21
-393.200
31
2601.000
0
LINE
8
TOPO-EXIST
10
639.200
20
-394.000
30
2601.000
11
638.000
21
-393.200
31
2601.000
0
LINE
8
TOPO-EXIST
10
584.000
20
-394.000
30
2601.000
11
584.000
21
-394.000
31
2601.000
0
LINE
8
TOPO-EXIST
10
586.000
20
-395.778
30
2601.000
11
584.000
21
-394.000
31
2601.000
0
LINE
8
TOPO-EXIST
10
586.250
20
-396.000
30
2601.000
11
586.000
21
-395.778
31
2601.000
0
LINE
8
TOPO-EXIST
10
639.200
20
-394.000
30
2601.000
11
640.000
21
-394.533
31
2601.000
0
LINE
8
TOPO-EXIST
10
642.000
20
-395.800
30
2601.000
11
640.000
21
-394.533
31
2601.000
0
LINE
8
TOPO-EXIST
10
642.500
20
-396.000
30
2601.000
11
642.000
21
-395.800
31
2601.000
0
LINE
8
TOPO-EXIST
10
586.250
20
-396.000
30
2601.000
11
588.000
21
-397.000
31
2601.000
0
LINE
8
TOPO-EXIST
10
589.750
20
-398.000
30
2601.000
11
588.000
21
-397.000
31
2601.000
0
LINE
8
TOPO-EXIST
10
642.500
20
-396.000
30
2601.000
11
644.000
21
-398.000
31
2601.000
0
LINE
8
TOPO-EXIST
10
646.000
20
-398.000
30
2601.000
11
644.000
21
-398.000
31
2601.000
0
LINE
8
TOPO-EXIST
10
648.000
20
-398.000
30
2601.000
11
646.000
21
-398.000
31
2601.000
0
LINE
8
TOPO-EXIST
10
648.000
20
-398.000
30
2601.000
11
648.000
21
-398.000
31
2601.000
0
LINE
8
TOPO-EXIST
10
589.750
20
-398.000
30
2601.000
11
590.000
21
-398.143
31
2601.000
0
LINE
8
TOPO-EXIST
10
592.000
20
-399.333
30
2601.000
11
590.000
21
-398.143
31
2601.000
0
LINE
8
TOPO-EXIST
10
593.250
20
-400.000
30
2601.000
11
592.000
21
-399.333
31
2601.000
0
LINE
8
TOPO-EXIST
10
648.000
20
-398.000
30
2601.000
11
650.000
21
-400.000
31
2601.000
0
LINE
8
TOPO-EXIST
10
650.000
20
-400.000
30
2601.000
11
650.000
21
-400.000
31
2601.000
0
LINE
8
TOPO-EXIST
10
593.250
20
-400.000
30
2601.000
11
594.000
21
-400.429
31
2601.000
0
LINE
8
TOPO-EXIST
10
596.000
20
-401.600
30
2601.000
11
594.000
21
-400.429
31
2601.000
0
LINE
8
TOPO-EXIST
10
596.667
20
-402.000
30
2601.000
11
596.000
21
-401.600
31
2601.000
0
LINE
8
TOPO-EXIST
10
650.000
20
-400.000
30
2601.000
11
652.000
21
-402.000
31
2601.000
0
LINE
8
TOPO-EXIST
10
652.000
20
-402.000
30
2601.000
11
652.000
21
-402.000
31
2601.000
0
LINE
8
TOPO-EXIST
10
596.667
20
-402.000
30
2601.000
11
598.000
21
-402.800
31
2601.000
0
LINE
8
TOPO-EXIST
10
600.000
20
-404.000
30
2601.000
11
598.000
21
-402.800
31
2601.000
0
LINE
8
TOPO-EXIST
10
652.000
20
-402.000
30
2601.000
11
652.000
21
-404.000
31
2601.000
0
LINE
8
TOPO-EXIST
10
600.000
20
-404.000
30
2601.000
11
600.000
21
-404.000
31
2601.000
0
LINE
8
TOPO-EXIST
10
602.000
20
-404.800
30
2601.000
11
600.000
21
-404.000
31
2601.000
0
LINE
8
TOPO-EXIST
10
603.800
20
-406.000
30
2601.000
11
602.000
21
-404.800
31
2601.000
0
LINE
8
TOPO-EXIST
10
652.000
20
-404.000
30
2601.000
11
654.000
21
-406.000
31
2601.000
0
LINE
8
TOPO-EXIST
10
654.000
20
-406.000
30
2601.000
11
654.000
21
-406.000
31
2601.000
0
LINE
8
TOPO-EXIST
10
603.800
20
-406.000
30
2601.000
11
604.000
21
-406.143
31
2601.000
0
LINE
8
TOPO-EXIST
10
606.000
20
-407.538
30
2601.000
11
604.000
21
-406.143
31
2601.000
0
LINE
8
TOPO-EXIST
10
606.600
20
-408.000
30
2601.000
11
606.000
21
-407.538
31
2601.000
0
LINE
8
TOPO-EXIST
10
654.000
20
-406.000
30
2601.000
11
654.000
21
-408.000
31
2601.000
0
LINE
8
TOPO-EXIST
10
606.600
20
-408.000
30
2601.000
11
608.000
21
-409.077
31
2601.000
0
LINE
8
TOPO-EXIST
10
609.200
20
-410.000
30
2601.000
11
608.000
21
-409.077
31
2601.000
0
LINE
8
TOPO-EXIST
10
654.000
20
-408.000
30
2601.000
11
656.000
21
-410.000
31
2601.000
0
LINE
8
TOPO-EXIST
10
656.000
20
-410.000
30
2601.000
11
656.000
21
-410.000
31
2601.000
0
LINE
8
TOPO-EXIST
10
609.200
20
-410.000
30
2601.000
11
610.000
21
-410.800
31
2601.000
0
LINE
8
TOPO-EXIST
10
611.000
20
-412.000
30
2601.000
11
610.000
21
-410.800
31
2601.000
0
LINE
8
TOPO-EXIST
10
656.000
20
-410.000
30
2601.000
11
658.000
21
-412.000
31
2601.000
0
LINE
8
TOPO-EXIST
10
658.000
20
-412.000
30
2601.000
11
658.000
21
-412.000
31
2601.000
0
LINE
8
TOPO-EXIST
10
611.000
20
-412.000
30
2601.000
11
612.000
21
-413.200
31
2601.000
0
LINE
8
TOPO-EXIST
10
612.800
20
-414.000
30
2601.000
11
612.000
21
-413.200
31
2601.000
0
LINE
8
TOPO-EXIST
10
658.000
20
-412.000
30
2601.000
11
658.000
21
-414.000
31
2601.000
0
LINE
8
TOPO-EXIST
10
612.800
20
-414.000
30
2601.000
11
614.000
21
-415.000
31
2601.000
0
LINE
8
TOPO-EXIST
10
615.091
20
-416.000
30
2601.000
11
614.000
21
-415.000
31
2601.000
0
LINE
8
TOPO-EXIST
10
658.000
20
-414.000
30
2601.000
11
660.000
21
-416.000
31
2601.000
0
LINE
8
TOPO-EXIST
10
660.000
20
-416.000
30
2601.000
11
660.000
21
-416.000
31
2601.000
0
LINE
8
TOPO-EXIST
10
615.091
20
-416.000
30
2601.000
11
616.000
21
-416.833
31
2601.000
0
LINE
8
TOPO-EXIST
10
617.167
20
-418.000
30
2601.000
11
616.000
21
-416.833
31
2601.000
0
LINE
8
TOPO-EXIST
10
660.000
20
-416.000
30
2601.000
11
660.000
21
-418.000
31
2601.000
0
LINE
8
TOPO-EXIST
10
617.167
20
-418.000
30
2601.000
11
618.000
21
-418.588
31
2601.000
0
LINE
8
TOPO-EXIST
10
620.000
20
-419.000
30
2601.000
11
618.000
21
-418.588
31
2601.000
0
LINE
8
TOPO-EXIST
10
622.000
20
-419.412
30
2601.000
11
620.000
21
-419.000
31
2601.000
0
LINE
8
TOPO-EXIST
10
624.000
20
-419.765
30
2601.000
11
622.000
21
-419.412
31
2601.000
0
LINE
8
TOPO-EXIST
10
625.333
20
-420.000
30
2601.000
11
624.000
21
-419.765
31
2601.000
0
LINE
8
TOPO-EXIST
10
660.000
20
-418.000
30
2601.000
11
662.000
21
-420.000
31
2601.000
0
LINE
8
TOPO-EXIST
10
662.000
20
-420.000
30
2601.000
11
662.000
21
-420.000
31
2601.000
0
LINE
8
TOPO-EXIST
10
625.333
20
-420.000
30
2601.000
11
626.000
21
-420.118
31
2601.000
0
LINE
8
TOPO-EXIST
10
628.000
20
-420.556
30
2601.000
11
626.000
21
-420.118
31
2601.000
0
LINE
8
TOPO-EXIST
10
630.000
20
-420.941
30
2601.000
11
628.000
21
-420.556
31
2601.000
0
LINE
8
TOPO-EXIST
10
632.000
20
-421.294
30
2601.000
11
630.000
21
-420.941
31
2601.000
0
LINE
8
TOPO-EXIST
10
634.000
20
-421.667
30
2601.000
11
632.000
21
-421.294
31
2601.000
0
LINE
8
TOPO-EXIST
10
635.500
20
-422.000
30
2601.000
11
634.000
21
-421.667
31
2601.000
0
LINE
8
TOPO-EXIST
10
662.000
20
-420.000
30
2601.000
11
662.000
21
-422.000
31
2601.000
0
LINE
8
TOPO-EXIST
10
635.500
20
-422.000
30
2601.000
11
636.000
21
-422.111
31
2601.000
0
LINE
8
TOPO-EXIST
10
638.000
20
-422.727
30
2601.000
11
636.000
21
-422.111
31
2601.000
0
LINE
8
TOPO-EXIST
10
640.000
20
-424.000
30
2601.000
11
638.000
21
-422.727
31
2601.000
0
LINE
8
TOPO-EXIST
10
662.000
20
-422.000
30
2601.000
11
664.000
21
-424.000
31
2601.000
0
LINE
8
TOPO-EXIST
10
664.000
20
-424.000
30
2601.000
11
664.000
21
-424.000
31
2601.000
0
LINE
8
TOPO-EXIST
10
640.000
20
-424.000
30
2601.000
11
640.000
21
-426.000
31
2601.000
0
LINE
8
TOPO-EXIST
10
664.000
20
-424.000
30
2601.000
11
664.000
21
-426.000
31
2601.000
0
LINE
8
TOPO-EXIST
10
640.000
20
-426.000
30
2601.000
11
640.000
21
-426.000
31
2601.000
0
LINE
8
TOPO-EXIST
10
642.000
20
-428.000
30
2601.000
11
640.000
21
-426.000
31
2601.000
0
LINE
8
TOPO-EXIST
10
664.000
20
-426.000
30
2601.000
11
666.000
21
-428.000
31
2601.000
0
LINE
8
TOPO-EXIST
10
666.000
20
-428.000
30
2601.000
11
666.000
21
-428.000
31
2601.000
0
LINE
8
TOPO-EXIST
10
642.000
20
-428.000
30
2601.000
11
642.000
21
-430.000
31
2601.000
0
LINE
8
TOPO-EXIST
10
666.000
20
-428.000
30
2601.000
11
666.000
21
-430.000
31
2601.000
0
LINE
8
TOPO-EXIST
10
642.000
20
-430.000
30
2601.000
11
642.000
21
-432.000
31
2601.000
0
LINE
8
TOPO-EXIST
10
666.000
20
-430.000
30
2601.000
11
668.000
21
-432.000
31
2601.000
0
LINE
8
TOPO-EXIST
10
668.000
20
-432.000
30
2601.000
11
668.000
21
-432.000
31
2601.000
0
LINE
8
TOPO-EXIST
10
642.000
20
-432.000
30
2601.000
11
642.000
21
-434.000
31
2601.000
0
LINE
8
TOPO-EXIST
10
668.000
20
-432.000
30
2601.000
11
670.000
21
-434.000
31
2601.000
0
LINE
8
TOPO-EXIST
10
670.000
20
-434.000
30
2601.000
11
670.000
21
-434.000
31
2601.000
0
LINE
8
TOPO-EXIST
10
642.000
20
-434.000
30
2601.000
11
642.000
21
-436.000
31
2601.000
0
LINE
8
TOPO-EXIST
10
670.000
20
-434.000
30
2601.000
11
670.000
21
-436.000
31
2601.000
0
LINE
8
TOPO-EXIST
10
642.000
20
-436.000
30
2601.000
11
642.000
21
-436.000
31
2601.000
0
LINE
8
TOPO-EXIST
10
644.000
20
-438.000
30
2601.000
11
642.000
21
-436.000
31
2601.000
0
LINE
8
TOPO-EXIST
10
670.000
20
-436.000
30
2601.000
11
672.000
21
-438.000
31
2601.000
0
LINE
8
TOPO-EXIST
10
672.000
20
-438.000
30
2601.000
11
672.000
21
-438.000
31
2601.000
0
LINE
8
TOPO-EXIST
10
644.000
20
-438.000
30
2601.000
11
644.000
21
-440.000
31
2601.000
0
LINE
8
TOPO-EXIST
10
672.000
20
-438.000
30
2601.000
11
672.000
21
-440.000
31
2601.000
0
LINE
8
TOPO-EXIST
10
644.000
20
-440.000
30
2601.000
11
644.000
21
-442.000
31
2601.000
0
LINE
8
TOPO-EXIST
10
672.000
20
-440.000
30
2601.000
11
674.000
21
-442.000
31
2601.000
0
LINE
8
TOPO-EXIST
10
674.000
20
-442.000
30
2601.000
11
674.000
21
-442.000
31
2601.000
0
LINE
8
TOPO-EXIST
10
642.000
20
-444.000
30
2601.000
11
642.000
21
-444.000
31
2601.000
0
LINE
8
TOPO-EXIST
10
644.000
20
-442.000
30
2601.000
11
642.000
21
-444.000
31
2601.000
0
LINE
8
TOPO-EXIST
10
674.000
20
-442.000
30
2601.000
11
674.000
21
-444.000
31
2601.000
0
LINE
8
TOPO-EXIST
10
642.000
20
-444.000
30
2601.000
11
642.000
21
-444.000
31
2601.000
0
LINE
8
TOPO-EXIST
10
644.000
20
-446.000
30
2601.000
11
642.000
21
-444.000
31
2601.000
0
LINE
8
TOPO-EXIST
10
674.000
20
-444.000
30
2601.000
11
676.000
21
-446.000
31
2601.000
0
LINE
8
TOPO-EXIST
10
676.000
20
-446.000
30
2601.000
11
676.000
21
-446.000
31
2601.000
0
LINE
8
TOPO-EXIST
10
642.000
20
-448.000
30
2601.000
11
642.000
21
-448.000
31
2601.000
0
LINE
8
TOPO-EXIST
10
644.000
20
-446.000
30
2601.000
11
642.000
21
-448.000
31
2601.000
0
LINE
8
TOPO-EXIST
10
676.000
20
-446.000
30
2601.000
11
676.000
21
-448.000
31
2601.000
0
LINE
8
TOPO-EXIST
10
640.000
20
-450.000
30
2601.000
11
640.000
21
-450.000
31
2601.000
0
LINE
8
TOPO-EXIST
10
642.000
20
-448.000
30
2601.000
11
640.000
21
-450.000
31
2601.000
0
LINE
8
TOPO-EXIST
10
676.000
20
-448.000
30
2601.000
11
678.000
21
-450.000
31
2601.000
0
LINE
8
TOPO-EXIST
10
678.000
20
-450.000
30
2601.000
11
678.000
21
-450.000
31
2601.000
0
LINE
8
TOPO-EXIST
10
636.000
20
-452.000
30
2601.000
11
636.000
21
-452.000
31
2601.000
0
LINE
8
TOPO-EXIST
10
638.000
20
-452.000
30
2601.000
11
636.000
21
-452.000
31
2601.000
0
LINE
8
TOPO-EXIST
10
640.000
20
-450.000
30
2601.000
11
638.000
21
-452.000
31
2601.000
0
LINE
8
TOPO-EXIST
10
678.000
20
-450.000
30
2601.000
11
680.000
21
-452.000
31
2601.000
0
LINE
8
TOPO-EXIST
10
680.000
20
-452.000
30
2601.000
11
680.000
21
-452.000
31
2601.000
0
LINE
8
TOPO-EXIST
10
632.000
20
-454.000
30
2601.000
11
632.000
21
-454.000
31
2601.000
0
LINE
8
TOPO-EXIST
10
634.000
20
-454.000
30
2601.000
11
632.000
21
-454.000
31
2601.000
0
LINE
8
TOPO-EXIST
10
636.000
20
-452.000
30
2601.000
11
634.000
21
-454.000
31
2601.000
0
LINE
8
TOPO-EXIST
10
680.000
20
-452.000
30
2601.000
11
680.000
21
-454.000
31
2601.000
0
LINE
8
TOPO-EXIST
10
628.000
20
-456.000
30
2601.000
11
628.000
21
-456.000
31
2601.000
0
LINE
8
TOPO-EXIST
10
630.000
20
-456.000
30
2601.000
11
628.000
21
-456.000
31
2601.000
0
LINE
8
TOPO-EXIST
10
632.000
20
-454.000
30
2601.000
11
630.000
21
-456.000
31
2601.000
0
LINE
8
TOPO-EXIST
10
680.000
20
-454.000
30
2601.000
11
680.000
21
-456.000
31
2601.000
0
LINE
8
TOPO-EXIST
10
624.000
20
-458.000
30
2601.000
11
624.000
21
-458.000
31
2601.000
0
LINE
8
TOPO-EXIST
10
626.000
20
-458.000
30
2601.000
11
624.000
21
-458.000
31
2601.000
0
LINE
8
TOPO-EXIST
10
628.000
20
-456.000
30
2601.000
11
626.000
21
-458.000
31
2601.000
0
LINE
8
TOPO-EXIST
10
680.000
20
-456.000
30
2601.000
11
680.000
21
-458.000
31
2601.000
0
LINE
8
TOPO-EXIST
10
622.000
20
-460.000
30
2601.000
11
622.000
21
-460.000
31
2601.000
0
LINE
8
TOPO-EXIST
10
624.000
20
-458.000
30
2601.000
11
622.000
21
-460.000
31
2601.000
0
LINE
8
TOPO-EXIST
10
680.000
20
-458.000
30
2601.000
11
680.000
21
-460.000
31
2601.000
0
LINE
8
TOPO-EXIST
10
618.000
20
-462.000
30
2601.000
11
618.000
21
-462.000
31
2601.000
0
LINE
8
TOPO-EXIST
10
620.000
20
-462.000
30
2601.000
11
618.000
21
-462.000
31
2601.000
0
LINE
8
TOPO-EXIST
10
622.000
20
-460.000
30
2601.000
11
620.000
21
-462.000
31
2601.000
0
LINE
8
TOPO-EXIST
10
680.000
20
-460.000
30
2601.000
11
680.000
21
-462.000
31
2601.000
0
LINE
8
TOPO-EXIST
10
616.000
20
-464.000
30
2601.000
11
616.000
21
-464.000
31
2601.000
0
LINE
8
TOPO-EXIST
10
618.000
20
-462.000
30
2601.000
11
616.000
21
-464.000
31
2601.000
0
LINE
8
TOPO-EXIST
10
680.000
20
-462.000
30
2601.000
11
682.000
21
-464.000
31
2601.000
0
LINE
8
TOPO-EXIST
10
682.000
20
-464.000
30
2601.000
11
682.000
21
-464.000
31
2601.000
0
LINE
8
TOPO-EXIST
10
614.000
20
-466.000
30
2601.000
11
614.000
21
-466.000
31
2601.000
0
LINE
8
TOPO-EXIST
10
616.000
20
-464.000
30
2601.000
11
614.000
21
-466.000
31
2601.000
0
LINE
8
TOPO-EXIST
10
682.000
20
-464.000
30
2601.000
11
682.000
21
-466.000
31
2601.000
0
LINE
8
TOPO-EXIST
10
614.000
20
-466.000
30
2601.000
11
614.000
21
-468.000
31
2601.000
0
LINE
8
TOPO-EXIST
10
682.000
20
-466.000
30
2601.000
11
682.000
21
-468.000
31
2601.000
0
LINE
8
TOPO-EXIST
10
614.000
20
-468.000
30
2601.000
11
614.000
21
-470.000
31
2601.000
0
LINE
8
TOPO-EXIST
10
682.000
20
-468.000
30
2601.000
11
682.000
21
-470.000
31
2601.000
0
LINE
8
TOPO-EXIST
10
614.000
20
-470.000
30
2601.000
11
614.000
21
-472.000
31
2601.000
0
LINE
8
TOPO-EXIST
10
682.000
20
-470.000
30
2601.000
11
682.000
21
-472.000
31
2601.000
0
LINE
8
TOPO-EXIST
10
614.000
20
-472.000
30
2601.000
11
614.000
21
-474.000
31
2601.000
0
LINE
8
TOPO-EXIST
10
682.000
20
-472.000
30
2601.000
11
682.000
21
-474.000
31
2601.000
0
LINE
8
TOPO-EXIST
10
614.000
20
-474.000
30
2601.000
11
614.000
21
-474.000
31
2601.000
0
LINE
8
TOPO-EXIST
10
616.000
20
-476.000
30
2601.000
11
614.000
21
-474.000
31
2601.000
0
LINE
8
TOPO-EXIST
10
682.000
20
-474.000
30
2601.000
11
682.000
21
-476.000
31
2601.000
0
LINE
8
TOPO-EXIST
10
616.000
20
-476.000
30
2601.000
11
616.000
21
-476.000
31
2601.000
0
LINE
8
TOPO-EXIST
10
618.000
20
-476.000
30
2601.000
11
616.000
21
-476.000
31
2601.000
0
LINE
8
TOPO-EXIST
10
620.000
20
-478.000
30
2601.000
11
618.000
21
-476.000
31
2601.000
0
LINE
8
TOPO-EXIST
10
682.000
20
-476.000
30
2601.000
11
682.000
21
-478.000
31
2601.000
0
LINE
8
TOPO-EXIST
10
620.000
20
-478.000
30
2601.000
11
620.000
21
-478.000
31
2601.000
0
LINE
8
TOPO-EXIST
10
622.000
20
-480.000
30
2601.000
11
620.000
21
-478.000
31
2601.000
0
LINE
8
TOPO-EXIST
10
682.000
20
-478.000
30
2601.000
11
682.000
21
-480.000
31
2601.000
0
LINE
8
TOPO-EXIST
10
622.000
20
-480.000
30
2601.000
11
622.000
21
-482.000
31
2601.000
0
LINE
8
TOPO-EXIST
10
682.000
20
-480.000
30
2601.000
11
682.000
21
-482.000
31
2601.000
0
LINE
8
TOPO-EXIST
10
622.000
20
-482.000
30
2601.000
11
622.000
21
-482.000
31
2601.000
0
LINE
8
TOPO-EXIST
10
624.000
20
-484.000
30
2601.000
11
622.000
21
-482.000
31
2601.000
0
LINE
8
TOPO-EXIST
10
682.000
20
-482.000
30
2601.000
11
684.000
21
-484.000
31
2601.000
0
LINE
8
TOPO-EXIST
10
684.000
20
-484.000
30
2601.000
11
684.000
21
-484.000
31
2601.000
0
LINE
8
TOPO-EXIST
10
624.000
20
-484.000
30
2601.000
11
624.000
21
-486.000
31
2601.000
0
LINE
8
TOPO-EXIST
10
684.000
20
-484.000
30
2601.000
11
684.000
21
-486.000
31
2601.000
0
LINE
8
TOPO-EXIST
10
624.000
20
-486.000
30
2601.000
11
624.000
21
-488.000
31
2601.000
0
LINE
8
TOPO-EXIST
10
632.000
20
-486.000
30
2601.000
11
630.000
21
-488.000
31
2601.000
0
LINE
8
TOPO-EXIST
10
634.000
20
-486.000
30
2601.000
11
632.000
21
-486.000
31
2601.000
0
LINE
8
TOPO-EXIST
10
636.000
20
-486.000
30
2601.000
11
634.000
21
-486.000
31
2601.000
0
LINE
8
TOPO-EXIST
10
638.000
20
-486.000
30
2601.000
11
636.000
21
-486.000
31
2601.000
0
LINE
8
TOPO-EXIST
10
640.000
20
-486.000
30
2601.000
11
638.000
21
-486.000
31
2601.000
0
LINE
8
TOPO-EXIST
10
642.000
20
-488.000
30
2601.000
11
640.000
21
-486.000
31
2601.000
0
LINE
8
TOPO-EXIST
10
684.000
20
-486.000
30
2601.000
11
684.000
21
-488.000
31
2601.000
0
LINE
8
TOPO-EXIST
10
624.000
20
-488.000
30
2601.000
11
624.000
21
-490.000
31
2601.000
0
LINE
8
TOPO-EXIST
10
630.000
20
-488.000
30
2601.000
11
628.000
21
-490.000
31
2601.000
0
LINE
8
TOPO-EXIST
10
630.000
20
-488.000
30
2601.000
11
630.000
21
-488.000
31
2601.000
0
LINE
8
TOPO-EXIST
10
642.000
20
-488.000
30
2601.000
11
642.000
21
-488.000
31
2601.000
0
LINE
8
TOPO-EXIST
10
644.000
20
-490.000
30
2601.000
11
642.000
21
-488.000
31
2601.000
0
LINE
8
TOPO-EXIST
10
684.000
20
-488.000
30
2601.000
11
684.000
21
-490.000
31
2601.000
0
LINE
8
TOPO-EXIST
10
624.000
20
-490.000
30
2601.000
11
624.000
21
-492.000
31
2601.000
0
LINE
8
TOPO-EXIST
10
628.000
20
-490.000
30
2601.000
11
626.000
21
-492.000
31
2601.000
0
LINE
8
TOPO-EXIST
10
628.000
20
-490.000
30
2601.000
11
628.000
21
-490.000
31
2601.000
0
LINE
8
TOPO-EXIST
10
636.000
20
-492.000
30
2601.000
11
636.000
21
-492.000
31
2601.000
0
LINE
8
TOPO-EXIST
10
638.000
20
-492.000
30
2601.000
11
636.000
21
-492.000
31
2601.000
0
LINE
8
TOPO-EXIST
10
638.000
20
-492.000
30
2601.000
11
638.000
21
-492.000
31
2601.000
0
LINE
8
TOPO-EXIST
10
644.000
20
-490.000
30
2601.000
11
644.000
21
-490.000
31
2601.000
0
LINE
8
TOPO-EXIST
10
646.000
20
-492.000
30
2601.000
11
644.000
21
-490.000
31
2601.000
0
LINE
8
TOPO-EXIST
10
684.000
20
-490.000
30
2601.000
11
684.000
21
-492.000
31
2601.000
0
LINE
8
TOPO-EXIST
10
624.000
20
-492.000
30
2601.000
11
624.000
21
-494.000
31
2601.000
0
LINE
8
TOPO-EXIST
10
626.000
20
-492.000
30
2601.000
11
626.000
21
-494.000
31
2601.000
0
LINE
8
TOPO-EXIST
10
634.000
20
-494.000
30
2601.000
11
634.000
21
-494.000
31
2601.000
0
LINE
8
TOPO-EXIST
10
636.000
20
-492.000
30
2601.000
11
634.000
21
-494.000
31
2601.000
0
LINE
8
TOPO-EXIST
10
638.000
20
-492.000
30
2601.000
11
640.000
21
-494.000
31
2601.000
0
LINE
8
TOPO-EXIST
10
640.000
20
-494.000
30
2601.000
11
640.000
21
-494.000
31
2601.000
0
LINE
8
TOPO-EXIST
10
646.000
20
-492.000
30
2601.000
11
646.000
21
-494.000
31
2601.000
0
LINE
8
TOPO-EXIST
10
684.000
20
-492.000
30
2601.000
11
684.000
21
-494.000
31
2601.000
0
LINE
8
TOPO-EXIST
10
624.000
20
-494.000
30
2601.000
11
624.000
21
-496.000
31
2601.000
0
LINE
8
TOPO-EXIST
10
626.000
20
-494.000
30
2601.000
11
626.000
21
-496.000
31
2601.000
0
LINE
8
TOPO-EXIST
10
634.000
20
-494.000
30
2601.000
11
634.000
21
-496.000
31
2601.000
0
LINE
8
TOPO-EXIST
10
640.000
20
-494.000
30
2601.000
11
642.000
21
-496.000
31
2601.000
0
LINE
8
TOPO-EXIST
10
642.000
20
-496.000
30
2601.000
11
642.000
21
-496.000
31
2601.000
0
LINE
8
TOPO-EXIST
10
646.000
20
-494.000
30
2601.000
11
646.000
21
-494.000
31
2601.000
0
LINE
8
TOPO-EXIST
10
648.000
20
-496.000
30
2601.000
11
646.000
21
-494.000
31
2601.000
0
LINE
8
TOPO-EXIST
10
684.000
20
-494.000
30
2601.000
11
684.000
21
-496.000
31
2601.000
0
LINE
8
TOPO-EXIST
10
624.000
20
-496.000
30
2601.000
11
624.000
21
-496.000
31
2601.000
0
LINE
8
TOPO-EXIST
10
626.000
20
-498.000
30
2601.000
11
624.000
21
-496.000
31
2601.000
0
LINE
8
TOPO-EXIST
10
626.000
20
-496.000
30
2601.000
11
626.000
21
-498.000
31
2601.000
0
LINE
8
TOPO-EXIST
10
634.000
20
-496.000
30
2601.000
11
634.000
21
-498.000
31
2601.000
0
LINE
8
TOPO-EXIST
10
642.000
20
-496.000
30
2601.000
11
642.000
21
-498.000
31
2601.000
0
LINE
8
TOPO-EXIST
10
648.000
20
-496.000
30
2601.000
11
648.000
21
-498.000
31
2601.000
0
LINE
8
TOPO-EXIST
10
684.000
20
-496.000
30
2601.000
11
684.000
21
-498.000
31
2601.000
0
LINE
8
TOPO-EXIST
10
626.000
20
-498.000
30
2601.000
11
626.000
21
-500.000
31
2601.000
0
LINE
8
TOPO-EXIST
10
626.000
20
-498.000
30
2601.000
11
626.000
21
-500.000
31
2601.000
0
LINE
8
TOPO-EXIST
10
634.000
20
-498.000
30
2601.000
11
634.000
21
-500.000
31
2601.000
0
LINE
8
TOPO-EXIST
10
642.000
20
-498.000
30
2601.000
11
642.000
21
-500.000
31
2601.000
0
LINE
8
TOPO-EXIST
10
648.000
20
-498.000
30
2601.000
11
648.000
21
-500.000
31
2601.000
0
LINE
8
TOPO-EXIST
10
684.000
20
-498.000
30
2601.000
11
684.000
21
-500.000
31
2601.000
0
LINE
8
TOPO-EXIST
10
626.000
20
-500.000
30
2601.000
11
626.000
21
-502.000
31
2601.000
0
LINE
8
TOPO-EXIST
10
626.000
20
-500.000
30
2601.000
11
626.000
21
-502.000
31
2601.000
0
LINE
8
TOPO-EXIST
10
634.000
20
-500.000
30
2601.000
11
634.000
21
-502.000
31
2601.000
0
LINE
8
TOPO-EXIST
10
642.000
20
-500.000
30
2601.000
11
644.000
21
-502.000
31
2601.000
0
LINE
8
TOPO-EXIST
10
644.000
20
-502.000
30
2601.000
11
644.000
21
-502.000
31
2601.000
0
LINE
8
TOPO-EXIST
10
648.000
20
-500.000
30
2601.000
11
648.000
21
-502.000
31
2601.000
0
LINE
8
TOPO-EXIST
10
684.000
20
-500.000
30
2601.000
11
684.000
21
-502.000
31
2601.000
0
LINE
8
TOPO-EXIST
10
626.000
20
-502.000
30
2601.000
11
626.000
21
-502.000
31
2601.000
0
LINE
8
TOPO-EXIST
10
626.000
20
-502.000
30
2601.000
11
628.000
21
-504.000
31
2601.000
0
LINE
8
TOPO-EXIST
10
628.000
20
-504.000
30
2601.000
11
626.000
21
-502.000
31
2601.000
0
LINE
8
TOPO-EXIST
10
628.000
20
-504.000
30
2601.000
11
628.000
21
-504.000
31
2601.000
0
LINE
8
TOPO-EXIST
10
634.000
20
-502.000
30
2601.000
11
634.000
21
-504.000
31
2601.000
0
LINE
8
TOPO-EXIST
10
644.000
20
-502.000
30
2601.000
11
644.000
21
-504.000
31
2601.000
0
LINE
8
TOPO-EXIST
10
648.000
20
-502.000
30
2601.000
11
648.000
21
-502.000
31
2601.000
0
LINE
8
TOPO-EXIST
10
650.000
20
-504.000
30
2601.000
11
648.000
21
-502.000
31
2601.000
0
LINE
8
TOPO-EXIST
10
684.000
20
-502.000
30
2601.000
11
686.000
21
-504.000
31
2601.000
0
LINE
8
TOPO-EXIST
10
686.000
20
-504.000
30
2601.000
11
686.000
21
-504.000
31
2601.000
0
LINE
8
TOPO-EXIST
10
628.000
20
-504.000
30
2601.000
11
628.000
21
-506.000
31
2601.000
0
LINE
8
TOPO-EXIST
10
628.000
20
-504.000
30
2601.000
11
628.000
21
-506.000
31
2601.000
0
LINE
8
TOPO-EXIST
10
634.000
20
-504.000
30
2601.000
11
634.000
21
-506.000
31
2601.000
0
LINE
8
TOPO-EXIST
10
644.000
20
-504.000
30
2601.000
11
642.000
21
-506.000
31
2601.000
0
LINE
8
TOPO-EXIST
10
644.000
20
-504.000
30
2601.000
11
644.000
21
-504.000
31
2601.000
0
LINE
8
TOPO-EXIST
10
648.000
20
-506.000
30
2601.000
11
648.000
21
-506.000
31
2601.000
0
LINE
8
TOPO-EXIST
10
650.000
20
-504.000
30
2601.000
11
648.000
21
-506.000
31
2601.000
0
LINE
8
TOPO-EXIST
10
686.000
20
-504.000
30
2601.000
11
686.000
21
-506.000
31
2601.000
0
LINE
8
TOPO-EXIST
10
628.000
20
-506.000
30
2601.000
11
628.000
21
-506.000
31
2601.000
0
LINE
8
TOPO-EXIST
10
628.000
20
-506.000
30
2601.000
11
628.000
21
-506.000
31
2601.000
0
LINE
8
TOPO-EXIST
10
634.000
20
-506.000
30
2601.000
11
634.000
21
-508.000
31
2601.000
0
LINE
8
TOPO-EXIST
10
642.000
20
-506.000
30
2601.000
11
642.000
21
-508.000
31
2601.000
0
LINE
8
TOPO-EXIST
10
648.000
20
-506.000
30
2601.000
11
648.000
21
-508.000
31
2601.000
0
LINE
8
TOPO-EXIST
10
686.000
20
-506.000
30
2601.000
11
686.000
21
-508.000
31
2601.000
0
LINE
8
TOPO-EXIST
10
630.000
20
-510.000
30
2601.000
11
630.000
21
-510.000
31
2601.000
0
LINE
8
TOPO-EXIST
10
630.000
20
-510.000
30
2601.000
11
630.000
21
-510.000
31
2601.000
0
LINE
8
TOPO-EXIST
10
634.000
20
-508.000
30
2601.000
11
634.000
21
-508.000
31
2601.000
0
LINE
8
TOPO-EXIST
10
636.000
20
-510.000
30
2601.000
11
634.000
21
-508.000
31
2601.000
0
LINE
8
TOPO-EXIST
10
640.000
20
-508.000
30
2601.000
11
638.000
21
-510.000
31
2601.000
0
LINE
8
TOPO-EXIST
10
642.000
20
-508.000
30
2601.000
11
640.000
21
-508.000
31
2601.000
0
LINE
8
TOPO-EXIST
10
642.000
20
-508.000
30
2601.000
11
644.000
21
-510.000
31
2601.000
0
LINE
8
TOPO-EXIST
10
644.000
20
-510.000
30
2601.000
11
642.000
21
-508.000
31
2601.000
0
LINE
8
TOPO-EXIST
10
644.000
20
-510.000
30
2601.000
11
644.000
21
-510.000
31
2601.000
0
LINE
8
TOPO-EXIST
10
648.000
20
-508.000
30
2601.000
11
648.000
21
-508.000
31
2601.000
0
LINE
8
TOPO-EXIST
10
650.000
20
-510.000
30
2601.000
11
648.000
21
-508.000
31
2601.000
0
LINE
8
TOPO-EXIST
10
686.000
20
-508.000
30
2601.000
11
686.000
21
-510.000
31
2601.000
0
LINE
8
TOPO-EXIST
10
630.000
20
-510.000
30
2601.000
11
630.000
21
-512.000
31
2601.000
0
LINE
8
TOPO-EXIST
10
630.000
20
-510.000
30
2601.000
11
630.000
21
-512.000
31
2601.000
0
LINE
8
TOPO-EXIST
10
636.000
20
-510.000
30
2601.000
11
636.000
21
-510.000
31
2601.000
0
LINE
8
TOPO-EXIST
10
638.000
20
-510.000
30
2601.000
11
636.000
21
-510.000
31
2601.000
0
LINE
8
TOPO-EXIST
10
638.000
20
-510.000
30
2601.000
11
638.000
21
-510.000
31
2601.000
0
LINE
8
TOPO-EXIST
10
642.000
20
-512.000
30
2601.000
11
642.000
21
-512.000
31
2601.000
0
LINE
8
TOPO-EXIST
10
644.000
20
-510.000
30
2601.000
11
642.000
21
-512.000
31
2601.000
0
LINE
8
TOPO-EXIST
10
644.000
20
-510.000
30
2601.000
11
644.000
21
-512.000
31
2601.000
0
LINE
8
TOPO-EXIST
10
650.000
20
-510.000
30
2601.000
11
650.000
21
-512.000
31
2601.000
0
LINE
8
TOPO-EXIST
10
686.000
20
-510.000
30
2601.000
11
686.000
21
-512.000
31
2601.000
0
LINE
8
TOPO-EXIST
10
630.000
20
-512.000
30
2601.000
11
630.000
21
-512.000
31
2601.000
0
LINE
8
TOPO-EXIST
10
630.000
20
-512.000
30
2601.000
11
630.000
21
-512.000
31
2601.000
0
LINE
8
TOPO-EXIST
10
642.000
20
-512.000
30
2601.000
11
642.000
21
-512.000
31
2601.000
0
LINE
8
TOPO-EXIST
10
644.000
20
-512.000
30
2601.000
11
642.000
21
-512.000
31
2601.000
0
LINE
8
TOPO-EXIST
10
644.000
20
-512.000
30
2601.000
11
644.000
21
-512.000
31
2601.000
0
LINE
8
TOPO-EXIST
10
650.000
20
-512.000
30
2601.000
11
650.000
21
-514.000
31
2601.000
0
LINE
8
TOPO-EXIST
10
686.000
20
-512.000
30
2601.000
11
686.000
21
-514.000
31
2601.000
0
LINE
8
TOPO-EXIST
10
634.000
20
-516.000
30
2601.000
11
634.000
21
-516.000
31
2601.000
0
LINE
8
TOPO-EXIST
10
636.000
20
-516.000
30
2601.000
11
634.000
21
-516.000
31
2601.000
0
LINE
8
TOPO-EXIST
10
636.000
20
-516.000
30
2601.000
11
636.000
21
-516.000
31
2601.000
0
LINE
8
TOPO-EXIST
10
648.000
20
-516.000
30
2601.000
11
648.000
21
-516.000
31
2601.000
0
LINE
8
TOPO-EXIST
10
650.000
20
-514.000
30
2601.000
11
648.000
21
-516.000
31
2601.000
0
LINE
8
TOPO-EXIST
10
686.000
20
-514.000
30
2601.000
11
686.000
21
-516.000
31
2601.000
0
LINE
8
TOPO-EXIST
10
634.000
20
-516.000
30
2601.000
11
634.000
21
-516.000
31
2601.000
0
LINE
8
TOPO-EXIST
10
636.000
20
-516.000
30
2601.000
11
634.000
21
-516.000
31
2601.000
0
LINE
8
TOPO-EXIST
10
636.000
20
-516.000
30
2601.000
11
636.000
21
-516.000
31
2601.000
0
LINE
8
TOPO-EXIST
10
644.000
20
-518.000
30
2601.000
11
644.000
21
-518.000
31
2601.000
0
LINE
8
TOPO-EXIST
10
646.000
20
-518.000
30
2601.000
11
644.000
21
-518.000
31
2601.000
0
LINE
8
TOPO-EXIST
10
648.000
20
-516.000
30
2601.000
11
646.000
21
-518.000
31
2601.000
0
LINE
8
TOPO-EXIST
10
650.000
20
-516.000
30
2601.000
11
648.000
21
-518.000
31
2601.000
0
LINE
8
TOPO-EXIST
10
652.000
20
-516.000
30
2601.000
11
650.000
21
-516.000
31
2601.000
0
LINE
8
TOPO-EXIST
10
654.000
20
-516.000
30
2601.000
11
652.000
21
-516.000
31
2601.000
0
LINE
8
TOPO-EXIST
10
656.000
20
-518.000
30
2601.000
11
654.000
21
-516.000
31
2601.000
0
LINE
8
TOPO-EXIST
10
686.000
20
-516.000
30
2601.000
11
686.000
21
-518.000
31
2601.000
0
LINE
8
TOPO-EXIST
10
644.000
20
-518.000
30
2601.000
11
644.000
21
-518.000
31
2601.000
0
LINE
8
TOPO-EXIST
10
646.000
20
-518.000
30
2601.000
11
644.000
21
-518.000
31
2601.000
0
LINE
8
TOPO-EXIST
10
648.000
20
-518.000
30
2601.000
11
646.000
21
-518.000
31
2601.000
0
LINE
8
TOPO-EXIST
10
648.000
20
-518.000
30
2601.000
11
648.000
21
-518.000
31
2601.000
0
LINE
8
TOPO-EXIST
10
656.000
20
-518.000
30
2601.000
11
656.000
21
-518.000
31
2601.000
0
LINE
8
TOPO-EXIST
10
658.000
20
-520.000
30
2601.000
11
656.000
21
-518.000
31
2601.000
0
LINE
8
TOPO-EXIST
10
686.000
20
-518.000
30
2601.000
11
686.000
21
-520.000
31
2601.000
0
LINE
8
TOPO-EXIST
10
658.000
20
-520.000
30
2601.000
11
658.000
21
-520.000
31
2601.000
0
LINE
8
TOPO-EXIST
10
660.000
20
-522.000
30
2601.000
11
658.000
21
-520.000
31
2601.000
0
LINE
8
TOPO-EXIST
10
686.000
20
-520.000
30
2601.000
11
686.000
21
-522.000
31
2601.000
0
LINE
8
TOPO-EXIST
10
660.000
20
-522.000
30
2601.000
11
660.000
21
-524.000
31
2601.000
0
LINE
8
TOPO-EXIST
10
686.000
20
-522.000
30
2601.000
11
688.000
21
-524.000
31
2601.000
0
LINE
8
TOPO-EXIST
10
688.000
20
-524.000
30
2601.000
11
688.000
21
-524.000
31
2601.000
0
LINE
8
TOPO-EXIST
10
660.000
20
-524.000
30
2601.000
11
660.000
21
-524.000
31
2601.000
0
LINE
8
TOPO-EXIST
10
662.000
20
-526.000
30
2601.000
11
660.000
21
-524.000
31
2601.000
0
LINE
8
TOPO-EXIST
10
688.000
20
-524.000
30
2601.000
11
688.000
21
-526.000
31
2601.000
0
LINE
8
TOPO-EXIST
10
662.000
20
-526.000
30
2601.000
11
662.000
21
-528.000
31
2601.000
0
LINE
8
TOPO-EXIST
10
688.000
20
-526.000
30
2601.000
11
688.000
21
-528.000
31
2601.000
0
LINE
8
TOPO-EXIST
10
662.000
20
-528.000
30
2601.000
11
662.000
21
-530.000
31
2601.000
0
LINE
8
TOPO-EXIST
10
688.000
20
-528.000
30
2601.000
11
688.000
21
-530.000
31
2601.000
0
LINE
8
TOPO-EXIST
10
662.000
20
-530.000
30
2601.000
11
662.000
21
-530.000
31
2601.000
0
LINE
8
TOPO-EXIST
10
664.000
20
-532.000
30
2601.000
11
662.000
21
-530.000
31
2601.000
0
LINE
8
TOPO-EXIST
10
688.000
20
-530.000
30
2601.000
11
688.000
21
-532.000
31
2601.000
0
LINE
8
TOPO-EXIST
10
664.000
20
-532.000
30
2601.000
11
664.000
21
-534.000
31
2601.000
0
LINE
8
TOPO-EXIST
10
688.000
20
-532.000
30
2601.000
11
688.000
21
-534.000
31
2601.000
0
LINE
8
TOPO-EXIST
10
664.000
20
-534.000
30
2601.000
11
664.000
21
-534.000
31
2601.000
0
LINE
8
TOPO-EXIST
10
666.000
20
-536.000
30
2601.000
11
664.000
21
-534.000
31
2601.000
0
LINE
8
TOPO-EXIST
10
688.000
20
-534.000
30
2601.000
11
688.000
21
-536.000
31
2601.000
0
LINE
8
TOPO-EXIST
10
666.000
20
-536.000
30
2601.000
11
666.000
21
-538.000
31
2601.000
0
LINE
8
TOPO-EXIST
10
686.000
20
-536.000
30
2601.000
11
684.000
21
-538.000
31
2601.000
0
LINE
8
TOPO-EXIST
10
688.000
20
-536.000
30
2601.000
11
686.000
21
-536.000
31
2601.000
0
LINE
8
TOPO-EXIST
10
688.000
20
-536.000
30
2601.000
11
688.000
21
-536.000
31
2601.000
0
LINE
8
TOPO-EXIST
10
666.000
20
-538.000
30
2601.000
11
666.000
21
-540.000
31
2601.000
0
LINE
8
TOPO-EXIST
10
684.000
20
-538.000
30
2601.000
11
682.000
21
-540.000
31
2601.000
0
LINE
8
TOPO-EXIST
10
684.000
20
-538.000
30
2601.000
11
684.000
21
-538.000
31
2601.000
0
LINE
8
TOPO-EXIST
10
666.000
20
-540.000
30
2601.000
11
666.000
21
-540.000
31
2601.000
0
LINE
8
TOPO-EXIST
10
668.000
20
-542.000
30
2601.000
11
666.000
21
-540.000
31
2601.000
0
LINE
8
TOPO-EXIST
10
682.000
20
-540.000
30
2601.000
11
680.000
21
-542.000
31
2601.000
0
LINE
8
TOPO-EXIST
10
682.000
20
-540.000
30
2601.000
11
682.000
21
-540.000
31
2601.000
0
LINE
8
TOPO-EXIST
10
668.000
20
-542.000
30
2601.000
11
668.000
21
-544.000
31
2601.000
0
LINE
8
TOPO-EXIST
10
678.000
20
-542.000
30
2601.000
11
676.000
21
-544.000
31
2601.000
0
LINE
8
TOPO-EXIST
10
680.000
20
-542.000
30
2601.000
11
678.000
21
-542.000
31
2601.000
0
LINE
8
TOPO-EXIST
10
680.000
20
-542.000
30
2601.000
11
680.000
21
-542.000
31
2601.000
0
LINE
8
TOPO-EXIST
10
668.000
20
-544.000
30
2601.000
11
668.000
21
-544.000
31
2601.000
0
LINE
8
TOPO-EXIST
10
670.000
20
-546.000
30
2601.000
11
668.000
21
-544.000
31
2601.000
0
LINE
8
TOPO-EXIST
10
676.000
20
-544.000
30
2601.000
11
674.000
21
-546.000
31
2601.000
0
LINE
8
TOPO-EXIST
10
676.000
20
-544.000
30
2601.000
11
676.000
21
-544.000
31
2601.000
0
LINE
8
TOPO-EXIST
10
670.000
20
-546.000
30
2601.000
11
670.000
21
-548.000
31
2601.000
0
LINE
8
TOPO-EXIST
10
674.000
20
-546.000
30
2601.000
11
672.000
21
-548.000
31
2601.000
0
LINE
8
TOPO-EXIST
10
674.000
20
-546.000
30
2601.000
11
674.000
21
-546.000
31
2601.000
0
LINE
8
TOPO-EXIST
10
670.000
20
-548.000
30
2601.000
11
670.000
21
-548.000
31
2601.000
0
LINE
8
TOPO-EXIST
10
672.000
20
-548.000
30
2601.000
11
670.000
21
-548.000
31
2601.000
0
LINE
8
TOPO-EXIST
10
672.000
20
-548.000
30
2601.000
11
672.000
21
-548.000
31
2601.000
0
LINE
8
TOPO-EXIST
10
604.000
20
-390.000
30
2602.000
11
604.000
21
-390.000
31
2602.000
0
LINE
8
TOPO-EXIST
10
606.000
20
-390.000
30
2602.000
11
604.000
21
-390.000
31
2602.000
0
LINE
8
TOPO-EXIST
10
608.000
20
-390.000
30
2602.000
11
606.000
21
-390.000
31
2602.000
0
LINE
8
TOPO-EXIST
10
608.000
20
-390.000
30
2602.000
11
608.000
21
-390.000
31
2602.000
0
LINE
8
TOPO-EXIST
10
604.000
20
-390.000
30
2602.000
11
604.000
21
-390.000
31
2602.000
0
LINE
8
TOPO-EXIST
10
606.000
20
-392.000
30
2602.000
11
604.000
21
-390.000
31
2602.000
0
LINE
8
TOPO-EXIST
10
608.000
20
-390.000
30
2602.000
11
610.000
21
-392.000
31
2602.000
0
LINE
8
TOPO-EXIST
10
612.000
20
-392.000
30
2602.000
11
610.000
21
-392.000
31
2602.000
0
LINE
8
TOPO-EXIST
10
614.000
20
-392.000
30
2602.000
11
612.000
21
-392.000
31
2602.000
0
LINE
8
TOPO-EXIST
10
616.000
20
-392.000
30
2602.000
11
614.000
21
-392.000
31
2602.000
0
LINE
8
TOPO-EXIST
10
616.000
20
-392.000
30
2602.000
11
616.000
21
-392.000
31
2602.000
0
LINE
8
TOPO-EXIST
10
606.000
20
-392.000
30
2602.000
11
606.000
21
-392.000
31
2602.000
0
LINE
8
TOPO-EXIST
10
608.000
20
-394.000
30
2602.000
11
606.000
21
-392.000
31
2602.000
0
LINE
8
TOPO-EXIST
10
616.000
20
-392.000
30
2602.000
11
616.000
21
-394.000
31
2602.000
0
LINE
8
TOPO-EXIST
10
608.000
20
-394.000
30
2602.000
11
608.000
21
-394.000
31
2602.000
0
LINE
8
TOPO-EXIST
10
610.000
20
-394.000
30
2602.000
11
608.000
21
-394.000
31
2602.000
0
LINE
8
TOPO-EXIST
10
612.000
20
-396.000
30
2602.000
11
610.000
21
-394.000
31
2602.000
0
LINE
8
TOPO-EXIST
10
616.000
20
-394.000
30
2602.000
11
618.000
21
-396.000
31
2602.000
0
LINE
8
TOPO-EXIST
10
618.000
20
-396.000
30
2602.000
11
618.000
21
-396.000
31
2602.000
0
LINE
8
TOPO-EXIST
10
612.000
20
-396.000
30
2602.000
11
612.000
21
-396.000
31
2602.000
0
LINE
8
TOPO-EXIST
10
614.000
20
-398.000
30
2602.000
11
612.000
21
-396.000
31
2602.000
0
LINE
8
TOPO-EXIST
10
618.000
20
-396.000
30
2602.000
11
618.000
21
-398.000
31
2602.000
0
LINE
8
TOPO-EXIST
10
614.000
20
-398.000
30
2602.000
11
614.000
21
-398.000
31
2602.000
0
LINE
8
TOPO-EXIST
10
616.000
20
-400.000
30
2602.000
11
614.000
21
-398.000
31
2602.000
0
LINE
8
TOPO-EXIST
10
618.000
20
-398.000
30
2602.000
11
618.000
21
-400.000
31
2602.000
0
LINE
8
TOPO-EXIST
10
616.000
20
-400.000
30
2602.000
11
616.000
21
-400.000
31
2602.000
0
LINE
8
TOPO-EXIST
10
618.000
20
-400.000
30
2602.000
11
616.000
21
-400.000
31
2602.000
0
LINE
8
TOPO-EXIST
10
618.000
20
-400.000
30
2602.000
11
620.000
21
-402.000
31
2602.000
0
LINE
8
TOPO-EXIST
10
620.000
20
-402.000
30
2602.000
11
618.000
21
-400.000
31
2602.000
0
LINE
8
TOPO-EXIST
10
620.000
20
-402.000
30
2602.000
11
620.000
21
-402.000
31
2602.000
0
LINE
8
TOPO-EXIST
10
620.000
20
-402.000
30
2602.000
11
620.000
21
-402.000
31
2602.000
0
LINE
8
TOPO-EXIST
10
620.000
20
-402.000
30
2602.000
11
620.000
21
-402.000
31
2602.000
0
LINE
8
GRADE-FINISHED
10
442.000
20
-768.000
30
2590.000
11
440.000
21
-768.000
31
2590.000
0
LINE
8
GRADE-FINISHED
10
444.000
20
-768.000
30
2590.000
11
442.000
21
-768.000
31
2590.000
0
LINE
8
GRADE-FINISHED
10
446.000
20
-768.000
30
2590.000
11
444.000
21
-768.000
31
2590.000
0
LINE
8
GRADE-FINISHED
10
448.000
20
-770.000
30
2590.000
11
446.000
21
-768.000
31
2590.000
0
LINE
8
GRADE-FINISHED
10
448.000
20
-770.000
30
2590.000
11
448.000
21
-770.000
31
2590.000
0
LINE
8
GRADE-FINISHED
10
450.000
20
-770.000
30
2590.000
11
448.000
21
-770.000
31
2590.000
0
LINE
8
GRADE-FINISHED
10
452.000
20
-770.000
30
2590.000
11
450.000
21
-770.000
31
2590.000
0
LINE
8
GRADE-FINISHED
10
454.000
20
-772.000
30
2590.000
11
452.000
21
-770.000
31
2590.000
0
LINE
8
GRADE-FINISHED
10
454.000
20
-772.000
30
2590.000
11
454.000
21
-772.000
31
2590.000
0
LINE
8
GRADE-FINISHED
10
456.000
20
-772.000
30
2590.000
11
454.000
21
-772.000
31
2590.000
0
LINE
8
GRADE-FINISHED
10
458.000
20
-772.000
30
2590.000
11
456.000
21
-772.000
31
2590.000
0
LINE
8
GRADE-FINISHED
10
460.000
20
-772.000
30
2590.000
11
458.000
21
-772.000
31
2590.000
0
LINE
8
GRADE-FINISHED
10
462.000
20
-774.000
30
2590.000
11
460.000
21
-772.000
31
2590.000
0
LINE
8
GRADE-FINISHED
10
462.000
20
-774.000
30
2590.000
11
462.000
21
-774.000
31
2590.000
0
LINE
8
GRADE-FINISHED
10
464.000
20
-774.000
30
2590.000
11
462.000
21
-774.000
31
2590.000
0
LINE
8
GRADE-FINISHED
10
466.000
20
-774.000
30
2590.000
11
464.000
21
-774.000
31
2590.000
0
LINE
8
GRADE-FINISHED
10
468.000
20
-776.000
30
2590.000
11
466.000
21
-774.000
31
2590.000
0
LINE
8
GRADE-FINISHED
10
468.000
20
-776.000
30
2590.000
11
468.000
21
-776.000
31
2590.000
0
LINE
8
GRADE-FINISHED
10
470.000
20
-776.000
30
2590.000
11
468.000
21
-776.000
31
2590.000
0
LINE
8
GRADE-FINISHED
10
472.000
20
-776.000
30
2590.000
11
470.000
21
-776.000
31
2590.000
0
LINE
8
GRADE-FINISHED
10
474.000
20
-778.000
30
2590.000
11
472.000
21
-776.000
31
2590.000
0
LINE
8
GRADE-FINISHED
10
474.000
20
-778.000
30
2590.000
11
474.000
21
-778.000
31
2590.000
0
LINE
8
GRADE-FINISHED
10
476.000
20
-778.000
30
2590.000
11
474.000
21
-778.000
31
2590.000
0
LINE
8
GRADE-FINISHED
10
478.000
20
-778.000
30
2590.000
11
476.000
21
-778.000
31
2590.000
0
LINE
8
GRADE-FINISHED
10
480.000
20
-778.000
30
2590.000
11
478.000
21
-778.000
31
2590.000
0
LINE
8
GRADE-FINISHED
10
482.000
20
-780.000
30
2590.000
11
480.000
21
-778.000
31
2590.000
0
LINE
8
GRADE-FINISHED
10
444.000
20
-737.852
30
2591.000
11
442.000
21
-738.000
31
2591.000
0
LINE
8
GRADE-FINISHED
10
445.000
20
-738.000
30
2591.000
11
444.000
21
-737.852
31
2591.000
0
LINE
8
GRADE-FINISHED
10
452.000
20
-737.929
30
2591.000
11
451.500
21
-738.000
31
2591.000
0
LINE
8
GRADE-FINISHED
10
454.000
20
-738.000
30
2591.000
11
452.000
21
-737.929
31
2591.000
0
LINE
8
GRADE-FINISHED
10
442.000
20
-738.000
30
2591.000
11
440.000
21
-738.385
31
2591.000
0
LINE
8
GRADE-FINISHED
10
442.000
20
-738.000
30
2591.000
11
442.000
21
-738.000
31
2591.000
0
LINE
8
GRADE-FINISHED
10
445.000
20
-738.000
30
2591.000
11
446.000
21
-738.148
31
2591.000
0
LINE
8
GRADE-FINISHED
10
448.000
20
-738.593
30
2591.000
11
446.000
21
-738.148
31
2591.000
0
LINE
8
GRADE-FINISHED
10
450.000
20
-738.214
30
2591.000
11
448.000
21
-738.593
31
2591.000
0
LINE
8
GRADE-FINISHED
10
451.500
20
-738.000
30
2591.000
11
450.000
21
-738.214
31
2591.000
0
LINE
8
GRADE-FINISHED
10
454.000
20
-738.000
30
2591.000
11
454.000
21
-738.000
31
2591.000
0
LINE
8
GRADE-FINISHED
10
456.000
20
-738.538
30
2591.000
11
454.000
21
-738.000
31
2591.000
0
LINE
8
GRADE-FINISHED
10
458.000
20
-739.565
30
2591.000
11
456.000
21
-738.538
31
2591.000
0
LINE
8
GRADE-FINISHED
10
458.769
20
-740.000
30
2591.000
11
458.000
21
-739.565
31
2591.000
0
LINE
8
GRADE-FINISHED
10
458.769
20
-740.000
30
2591.000
11
460.000
21
-740.640
31
2591.000
0
LINE
8
GRADE-FINISHED
10
462.000
20
-741.120
30
2591.000
11
460.000
21
-740.640
31
2591.000
0
LINE
8
GRADE-FINISHED
10
464.000
20
-741.385
30
2591.000
11
462.000
21
-741.120
31
2591.000
0
LINE
8
GRADE-FINISHED
10
466.000
20
-742.000
30
2591.000
11
464.000
21
-741.385
31
2591.000
0
LINE
8
GRADE-FINISHED
10
466.000
20
-742.000
30
2591.000
11
466.000
21
-742.000
31
2591.000
0
LINE
8
GRADE-FINISHED
10
468.000
20
-742.909
30
2591.000
11
466.000
21
-742.000
31
2591.000
0
LINE
8
GRADE-FINISHED
10
470.000
20
-743.913
30
2591.000
11
468.000
21
-742.909
31
2591.000
0
LINE
8
GRADE-FINISHED
10
470.222
20
-744.000
30
2591.000
11
470.000
21
-743.913
31
2591.000
0
LINE
8
GRADE-FINISHED
10
470.222
20
-744.000
30
2591.000
11
472.000
21
-744.696
31
2591.000
0
LINE
8
GRADE-FINISHED
10
474.000
20
-745.619
30
2591.000
11
472.000
21
-744.696
31
2591.000
0
LINE
8
GRADE-FINISHED
10
474.267
20
-746.000
30
2591.000
11
474.000
21
-745.619
31
2591.000
0
LINE
8
GRADE-FINISHED
10
474.267
20
-746.000
30
2591.000
11
475.021
21
-748.000
31
2591.000
0
LINE
8
GRADE-FINISHED
10
475.021
20
-748.000
30
2591.000
11
476.000
21
-749.704
31
2591.000
0
LINE
8
GRADE-FINISHED
10
476.471
20
-750.000
30
2591.000
11
476.000
21
-749.704
31
2591.000
0
LINE
8
GRADE-FINISHED
10
476.471
20
-750.000
30
2591.000
11
478.000
21
-750.929
31
2591.000
0
LINE
8
GRADE-FINISHED
10
480.000
20
-751.143
30
2591.000
11
478.000
21
-750.929
31
2591.000
0
LINE
8
GRADE-FINISHED
10
482.000
20
-751.500
30
2591.000
11
480.000
21
-751.143
31
2591.000
0
LINE
8
GRADE-FINISHED
10
484.000
20
-751.769
30
2591.000
11
482.000
21
-751.500
31
2591.000
0
LINE
8
GRADE-FINISHED
10
484.286
20
-752.000
30
2591.000
11
484.000
21
-751.769
31
2591.000
0
LINE
8
GRADE-FINISHED
10
484.286
20
-752.000
30
2591.000
11
485.636
21
-754.000
31
2591.000
0
LINE
8
GRADE-FINISHED
10
485.636
20
-754.000
30
2591.000
11
486.000
21
-754.571
31
2591.000
0
LINE
8
GRADE-FINISHED
10
486.870
20
-756.000
30
2591.000
11
486.000
21
-754.571
31
2591.000
0
LINE
8
GRADE-FINISHED
10
486.870
20
-756.000
30
2591.000
11
488.000
21
-757.857
31
2591.000
0
LINE
8
GRADE-FINISHED
10
488.091
20
-758.000
30
2591.000
11
488.000
21
-757.857
31
2591.000
0
LINE
8
GRADE-FINISHED
10
488.091
20
-758.000
30
2591.000
11
489.364
21
-760.000
31
2591.000
0
LINE
8
GRADE-FINISHED
10
489.364
20
-760.000
30
2591.000
11
490.000
21
-761.000
31
2591.000
0
LINE
8
GRADE-FINISHED
10
490.519
20
-762.000
30
2591.000
11
490.000
21
-761.000
31
2591.000
0
LINE
8
GRADE-FINISHED
10
490.519
20
-762.000
30
2591.000
11
490.667
21
-764.000
31
2591.000
0
LINE
8
GRADE-FINISHED
10
490.667
20
-764.000
30
2591.000
11
490.846
21
-766.000
31
2591.000
0
LINE
8
GRADE-FINISHED
10
490.846
20
-766.000
30
2591.000
11
491.120
21
-768.000
31
2591.000
0
LINE
8
GRADE-FINISHED
10
491.120
20
-768.000
30
2591.000
11
492.000
21
-769.833
31
2591.000
0
LINE
8
GRADE-FINISHED
10
492.400
20
-770.000
30
2591.000
11
492.000
21
-769.833
31
2591.000
0
LINE
8
GRADE-FINISHED
10
492.400
20
-770.000
30
2591.000
11
494.000
21
-770.364
31
2591.000
0
LINE
8
GRADE-FINISHED
10
496.000
20
-770.762
30
2591.000
11
494.000
21
-770.364
31
2591.000
0
LINE
8
GRADE-FINISHED
10
498.000
20
-771.182
30
2591.000
11
496.000
21
-770.762
31
2591.000
0
LINE
8
GRADE-FINISHED
10
500.000
20
-771.619
30
2591.000
11
498.000
21
-771.182
31
2591.000
0
LINE
8
GRADE-FINISHED
10
502.000
20
-772.000
30
2591.000
11
500.000
21
-771.619
31
2591.000
0
LINE
8
GRADE-FINISHED
10
502.000
20
-772.000
30
2591.000
11
502.000
21
-772.000
31
2591.000
0
LINE
8
GRADE-FINISHED
10
503.000
20
-774.000
30
2591.000
11
502.000
21
-772.000
31
2591.000
0
LINE
8
GRADE-FINISHED
10
503.000
20
-774.000
30
2591.000
11
503.818
21
-776.000
31
2591.000
0
LINE
8
GRADE-FINISHED
10
503.818
20
-776.000
30
2591.000
11
504.000
21
-776.500
31
2591.000
0
LINE
8
GRADE-FINISHED
10
504.600
20
-778.000
30
2591.000
11
504.000
21
-776.500
31
2591.000
0
LINE
8
GRADE-FINISHED
10
504.600
20
-778.000
30
2591.000
11
505.400
21
-780.000
31
2591.000
0
LINE
8
GRADE-FINISHED
10
442.000
20
-730.182
30
2592.000
11
440.000
21
-730.200
31
2592.000
0
LINE
8
GRADE-FINISHED
10
444.000
20
-730.174
30
2592.000
11
442.000
21
-730.182
31
2592.000
0
LINE
8
GRADE-FINISHED
10
446.000
20
-730.300
30
2592.000
11
444.000
21
-730.174
31
2592.000
0
LINE
8
GRADE-FINISHED
10
448.000
20
-730.625
30
2592.000
11
446.000
21
-730.300
31
2592.000
0
LINE
8
GRADE-FINISHED
10
450.000
20
-730.588
30
2592.000
11
448.000
21
-730.625
31
2592.000
0
LINE
8
GRADE-FINISHED
10
452.000
20
-730.400
30
2592.000
11
450.000
21
-730.588
31
2592.000
0
LINE
8
GRADE-FINISHED
10
454.000
20
-730.526
30
2592.000
11
452.000
21
-730.400
31
2592.000
0
LINE
8
GRADE-FINISHED
10
456.000
20
-730.588
30
2592.000
11
454.000
21
-730.526
31
2592.000
0
LINE
8
GRADE-FINISHED
10
458.000
20
-731.167
30
2592.000
11
456.000
21
-730.588
31
2592.000
0
LINE
8
GRADE-FINISHED
10
459.667
20
-732.000
30
2592.000
11
458.000
21
-731.167
31
2592.000
0
LINE
8
GRADE-FINISHED
10
459.667
20
-732.000
30
2592.000
11
460.000
21
-732.087
31
2592.000
0
LINE
8
GRADE-FINISHED
10
462.000
20
-732.500
30
2592.000
11
460.000
21
-732.087
31
2592.000
0
LINE
8
GRADE-FINISHED
10
464.000
20
-733.091
30
2592.000
11
462.000
21
-732.500
31
2592.000
0
LINE
8
GRADE-FINISHED
10
466.000
20
-733.600
30
2592.000
11
464.000
21
-733.091
31
2592.000
0
LINE
8
GRADE-FINISHED
10
467.333
20
-734.000
30
2592.000
11
466.000
21
-733.600
31
2592.000
0
LINE
8
GRADE-FINISHED
10
467.333
20
-734.000
30
2592.000
11
468.000
21
-734.100
31
2592.000
0
LINE
8
GRADE-FINISHED
10
470.000
20
-734.625
30
2592.000
11
468.000
21
-734.100
31
2592.000
0
LINE
8
GRADE-FINISHED
10
472.000
20
-735.636
30
2592.000
11
470.000
21
-734.625
31
2592.000
0
LINE
8
GRADE-FINISHED
10
474.000
20
-736.000
30
2592.000
11
472.000
21
-735.636
31
2592.000
0
LINE
8
GRADE-FINISHED
10
474.000
20
-736.000
30
2592.000
11
474.000
21
-736.000
31
2592.000
0
LINE
8
GRADE-FINISHED
10
476.000
20
-737.407
30
2592.000
11
474.000
21
-736.000
31
2592.000
0
LINE
8
GRADE-FINISHED
10
476.327
20
-738.000
30
2592.000
11
476.000
21
-737.407
31
2592.000
0
LINE
8
GRADE-FINISHED
10
476.327
20
-738.000
30
2592.000
11
476.857
21
-740.000
31
2592.000
0
LINE
8
GRADE-FINISHED
10
476.857
20
-740.000
30
2592.000
11
477.308
21
-742.000
31
2592.000
0
LINE
8
GRADE-FINISHED
10
477.308
20
-742.000
30
2592.000
11
478.000
21
-743.929
31
2592.000
0
LINE
8
GRADE-FINISHED
10
478.400
20
-744.000
30
2592.000
11
478.000
21
-743.929
31
2592.000
0
LINE
8
GRADE-FINISHED
10
478.400
20
-744.000
30
2592.000
11
480.000
21
-744.276
31
2592.000
0
LINE
8
GRADE-FINISHED
10
482.000
20
-744.296
30
2592.000
11
480.000
21
-744.276
31
2592.000
0
LINE
8
GRADE-FINISHED
10
484.000
20
-744.500
30
2592.000
11
482.000
21
-744.296
31
2592.000
0
LINE
8
GRADE-FINISHED
10
486.000
20
-744.643
30
2592.000
11
484.000
21
-744.500
31
2592.000
0
LINE
8
GRADE-FINISHED
10
488.000
20
-744.917
30
2592.000
11
486.000
21
-744.643
31
2592.000
0
LINE
8
GRADE-FINISHED
10
489.368
20
-746.000
30
2592.000
11
488.000
21
-744.917
31
2592.000
0
LINE
8
GRADE-FINISHED
10
489.368
20
-746.000
30
2592.000
11
490.000
21
-746.857
31
2592.000
0
LINE
8
GRADE-FINISHED
10
490.727
20
-748.000
30
2592.000
11
490.000
21
-746.857
31
2592.000
0
LINE
8
GRADE-FINISHED
10
490.727
20
-748.000
30
2592.000
11
492.000
21
-750.000
31
2592.000
0
LINE
8
GRADE-FINISHED
10
492.000
20
-750.000
30
2592.000
11
492.000
21
-750.000
31
2592.000
0
LINE
8
GRADE-FINISHED
10
493.217
20
-752.000
30
2592.000
11
492.000
21
-750.000
31
2592.000
0
LINE
8
GRADE-FINISHED
10
493.217
20
-752.000
30
2592.000
11
494.000
21
-753.286
31
2592.000
0
LINE
8
GRADE-FINISHED
10
494.455
20
-754.000
30
2592.000
11
494.000
21
-753.286
31
2592.000
0
LINE
8
GRADE-FINISHED
10
494.455
20
-754.000
30
2592.000
11
495.727
21
-756.000
31
2592.000
0
LINE
8
GRADE-FINISHED
10
495.727
20
-756.000
30
2592.000
11
496.000
21
-756.462
31
2592.000
0
LINE
8
GRADE-FINISHED
10
496.909
20
-758.000
30
2592.000
11
496.000
21
-756.462
31
2592.000
0
LINE
8
GRADE-FINISHED
10
496.909
20
-758.000
30
2592.000
11
497.704
21
-760.000
31
2592.000
0
LINE
8
GRADE-FINISHED
10
497.704
20
-760.000
30
2592.000
11
498.000
21
-761.600
31
2592.000
0
LINE
8
GRADE-FINISHED
10
498.400
20
-762.000
30
2592.000
11
498.000
21
-761.600
31
2592.000
0
LINE
8
GRADE-FINISHED
10
498.400
20
-762.000
30
2592.000
11
500.000
21
-762.364
31
2592.000
0
LINE
8
GRADE-FINISHED
10
502.000
20
-762.762
30
2592.000
11
500.000
21
-762.364
31
2592.000
0
LINE
8
GRADE-FINISHED
10
504.000
20
-763.182
30
2592.000
11
502.000
21
-762.762
31
2592.000
0
LINE
8
GRADE-FINISHED
10
506.000
20
-763.619
30
2592.000
11
504.000
21
-763.182
31
2592.000
0
LINE
8
GRADE-FINISHED
10
508.000
20
-764.000
30
2592.000
11
506.000
21
-763.619
31
2592.000
0
LINE
8
GRADE-FINISHED
10
508.000
20
-764.000
30
2592.000
11
508.000
21
-764.000
31
2592.000
0
LINE
8
GRADE-FINISHED
10
510.000
20
-764.455
30
2592.000
11
508.000
21
-764.000
31
2592.000
0
LINE
8
GRADE-FINISHED
10
512.000
20
-764.857
30
2592.000
11
510.000
21
-764.455
31
2592.000
0
LINE
8
GRADE-FINISHED
10
514.000
20
-765.273
30
2592.000
11
512.000
21
-764.857
31
2592.000
0
LINE
8
GRADE-FINISHED
10
516.000
20
-765.400
30
2592.000
11
514.000
21
-765.273
31
2592.000
0
LINE
8
GRADE-FINISHED
10
517.200
20
-766.000
30
2592.000
11
516.000
21
-765.400
31
2592.000
0
LINE
8
GRADE-FINISHED
10
517.200
20
-766.000
30
2592.000
11
518.000
21
-766.400
31
2592.000
0
LINE
8
GRADE-FINISHED
10
520.000
20
-768.000
30
2592.000
11
518.000
21
-766.400
31
2592.000
0
LINE
8
GRADE-FINISHED
10
520.000
20
-768.000
30
2592.000
11
520.000
21
-768.000
31
2592.000
0
LINE
8
GRADE-FINISHED
10
522.000
20
-770.000
30
2592.000
11
520.000
21
-768.000
31
2592.000
0
LINE
8
GRADE-FINISHED
10
522.000
20
-770.000
30
2592.000
11
522.000
21
-772.000
31
2592.000
0
LINE
8
GRADE-FINISHED
10
522.000
20
-772.000
30
2592.000
11
522.000
21
-772.000
31
2592.000
0
LINE
8
GRADE-FINISHED
10
524.000
20
-774.000
30
2592.000
11
522.000
21
-772.000
31
2592.000
0
LINE
8
GRADE-FINISHED
10
524.000
20
-774.000
30
2592.000
11
524.000
21
-776.000
31
2592.000
0
LINE
8
GRADE-FINISHED
10
524.000
20
-776.000
30
2592.000
11
524.000
21
-778.000
31
2592.000
0
LINE
8
GRADE-FINISHED
10
524.000
20
-778.000
30
2592.000
11
524.000
21
-778.000
31
2592.000
0
LINE
8
GRADE-FINISHED
10
526.000
20
-780.000
30
2592.000
11
524.000
21
-778.000
31
2592.000
0
LINE
8
GRADE-FINISHED
10
558.000
20
-778.000
30
2592.000
11
556.000
21
-780.000
31
2592.000
0
LINE
8
GRADE-FINISHED
10
560.000
20
-778.000
30
2592.000
11
558.000
21
-778.000
31
2592.000
0
LINE
8
GRADE-FINISHED
10
562.000
20
-778.000
30
2592.000
11
560.000
21
-778.000
31
2592.000
0
LINE
8
GRADE-FINISHED
10
564.000
20
-780.000
30
2592.000
11
562.000
21
-778.000
31
2592.000
0
LINE
8
GRADE-FINISHED
10
586.000
20
-534.046
30
2593.000
11
585.919
21
-536.000
31
2593.000
0
LINE
8
GRADE-FINISHED
10
588.000
20
-534.296
30
2593.000
11
586.000
21
-534.046
31
2593.000
0
LINE
8
GRADE-FINISHED
10
590.000
20
-534.546
30
2593.000
11
588.000
21
-534.296
31
2593.000
0
LINE
8
GRADE-FINISHED
10
592.000
20
-534.796
30
2593.000
11
590.000
21
-534.546
31
2593.000
0
LINE
8
GRADE-FINISHED
10
594.000
20
-535.046
30
2593.000
11
592.000
21
-534.796
31
2593.000
0
LINE
8
GRADE-FINISHED
10
596.000
20
-535.296
30
2593.000
11
594.000
21
-535.046
31
2593.000
0
LINE
8
GRADE-FINISHED
10
598.000
20
-535.546
30
2593.000
11
596.000
21
-535.296
31
2593.000
0
LINE
8
GRADE-FINISHED
10
600.000
20
-535.796
30
2593.000
11
598.000
21
-535.546
31
2593.000
0
LINE
8
GRADE-FINISHED
10
601.635
20
-536.000
30
2593.000
11
600.000
21
-535.796
31
2593.000
0
LINE
8
GRADE-FINISHED
10
585.919
20
-536.000
30
2593.000
11
585.842
21
-538.000
31
2593.000
0
LINE
8
GRADE-FINISHED
10
601.635
20
-536.000
30
2593.000
11
602.000
21
-536.046
31
2593.000
0
LINE
8
GRADE-FINISHED
10
604.000
20
-536.296
30
2593.000
11
602.000
21
-536.046
31
2593.000
0
LINE
8
GRADE-FINISHED
10
606.000
20
-536.546
30
2593.000
11
604.000
21
-536.296
31
2593.000
0
LINE
8
GRADE-FINISHED
10
608.000
20
-536.796
30
2593.000
11
606.000
21
-536.546
31
2593.000
0
LINE
8
GRADE-FINISHED
10
610.000
20
-537.046
30
2593.000
11
608.000
21
-536.796
31
2593.000
0
LINE
8
GRADE-FINISHED
10
612.000
20
-537.296
30
2593.000
11
610.000
21
-537.046
31
2593.000
0
LINE
8
GRADE-FINISHED
10
614.000
20
-537.546
30
2593.000
11
612.000
21
-537.296
31
2593.000
0
LINE
8
GRADE-FINISHED
10
616.000
20
-537.796
30
2593.000
11
614.000
21
-537.546
31
2593.000
0
LINE
8
GRADE-FINISHED
10
617.635
20
-538.000
30
2593.000
11
616.000
21
-537.796
31
2593.000
0
LINE
8
GRADE-FINISHED
10
585.842
20
-538.000
30
2593.000
11
585.842
21
-540.000
31
2593.000
0
LINE
8
GRADE-FINISHED
10
617.635
20
-538.000
30
2593.000
11
617.635
21
-540.000
31
2593.000
0
LINE
8
GRADE-FINISHED
10
585.842
20
-540.000
30
2593.000
11
585.842
21
-542.000
31
2593.000
0
LINE
8
GRADE-FINISHED
10
617.635
20
-540.000
30
2593.000
11
617.635
21
-542.000
31
2593.000
0
LINE
8
GRADE-FINISHED
10
585.842
20
-542.000
30
2593.000
11
585.842
21
-544.000
31
2593.000
0
LINE
8
GRADE-FINISHED
10
617.635
20
-542.000
30
2593.000
11
617.635
21
-544.000
31
2593.000
0
LINE
8
GRADE-FINISHED
10
585.842
20
-544.000
30
2593.000
11
585.842
21
-546.000
31
2593.000
0
LINE
8
GRADE-FINISHED
10
617.635
20
-544.000
30
2593.000
11
617.635
21
-546.000
31
2593.000
0
LINE
8
GRADE-FINISHED
10
585.842
20
-546.000
30
2593.000
11
585.842
21
-548.000
31
2593.000
0
LINE
8
GRADE-FINISHED
10
617.635
20
-546.000
30
2593.000
11
617.635
21
-548.000
31
2593.000
0
LINE
8
GRADE-FINISHED
10
585.842
20
-548.000
30
2593.000
11
585.842
21
-550.000
31
2593.000
0
LINE
8
GRADE-FINISHED
10
617.635
20
-548.000
30
2593.000
11
617.635
21
-550.000
31
2593.000
0
LINE
8
GRADE-FINISHED
10
585.842
20
-550.000
30
2593.000
11
585.842
21
-552.000
31
2593.000
0
LINE
8
GRADE-FINISHED
10
617.635
20
-550.000
30
2593.000
11
617.635
21
-552.000
31
2593.000
0
LINE
8
GRADE-FINISHED
10
585.842
20
-552.000
30
2593.000
11
585.842
21
-554.000
31
2593.000
0
LINE
8
GRADE-FINISHED
10
617.635
20
-552.000
30
2593.000
11
617.635
21
-554.000
31
2593.000
0
LINE
8
GRADE-FINISHED
10
585.842
20
-554.000
30
2593.000
11
585.842
21
-556.000
31
2593.000
0
LINE
8
GRADE-FINISHED
10
617.635
20
-554.000
30
2593.000
11
617.635
21
-556.000
31
2593.000
0
LINE
8
GRADE-FINISHED
10
585.842
20
-556.000
30
2593.000
11
585.842
21
-558.000
31
2593.000
0
LINE
8
GRADE-FINISHED
10
617.635
20
-556.000
30
2593.000
11
617.635
21
-558.000
31
2593.000
0
LINE
8
GRADE-FINISHED
10
585.842
20
-558.000
30
2593.000
11
585.842
21
-560.000
31
2593.000
0
LINE
8
GRADE-FINISHED
10
617.635
20
-558.000
30
2593.000
11
617.635
21
-560.000
31
2593.000
0
LINE
8
GRADE-FINISHED
10
585.842
20
-560.000
30
2593.000
11
585.842
21
-562.000
31
2593.000
0
LINE
8
GRADE-FINISHED
10
617.635
20
-560.000
30
2593.000
11
617.635
21
-562.000
31
2593.000
0
LINE
8
GRADE-FINISHED
10
585.842
20
-562.000
30
2593.000
11
585.842
21
-564.000
31
2593.000
0
LINE
8
GRADE-FINISHED
10
617.635
20
-562.000
30
2593.000
11
617.635
21
-564.000
31
2593.000
0
LINE
8
GRADE-FINISHED
10
585.842
20
-564.000
30
2593.000
11
585.842
21
-566.000
31
2593.000
0
LINE
8
GRADE-FINISHED
10
617.635
20
-564.000
30
2593.000
11
617.635
21
-566.000
31
2593.000
0
LINE
8
GRADE-FINISHED
10
585.842
20
-566.000
30
2593.000
11
585.842
21
-568.000
31
2593.000
0
LINE
8
GRADE-FINISHED
10
617.635
20
-566.000
30
2593.000
11
617.635
21
-568.000
31
2593.000
0
LINE
8
GRADE-FINISHED
10
585.842
20
-568.000
30
2593.000
11
585.842
21
-570.000
31
2593.000
0
LINE
8
GRADE-FINISHED
10
617.635
20
-568.000
30
2593.000
11
617.635
21
-570.000
31
2593.000
0
LINE
8
GRADE-FINISHED
10
585.842
20
-570.000
30
2593.000
11
585.842
21
-572.000
31
2593.000
0
LINE
8
GRADE-FINISHED
10
617.635
20
-570.000
30
2593.000
11
617.635
21
-572.000
31
2593.000
0
LINE
8
GRADE-FINISHED
10
585.842
20
-572.000
30
2593.000
11
585.842
21
-574.000
31
2593.000
0
LINE
8
GRADE-FINISHED
10
617.635
20
-572.000
30
2593.000
11
617.635
21
-574.000
31
2593.000
0
LINE
8
GRADE-FINISHED
10
585.842
20
-574.000
30
2593.000
11
585.842
21
-576.000
31
2593.000
0
LINE
8
GRADE-FINISHED
10
617.635
20
-574.000
30
2593.000
11
617.635
21
-576.000
31
2593.000
0
LINE
8
GRADE-FINISHED
10
585.842
20
-576.000
30
2593.000
11
585.842
21
-578.000
31
2593.000
0
LINE
8
GRADE-FINISHED
10
617.635
20
-576.000
30
2593.000
11
617.635
21
-578.000
31
2593.000
0
LINE
8
GRADE-FINISHED
10
585.842
20
-578.000
30
2593.000
11
585.842
21
-580.000
31
2593.000
0
LINE
8
GRADE-FINISHED
10
617.635
20
-578.000
30
2593.000
11
617.635
21
-580.000
31
2593.000
0
LINE
8
GRADE-FINISHED
10
585.842
20
-580.000
30
2593.000
11
585.842
21
-582.000
31
2593.000
0
LINE
8
GRADE-FINISHED
10
617.635
20
-580.000
30
2593.000
11
617.635
21
-582.000
31
2593.000
0
LINE
8
GRADE-FINISHED
10
585.842
20
-582.000
30
2593.000
11
585.842
21
-584.000
31
2593.000
0
LINE
8
GRADE-FINISHED
10
617.635
20
-582.000
30
2593.000
11
617.635
21
-584.000
31
2593.000
0
LINE
8
GRADE-FINISHED
10
585.842
20
-584.000
30
2593.000
11
585.842
21
-586.000
31
2593.000
0
LINE
8
GRADE-FINISHED
10
617.635
20
-584.000
30
2593.000
11
617.635
21
-586.000
31
2593.000
0
LINE
8
GRADE-FINISHED
10
585.842
20
-586.000
30
2593.000
11
585.842
21
-588.000
31
2593.000
0
LINE
8
GRADE-FINISHED
10
617.635
20
-586.000
30
2593.000
11
617.635
21
-588.000
31
2593.000
0
LINE
8
GRADE-FINISHED
10
585.842
20
-588.000
30
2593.000
11
585.842
21
-590.000
31
2593.000
0
LINE
8
GRADE-FINISHED
10
617.635
20
-588.000
30
2593.000
11
617.635
21
-590.000
31
2593.000
0
LINE
8
GRADE-FINISHED
10
585.842
20
-590.000
30
2593.000
11
585.842
21
-592.000
31
2593.000
0
LINE
8
GRADE-FINISHED
10
617.635
20
-590.000
30
2593.000
11
617.635
21
-592.000
31
2593.000
0
LINE
8
GRADE-FINISHED
10
585.842
20
-592.000
30
2593.000
11
585.842
21
-594.000
31
2593.000
0
LINE
8
GRADE-FINISHED
10
617.635
20
-592.000
30
2593.000
11
617.635
21
-594.000
31
2593.000
0
LINE
8
GRADE-FINISHED
10
585.842
20
-594.000
30
2593.000
11
585.842
21
-596.000
31
2593.000
0
LINE
8
GRADE-FINISHED
10
617.635
20
-594.000
30
2593.000
11
617.635
21
-596.000
31
2593.000
0
LINE
8
GRADE-FINISHED
10
585.842
20
-596.000
30
2593.000
11
585.842
21
-598.000
31
2593.000
0
LINE
8
GRADE-FINISHED
10
617.635
20
-596.000
30
2593.000
11
617.635
21
-598.000
31
2593.000
0
LINE
8
GRADE-FINISHED
10
585.842
20
-598.000
30
2593.000
11
585.842
21
-600.000
31
2593.000
0
LINE
8
GRADE-FINISHED
10
617.635
20
-598.000
30
2593.000
11
617.635
21
-600.000
31
2593.000
0
LINE
8
GRADE-FINISHED
10
585.842
20
-600.000
30
2593.000
11
585.842
21
-602.000
31
2593.000
0
LINE
8
GRADE-FINISHED
10
617.635
20
-600.000
30
2593.000
11
617.635
21
-602.000
31
2593.000
0
LINE
8
GRADE-FINISHED
10
585.842
20
-602.000
30
2593.000
11
585.842
21
-604.000
31
2593.000
0
LINE
8
GRADE-FINISHED
10
617.635
20
-602.000
30
2593.000
11
617.635
21
-604.000
31
2593.000
0
LINE
8
GRADE-FINISHED
10
582.000
20
-605.987
30
2593.000
11
581.708
21
-606.000
31
2593.000
0
LINE
8
GRADE-FINISHED
10
584.000
20
-605.905
30
2593.000
11
582.000
21
-605.987
31
2593.000
0
LINE
8
GRADE-FINISHED
10
585.842
20
-604.000
30
2593.000
11
584.000
21
-605.905
31
2593.000
0
LINE
8
GRADE-FINISHED
10
617.635
20
-604.000
30
2593.000
11
617.635
21
-606.000
31
2593.000
0
LINE
8
GRADE-FINISHED
10
581.708
20
-606.000
30
2593.000
11
581.708
21
-608.000
31
2593.000
0
LINE
8
GRADE-FINISHED
10
617.635
20
-606.000
30
2593.000
11
617.635
21
-608.000
31
2593.000
0
LINE
8
GRADE-FINISHED
10
581.708
20
-608.000
30
2593.000
11
581.708
21
-610.000
31
2593.000
0
LINE
8
GRADE-FINISHED
10
617.635
20
-608.000
30
2593.000
11
617.635
21
-610.000
31
2593.000
0
LINE
8
GRADE-FINISHED
10
581.708
20
-610.000
30
2593.000
11
581.708
21
-612.000
31
2593.000
0
LINE
8
GRADE-FINISHED
10
617.635
20
-610.000
30
2593.000
11
617.635
21
-612.000
31
2593.000
0
LINE
8
GRADE-FINISHED
10
581.708
20
-612.000
30
2593.000
11
581.708
21
-614.000
31
2593.000
0
LINE
8
GRADE-FINISHED
10
617.635
20
-612.000
30
2593.000
11
617.635
21
-614.000
31
2593.000
0
LINE
8
GRADE-FINISHED
10
581.708
20
-614.000
30
2593.000
11
581.708
21
-616.000
31
2593.000
0
LINE
8
GRADE-FINISHED
10
617.635
20
-614.000
30
2593.000
11
617.635
21
-616.000
31
2593.000
0
LINE
8
GRADE-FINISHED
10
581.708
20
-616.000
30
2593.000
11
581.708
21
-618.000
31
2593.000
0
LINE
8
GRADE-FINISHED
10
617.635
20
-616.000
30
2593.000
11
617.635
21
-618.000
31
2593.000
0
LINE
8
GRADE-FINISHED
10
581.708
20
-618.000
30
2593.000
11
582.000
21
-618.013
31
2593.000
0
LINE
8
GRADE-FINISHED
10
584.000
20
-618.095
30
2593.000
11
582.000
21
-618.013
31
2593.000
0
LINE
8
GRADE-FINISHED
10
585.842
20
-620.000
30
2593.000
11
584.000
21
-618.095
31
2593.000
0
LINE
8
GRADE-FINISHED
10
617.635
20
-618.000
30
2593.000
11
617.635
21
-620.000
31
2593.000
0
LINE
8
GRADE-FINISHED
10
585.842
20
-620.000
30
2593.000
11
585.842
21
-622.000
31
2593.000
0
LINE
8
GRADE-FINISHED
10
617.635
20
-620.000
30
2593.000
11
617.635
21
-622.000
31
2593.000
0
LINE
8
GRADE-FINISHED
10
585.842
20
-622.000
30
2593.000
11
585.842
21
-624.000
31
2593.000
0
LINE
8
GRADE-FINISHED
10
617.635
20
-622.000
30
2593.000
11
617.635
21
-624.000
31
2593.000
0
LINE
8
GRADE-FINISHED
10
585.842
20
-624.000
30
2593.000
11
585.842
21
-626.000
31
2593.000
0
LINE
8
GRADE-FINISHED
10
617.635
20
-624.000
30
2593.000
11
617.635
21
-626.000
31
2593.000
0
LINE
8
GRADE-FINISHED
10
585.842
20
-626.000
30
2593.000
11
585.842
21
-628.000
31
2593.000
0
LINE
8
GRADE-FINISHED
10
617.635
20
-626.000
30
2593.000
11
617.635
21
-628.000
31
2593.000
0
LINE
8
GRADE-FINISHED
10
585.842
20
-628.000
30
2593.000
11
585.842
21
-630.000
31
2593.000
0
LINE
8
GRADE-FINISHED
10
617.635
20
-628.000
30
2593.000
11
617.635
21
-630.000
31
2593.000
0
LINE
8
GRADE-FINISHED
10
585.842
20
-630.000
30
2593.000
11
585.842
21
-632.000
31
2593.000
0
LINE
8
GRADE-FINISHED
10
617.635
20
-630.000
30
2593.000
11
617.635
21
-632.000
31
2593.000
0
LINE
8
GRADE-FINISHED
10
585.842
20
-632.000
30
2593.000
11
585.842
21
-634.000
31
2593.000
0
LINE
8
GRADE-FINISHED
10
617.635
20
-632.000
30
2593.000
11
617.635
21
-634.000
31
2593.000
0
LINE
8
GRADE-FINISHED
10
585.842
20
-634.000
30
2593.000
11
585.842
21
-636.000
31
2593.000
0
LINE
8
GRADE-FINISHED
10
617.635
20
-634.000
30
2593.000
11
617.635
21
-636.000
31
2593.000
0
LINE
8
GRADE-FINISHED
10
585.842
20
-636.000
30
2593.000
11
585.842
21
-638.000
31
2593.000
0
LINE
8
GRADE-FINISHED
10
617.635
20
-636.000
30
2593.000
11
617.635
21
-638.000
31
2593.000
0
LINE
8
GRADE-FINISHED
10
585.842
20
-638.000
30
2593.000
11
585.842
21
-640.000
31
2593.000
0
LINE
8
GRADE-FINISHED
10
617.635
20
-638.000
30
2593.000
11
617.635
21
-640.000
31
2593.000
0
LINE
8
GRADE-FINISHED
10
585.842
20
-640.000
30
2593.000
11
585.842
21
-642.000
31
2593.000
0
LINE
8
GRADE-FINISHED
10
617.635
20
-640.000
30
2593.000
11
617.635
21
-642.000
31
2593.000
0
LINE
8
GRADE-FINISHED
10
585.842
20
-642.000
30
2593.000
11
585.842
21
-644.000
31
2593.000
0
LINE
8
GRADE-FINISHED
10
617.635
20
-642.000
30
2593.000
11
617.635
21
-644.000
31
2593.000
0
LINE
8
GRADE-FINISHED
10
585.842
20
-644.000
30
2593.000
11
585.842
21
-646.000
31
2593.000
0
LINE
8
GRADE-FINISHED
10
617.635
20
-644.000
30
2593.000
11
617.635
21
-646.000
31
2593.000
0
LINE
8
GRADE-FINISHED
10
585.842
20
-646.000
30
2593.000
11
585.842
21
-648.000
31
2593.000
0
LINE
8
GRADE-FINISHED
10
617.635
20
-646.000
30
2593.000
11
617.635
21
-648.000
31
2593.000
0
LINE
8
GRADE-FINISHED
10
585.842
20
-648.000
30
2593.000
11
585.842
21
-650.000
31
2593.000
0
LINE
8
GRADE-FINISHED
10
617.635
20
-648.000
30
2593.000
11
617.635
21
-650.000
31
2593.000
0
LINE
8
GRADE-FINISHED
10
585.842
20
-650.000
30
2593.000
11
585.842
21
-652.000
31
2593.000
0
LINE
8
GRADE-FINISHED
10
617.635
20
-650.000
30
2593.000
11
617.635
21
-652.000
31
2593.000
0
LINE
8
GRADE-FINISHED
10
585.842
20
-652.000
30
2593.000
11
585.842
21
-654.000
31
2593.000
0
LINE
8
GRADE-FINISHED
10
617.635
20
-652.000
30
2593.000
11
617.635
21
-654.000
31
2593.000
0
LINE
8
GRADE-FINISHED
10
585.842
20
-654.000
30
2593.000
11
585.842
21
-656.000
31
2593.000
0
LINE
8
GRADE-FINISHED
10
617.635
20
-654.000
30
2593.000
11
617.635
21
-656.000
31
2593.000
0
LINE
8
GRADE-FINISHED
10
585.842
20
-656.000
30
2593.000
11
585.842
21
-658.000
31
2593.000
0
LINE
8
GRADE-FINISHED
10
617.635
20
-656.000
30
2593.000
11
617.635
21
-658.000
31
2593.000
0
LINE
8
GRADE-FINISHED
10
442.000
20
-660.000
30
2593.000
11
440.000
21
-658.000
31
2593.000
0
LINE
8
GRADE-FINISHED
10
585.842
20
-658.000
30
2593.000
11
585.842
21
-660.000
31
2593.000
0
LINE
8
GRADE-FINISHED
10
617.635
20
-658.000
30
2593.000
11
617.635
21
-660.000
31
2593.000
0
LINE
8
GRADE-FINISHED
10
442.000
20
-660.000
30
2593.000
11
442.000
21
-660.000
31
2593.000
0
LINE
8
GRADE-FINISHED
10
444.000
20
-662.000
30
2593.000
11
442.000
21
-660.000
31
2593.000
0
LINE
8
GRADE-FINISHED
10
585.842
20
-660.000
30
2593.000
11
585.842
21
-662.000
31
2593.000
0
LINE
8
GRADE-FINISHED
10
617.635
20
-660.000
30
2593.000
11
617.635
21
-662.000
31
2593.000
0
LINE
8
GRADE-FINISHED
10
444.000
20
-662.000
30
2593.000
11
444.000
21
-662.000
31
2593.000
0
LINE
8
GRADE-FINISHED
10
445.333
20
-664.000
30
2593.000
11
444.000
21
-662.000
31
2593.000
0
LINE
8
GRADE-FINISHED
10
585.842
20
-662.000
30
2593.000
11
585.842
21
-664.000
31
2593.000
0
LINE
8
GRADE-FINISHED
10
617.635
20
-662.000
30
2593.000
11
617.635
21
-664.000
31
2593.000
0
LINE
8
GRADE-FINISHED
10
445.333
20
-664.000
30
2593.000
11
446.000
21
-666.000
31
2593.000
0
LINE
8
GRADE-FINISHED
10
585.842
20
-664.000
30
2593.000
11
585.842
21
-666.000
31
2593.000
0
LINE
8
GRADE-FINISHED
10
617.635
20
-664.000
30
2593.000
11
617.635
21
-666.000
31
2593.000
0
LINE
8
GRADE-FINISHED
10
446.000
20
-666.000
30
2593.000
11
446.000
21
-666.000
31
2593.000
0
LINE
8
GRADE-FINISHED
10
448.000
20
-668.000
30
2593.000
11
446.000
21
-666.000
31
2593.000
0
LINE
8
GRADE-FINISHED
10
585.842
20
-666.000
30
2593.000
11
585.842
21
-668.000
31
2593.000
0
LINE
8
GRADE-FINISHED
10
617.635
20
-666.000
30
2593.000
11
617.635
21
-668.000
31
2593.000
0
LINE
8
GRADE-FINISHED
10
448.000
20
-668.000
30
2593.000
11
448.000
21
-670.000
31
2593.000
0
LINE
8
GRADE-FINISHED
10
585.842
20
-668.000
30
2593.000
11
585.842
21
-670.000
31
2593.000
0
LINE
8
GRADE-FINISHED
10
617.635
20
-668.000
30
2593.000
11
617.635
21
-670.000
31
2593.000
0
LINE
8
GRADE-FINISHED
10
448.000
20
-670.000
30
2593.000
11
448.000
21
-672.000
31
2593.000
0
LINE
8
GRADE-FINISHED
10
585.842
20
-670.000
30
2593.000
11
585.842
21
-672.000
31
2593.000
0
LINE
8
GRADE-FINISHED
10
617.635
20
-670.000
30
2593.000
11
617.635
21
-672.000
31
2593.000
0
LINE
8
GRADE-FINISHED
10
448.000
20
-672.000
30
2593.000
11
448.000
21
-672.000
31
2593.000
0
LINE
8
GRADE-FINISHED
10
450.000
20
-674.000
30
2593.000
11
448.000
21
-672.000
31
2593.000
0
LINE
8
GRADE-FINISHED
10
585.842
20
-672.000
30
2593.000
11
585.842
21
-674.000
31
2593.000
0
LINE
8
GRADE-FINISHED
10
617.635
20
-672.000
30
2593.000
11
617.635
21
-674.000
31
2593.000
0
LINE
8
GRADE-FINISHED
10
450.000
20
-674.000
30
2593.000
11
450.000
21
-676.000
31
2593.000
0
LINE
8
GRADE-FINISHED
10
585.842
20
-674.000
30
2593.000
11
585.842
21
-676.000
31
2593.000
0
LINE
8
GRADE-FINISHED
10
617.635
20
-674.000
30
2593.000
11
617.635
21
-676.000
31
2593.000
0
LINE
8
GRADE-FINISHED
10
450.000
20
-676.000
30
2593.000
11
450.000
21
-678.000
31
2593.000
0
LINE
8
GRADE-FINISHED
10
585.842
20
-676.000
30
2593.000
11
585.842
21
-678.000
31
2593.000
0
LINE
8
GRADE-FINISHED
10
617.635
20
-676.000
30
2593.000
11
617.635
21
-678.000
31
2593.000
0
LINE
8
GRADE-FINISHED
10
450.000
20
-678.000
30
2593.000
11
450.000
21
-680.000
31
2593.000
0
LINE
8
GRADE-FINISHED
10
585.842
20
-678.000
30
2593.000
11
585.842
21
-680.000
31
2593.000
0
LINE
8
GRADE-FINISHED
10
617.635
20
-678.000
30
2593.000
11
617.635
21
-680.000
31
2593.000
0
LINE
8
GRADE-FINISHED
10
450.000
20
-680.000
30
2593.000
11
450.000
21
-682.000
31
2593.000
0
LINE
8
GRADE-FINISHED
10
585.842
20
-680.000
30
2593.000
11
585.842
21
-682.000
31
2593.000
0
LINE
8
GRADE-FINISHED
10
617.635
20
-680.000
30
2593.000
11
617.635
21
-682.000
31
2593.000
0
LINE
8
GRADE-FINISHED
10
450.000
20
-682.000
30
2593.000
11
450.000
21
-684.000
31
2593.000
0
LINE
8
GRADE-FINISHED
10
585.842
20
-682.000
30
2593.000
11
585.842
21
-684.000
31
2593.000
0
LINE
8
GRADE-FINISHED
10
617.635
20
-682.000
30
2593.000
11
617.635
21
-684.000
31
2593.000
0
LINE
8
GRADE-FINISHED
10
450.000
20
-684.000
30
2593.000
11
450.000
21
-686.000
31
2593.000
0
LINE
8
GRADE-FINISHED
10
585.842
20
-684.000
30
2593.000
11
585.842
21
-686.000
31
2593.000
0
LINE
8
GRADE-FINISHED
10
617.635
20
-684.000
30
2593.000
11
617.635
21
-686.000
31
2593.000
0
LINE
8
GRADE-FINISHED
10
450.000
20
-686.000
30
2593.000
11
450.000
21
-688.000
31
2593.000
0
LINE
8
GRADE-FINISHED
10
585.842
20
-686.000
30
2593.000
11
585.842
21
-688.000
31
2593.000
0
LINE
8
GRADE-FINISHED
10
617.635
20
-686.000
30
2593.000
11
617.635
21
-688.000
31
2593.000
0
LINE
8
GRADE-FINISHED
10
450.000
20
-688.000
30
2593.000
11
450.000
21
-690.000
31
2593.000
0
LINE
8
GRADE-FINISHED
10
585.842
20
-688.000
30
2593.000
11
585.842
21
-690.000
31
2593.000
0
LINE
8
GRADE-FINISHED
10
617.635
20
-688.000
30
2593.000
11
617.635
21
-690.000
31
2593.000
0
LINE
8
GRADE-FINISHED
10
450.000
20
-690.000
30
2593.000
11
450.000
21
-692.000
31
2593.000
0
LINE
8
GRADE-FINISHED
10
585.842
20
-690.000
30
2593.000
11
585.842
21
-692.000
31
2593.000
0
LINE
8
GRADE-FINISHED
10
617.635
20
-690.000
30
2593.000
11
617.635
21
-692.000
31
2593.000
0
LINE
8
GRADE-FINISHED
10
448.000
20
-694.000
30
2593.000
11
448.000
21
-694.000
31
2593.000
0
LINE
8
GRADE-FINISHED
10
450.000
20
-692.000
30
2593.000
11
448.000
21
-694.000
31
2593.000
0
LINE
8
GRADE-FINISHED
10
585.842
20
-692.000
30
2593.000
11
585.842
21
-694.000
31
2593.000
0
LINE
8
GRADE-FINISHED
10
617.635
20
-692.000
30
2593.000
11
617.635
21
-694.000
31
2593.000
0
LINE
8
GRADE-FINISHED
10
446.000
20
-696.000
30
2593.000
11
446.000
21
-696.000
31
2593.000
0
LINE
8
GRADE-FINISHED
10
448.000
20
-694.000
30
2593.000
11
446.000
21
-696.000
31
2593.000
0
LINE
8
GRADE-FINISHED
10
585.842
20
-694.000
30
2593.000
11
585.842
21
-696.000
31
2593.000
0
LINE
8
GRADE-FINISHED
10
617.635
20
-694.000
30
2593.000
11
617.635
21
-696.000
31
2593.000
0
LINE
8
GRADE-FINISHED
10
444.000
20
-698.000
30
2593.000
11
444.000
21
-698.000
31
2593.000
0
LINE
8
GRADE-FINISHED
10
446.000
20
-696.000
30
2593.000
11
444.000
21
-698.000
31
2593.000
0
LINE
8
GRADE-FINISHED
10
585.842
20
-696.000
30
2593.000
11
585.842
21
-698.000
31
2593.000
0
LINE
8
GRADE-FINISHED
10
617.635
20
-696.000
30
2593.000
11
617.635
21
-698.000
31
2593.000
0
LINE
8
GRADE-FINISHED
10
444.000
20
-698.000
30
2593.000
11
444.000
21
-700.000
31
2593.000
0
LINE
8
GRADE-FINISHED
10
585.842
20
-698.000
30
2593.000
11
585.842
21
-700.000
31
2593.000
0
LINE
8
GRADE-FINISHED
10
617.635
20
-698.000
30
2593.000
11
617.635
21
-700.000
31
2593.000
0
LINE
8
GRADE-FINISHED
10
442.000
20
-702.000
30
2593.000
11
442.000
21
-702.000
31
2593.000
0
LINE
8
GRADE-FINISHED
10
444.000
20
-700.000
30
2593.000
11
442.000
21
-702.000
31
2593.000
0
LINE
8
GRADE-FINISHED
10
585.842
20
-700.000
30
2593.000
11
585.842
21
-702.000
31
2593.000
0
LINE
8
GRADE-FINISHED
10
617.635
20
-700.000
30
2593.000
11
617.635
21
-702.000
31
2593.000
0
LINE
8
GRADE-FINISHED
10
442.000
20
-702.000
30
2593.000
11
440.000
21
-704.000
31
2593.000
0
LINE
8
GRADE-FINISHED
10
585.842
20
-702.000
30
2593.000
11
585.842
21
-704.000
31
2593.000
0
LINE
8
GRADE-FINISHED
10
617.635
20
-702.000
30
2593.000
11
617.635
21
-704.000
31
2593.000
0
LINE
8
GRADE-FINISHED
10
585.842
20
-704.000
30
2593.000
11
585.842
21
-706.000
31
2593.000
0
LINE
8
GRADE-FINISHED
10
617.635
20
-704.000
30
2593.000
11
617.635
21
-706.000
31
2593.000
0
LINE
8
GRADE-FINISHED
10
442.000
20
-708.000
30
2593.000
11
440.000
21
-706.000
31
2593.000
0
LINE
8
GRADE-FINISHED
10
585.842
20
-706.000
30
2593.000
11
585.842
21
-708.000
31
2593.000
0
LINE
8
GRADE-FINISHED
10
617.635
20
-706.000
30
2593.000
11
617.635
21
-708.000
31
2593.000
0
LINE
8
GRADE-FINISHED
10
442.000
20
-708.000
30
2593.000
11
442.000
21
-708.000
31
2593.000
0
LINE
8
GRADE-FINISHED
10
444.000
20
-708.000
30
2593.000
11
442.000
21
-708.000
31
2593.000
0
LINE
8
GRADE-FINISHED
10
446.000
20
-708.000
30
2593.000
11
444.000
21
-708.000
31
2593.000
0
LINE
8
GRADE-FINISHED
10
448.000
20
-708.000
30
2593.000
11
446.000
21
-708.000
31
2593.000
0
LINE
8
GRADE-FINISHED
10
450.000
20
-708.000
30
2593.000
11
448.000
21
-708.000
31
2593.000
0
LINE
8
GRADE-FINISHED
10
452.000
20
-708.000
30
2593.000
11
450.000
21
-708.000
31
2593.000
0
LINE
8
GRADE-FINISHED
10
454.000
20
-708.000
30
2593.000
11
452.000
21
-708.000
31
2593.000
0
LINE
8
GRADE-FINISHED
10
456.000
20
-708.000
30
2593.000
11
454.000
21
-708.000
31
2593.000
0
LINE
8
GRADE-FINISHED
10
458.000
20
-708.000
30
2593.000
11
456.000
21
-708.000
31
2593.000
0
LINE
8
GRADE-FINISHED
10
460.000
20
-708.000
30
2593.000
11
458.000
21
-708.000
31
2593.000
0
LINE
8
GRADE-FINISHED
10
462.000
20
-708.000
30
2593.000
11
460.000
21
-708.000
31
2593.000
0
LINE
8
GRADE-FINISHED
10
464.000
20
-710.000
30
2593.000
11
462.000
21
-708.000
31
2593.000
0
LINE
8
GRADE-FINISHED
10
585.842
20
-708.000
30
2593.000
11
586.000
21
-708.633
31
2593.000
0
LINE
8
GRADE-FINISHED
10
588.000
20
-708.593
30
2593.000
11
586.000
21
-708.633
31
2593.000
0
LINE
8
GRADE-FINISHED
10
590.000
20
-709.018
30
2593.000
11
588.000
21
-708.593
31
2593.000
0
LINE
8
GRADE-FINISHED
10
591.454
20
-710.000
30
2593.000
11
590.000
21
-709.018
31
2593.000
0
LINE
8
GRADE-FINISHED
10
617.635
20
-708.000
30
2593.000
11
618.000
21
-710.000
31
2593.000
0
LINE
8
GRADE-FINISHED
10
464.000
20
-710.000
30
2593.000
11
464.000
21
-710.000
31
2593.000
0
LINE
8
GRADE-FINISHED
10
466.000
20
-710.000
30
2593.000
11
464.000
21
-710.000
31
2593.000
0
LINE
8
GRADE-FINISHED
10
468.000
20
-712.000
30
2593.000
11
466.000
21
-710.000
31
2593.000
0
LINE
8
GRADE-FINISHED
10
590.000
20
-711.344
30
2593.000
11
589.735
21
-712.000
31
2593.000
0
LINE
8
GRADE-FINISHED
10
591.454
20
-710.000
30
2593.000
11
590.000
21
-711.344
31
2593.000
0
LINE
8
GRADE-FINISHED
10
618.000
20
-710.000
30
2593.000
11
618.000
21
-710.000
31
2593.000
0
LINE
8
GRADE-FINISHED
10
620.000
20
-712.000
30
2593.000
11
618.000
21
-710.000
31
2593.000
0
LINE
8
GRADE-FINISHED
10
468.000
20
-712.000
30
2593.000
11
468.000
21
-712.000
31
2593.000
0
LINE
8
GRADE-FINISHED
10
470.000
20
-712.000
30
2593.000
11
468.000
21
-712.000
31
2593.000
0
LINE
8
GRADE-FINISHED
10
472.000
20
-712.000
30
2593.000
11
470.000
21
-712.000
31
2593.000
0
LINE
8
GRADE-FINISHED
10
474.000
20
-714.000
30
2593.000
11
472.000
21
-712.000
31
2593.000
0
LINE
8
GRADE-FINISHED
10
588.000
20
-713.704
30
2593.000
11
587.286
21
-714.000
31
2593.000
0
LINE
8
GRADE-FINISHED
10
589.735
20
-712.000
30
2593.000
11
588.000
21
-713.704
31
2593.000
0
LINE
8
GRADE-FINISHED
10
620.000
20
-712.000
30
2593.000
11
620.000
21
-712.000
31
2593.000
0
LINE
8
GRADE-FINISHED
10
622.000
20
-714.000
30
2593.000
11
620.000
21
-712.000
31
2593.000
0
LINE
8
GRADE-FINISHED
10
474.000
20
-714.000
30
2593.000
11
474.000
21
-714.000
31
2593.000
0
LINE
8
GRADE-FINISHED
10
476.000
20
-716.000
30
2593.000
11
474.000
21
-714.000
31
2593.000
0
LINE
8
GRADE-FINISHED
10
568.000
20
-715.943
30
2593.000
11
566.000
21
-716.000
31
2593.000
0
LINE
8
GRADE-FINISHED
10
570.000
20
-715.838
30
2593.000
11
568.000
21
-715.943
31
2593.000
0
LINE
8
GRADE-FINISHED
10
572.000
20
-715.744
30
2593.000
11
570.000
21
-715.838
31
2593.000
0
LINE
8
GRADE-FINISHED
10
574.000
20
-715.679
30
2593.000
11
572.000
21
-715.744
31
2593.000
0
LINE
8
GRADE-FINISHED
10
576.000
20
-715.600
30
2593.000
11
574.000
21
-715.679
31
2593.000
0
LINE
8
GRADE-FINISHED
10
578.000
20
-715.528
30
2593.000
11
576.000
21
-715.600
31
2593.000
0
LINE
8
GRADE-FINISHED
10
580.000
20
-715.463
30
2593.000
11
578.000
21
-715.528
31
2593.000
0
LINE
8
GRADE-FINISHED
10
582.000
20
-715.479
30
2593.000
11
580.000
21
-715.463
31
2593.000
0
LINE
8
GRADE-FINISHED
10
584.000
20
-715.511
30
2593.000
11
582.000
21
-715.479
31
2593.000
0
LINE
8
GRADE-FINISHED
10
586.000
20
-715.142
30
2593.000
11
584.000
21
-715.511
31
2593.000
0
LINE
8
GRADE-FINISHED
10
587.286
20
-714.000
30
2593.000
11
586.000
21
-715.142
31
2593.000
0
LINE
8
GRADE-FINISHED
10
622.000
20
-714.000
30
2593.000
11
622.000
21
-714.000
31
2593.000
0
LINE
8
GRADE-FINISHED
10
624.000
20
-716.000
30
2593.000
11
622.000
21
-714.000
31
2593.000
0
LINE
8
GRADE-FINISHED
10
476.000
20
-716.000
30
2593.000
11
476.000
21
-716.000
31
2593.000
0
LINE
8
GRADE-FINISHED
10
478.000
20
-718.000
30
2593.000
11
476.000
21
-716.000
31
2593.000
0
LINE
8
GRADE-FINISHED
10
564.000
20
-716.000
30
2593.000
11
562.000
21
-718.000
31
2593.000
0
LINE
8
GRADE-FINISHED
10
566.000
20
-716.000
30
2593.000
11
564.000
21
-716.000
31
2593.000
0
LINE
8
GRADE-FINISHED
10
566.000
20
-716.000
30
2593.000
11
566.000
21
-716.000
31
2593.000
0
LINE
8
GRADE-FINISHED
10
624.000
20
-716.000
30
2593.000
11
624.000
21
-716.000
31
2593.000
0
LINE
8
GRADE-FINISHED
10
626.000
20
-718.000
30
2593.000
11
624.000
21
-716.000
31
2593.000
0
LINE
8
GRADE-FINISHED
10
478.000
20
-718.000
30
2593.000
11
478.000
21
-718.000
31
2593.000
0
LINE
8
GRADE-FINISHED
10
480.000
20
-720.000
30
2593.000
11
478.000
21
-718.000
31
2593.000
0
LINE
8
GRADE-FINISHED
10
562.000
20
-718.000
30
2593.000
11
560.000
21
-720.000
31
2593.000
0
LINE
8
GRADE-FINISHED
10
562.000
20
-718.000
30
2593.000
11
562.000
21
-718.000
31
2593.000
0
LINE
8
GRADE-FINISHED
10
626.000
20
-718.000
30
2593.000
11
626.000
21
-718.000
31
2593.000
0
LINE
8
GRADE-FINISHED
10
628.000
20
-720.000
30
2593.000
11
626.000
21
-718.000
31
2593.000
0
LINE
8
GRADE-FINISHED
10
480.000
20
-720.000
30
2593.000
11
480.000
21
-720.000
31
2593.000
0
LINE
8
GRADE-FINISHED
10
482.000
20
-722.000
30
2593.000
11
480.000
21
-720.000
31
2593.000
0
LINE
8
GRADE-FINISHED
10
558.000
20
-720.000
30
2593.000
11
556.000
21
-722.000
31
2593.000
0
LINE
8
GRADE-FINISHED
10
560.000
20
-720.000
30
2593.000
11
558.000
21
-720.000
31
2593.000
0
LINE
8
GRADE-FINISHED
10
560.000
20
-720.000
30
2593.000
11
560.000
21
-720.000
31
2593.000
0
LINE
8
GRADE-FINISHED
10
628.000
20
-720.000
30
2593.000
11
628.000
21
-720.000
31
2593.000
0
LINE
8
GRADE-FINISHED
10
630.000
20
-722.000
30
2593.000
11
628.000
21
-720.000
31
2593.000
0
LINE
8
GRADE-FINISHED
10
482.000
20
-722.000
30
2593.000
11
482.000
21
-724.000
31
2593.000
0
LINE
8
GRADE-FINISHED
10
556.000
20
-722.000
30
2593.000
11
554.000
21
-724.000
31
2593.000
0
LINE
8
GRADE-FINISHED
10
556.000
20
-722.000
30
2593.000
11
556.000
21
-722.000
31
2593.000
0
LINE
8
GRADE-FINISHED
10
630.000
20
-722.000
30
2593.000
11
630.000
21
-722.000
31
2593.000
0
LINE
8
GRADE-FINISHED
10
632.000
20
-724.000
30
2593.000
11
630.000
21
-722.000
31
2593.000
0
LINE
8
GRADE-FINISHED
10
482.000
20
-724.000
30
2593.000
11
482.000
21
-726.000
31
2593.000
0
LINE
8
GRADE-FINISHED
10
552.000
20
-724.000
30
2593.000
11
550.000
21
-726.000
31
2593.000
0
LINE
8
GRADE-FINISHED
10
554.000
20
-724.000
30
2593.000
11
552.000
21
-724.000
31
2593.000
0
LINE
8
GRADE-FINISHED
10
554.000
20
-724.000
30
2593.000
11
554.000
21
-724.000
31
2593.000
0
LINE
8
GRADE-FINISHED
10
632.000
20
-724.000
30
2593.000
11
632.000
21
-724.000
31
2593.000
0
LINE
8
GRADE-FINISHED
10
634.000
20
-726.000
30
2593.000
11
632.000
21
-724.000
31
2593.000
0
LINE
8
GRADE-FINISHED
10
482.000
20
-726.000
30
2593.000
11
482.000
21
-728.000
31
2593.000
0
LINE
8
GRADE-FINISHED
10
550.000
20
-726.000
30
2593.000
11
548.000
21
-728.000
31
2593.000
0
LINE
8
GRADE-FINISHED
10
550.000
20
-726.000
30
2593.000
11
550.000
21
-726.000
31
2593.000
0
LINE
8
GRADE-FINISHED
10
634.000
20
-726.000
30
2593.000
11
634.000
21
-726.000
31
2593.000
0
LINE
8
GRADE-FINISHED
10
636.000
20
-728.000
30
2593.000
11
634.000
21
-726.000
31
2593.000
0
LINE
8
GRADE-FINISHED
10
482.000
20
-728.000
30
2593.000
11
482.000
21
-730.000
31
2593.000
0
LINE
8
GRADE-FINISHED
10
546.000
20
-728.000
30
2593.000
11
544.000
21
-730.000
31
2593.000
0
LINE
8
GRADE-FINISHED
10
548.000
20
-728.000
30
2593.000
11
546.000
21
-728.000
31
2593.000
0
LINE
8
GRADE-FINISHED
10
548.000
20
-728.000
30
2593.000
11
548.000
21
-728.000
31
2593.000
0
LINE
8
GRADE-FINISHED
10
636.000
20
-728.000
30
2593.000
11
636.000
21
-730.000
31
2593.000
0
LINE
8
GRADE-FINISHED
10
482.000
20
-730.000
30
2593.000
11
482.000
21
-732.000
31
2593.000
0
LINE
8
GRADE-FINISHED
10
544.000
20
-730.000
30
2593.000
11
544.000
21
-732.000
31
2593.000
0
LINE
8
GRADE-FINISHED
10
636.000
20
-730.000
30
2593.000
11
636.000
21
-730.000
31
2593.000
0
LINE
8
GRADE-FINISHED
10
638.000
20
-732.000
30
2593.000
11
636.000
21
-730.000
31
2593.000
0
LINE
8
GRADE-FINISHED
10
482.000
20
-732.000
30
2593.000
11
482.000
21
-734.000
31
2593.000
0
LINE
8
GRADE-FINISHED
10
544.000
20
-732.000
30
2593.000
11
544.000
21
-734.000
31
2593.000
0
LINE
8
GRADE-FINISHED
10
638.000
20
-732.000
30
2593.000
11
638.000
21
-734.000
31
2593.000
0
LINE
8
GRADE-FINISHED
10
482.000
20
-734.000
30
2593.000
11
482.000
21
-736.000
31
2593.000
0
LINE
8
GRADE-FINISHED
10
544.000
20
-734.000
30
2593.000
11
544.000
21
-736.000
31
2593.000
0
LINE
8
GRADE-FINISHED
10
638.000
20
-734.000
30
2593.000
11
638.000
21
-736.000
31
2593.000
0
LINE
8
GRADE-FINISHED
10
482.000
20
-736.000
30
2593.000
11
482.000
21
-736.000
31
2593.000
0
LINE
8
GRADE-FINISHED
10
484.000
20
-736.000
30
2593.000
11
482.000
21
-736.000
31
2593.000
0
LINE
8
GRADE-FINISHED
10
486.000
20
-736.000
30
2593.000
11
484.000
21
-736.000
31
2593.000
0
LINE
8
GRADE-FINISHED
10
488.000
20
-736.000
30
2593.000
11
486.000
21
-736.000
31
2593.000
0
LINE
8
GRADE-FINISHED
10
490.000
20
-736.000
30
2593.000
11
488.000
21
-736.000
31
2593.000
0
LINE
8
GRADE-FINISHED
10
492.000
20
-738.000
30
2593.000
11
490.000
21
-736.000
31
2593.000
0
LINE
8
GRADE-FINISHED
10
544.000
20
-736.000
30
2593.000
11
542.000
21
-738.000
31
2593.000
0
LINE
8
GRADE-FINISHED
10
544.000
20
-736.000
30
2593.000
11
544.000
21
-736.000
31
2593.000
0
LINE
8
GRADE-FINISHED
10
638.000
20
-736.000
30
2593.000
11
638.000
21
-738.000
31
2593.000
0
LINE
8
GRADE-FINISHED
10
492.000
20
-738.000
30
2593.000
11
492.000
21
-738.000
31
2593.000
0
LINE
8
GRADE-FINISHED
10
494.000
20
-738.000
30
2593.000
11
492.000
21
-738.000
31
2593.000
0
LINE
8
GRADE-FINISHED
10
496.000
20
-738.000
30
2593.000
11
494.000
21
-738.000
31
2593.000
0
LINE
8
GRADE-FINISHED
10
498.000
20
-740.000
30
2593.000
11
496.000
21
-738.000
31
2593.000
0
LINE
8
GRADE-FINISHED
10
542.000
20
-738.000
30
2593.000
11
542.000
21
-740.000
31
2593.000
0
LINE
8
GRADE-FINISHED
10
638.000
20
-738.000
30
2593.000
11
638.000
21
-740.000
31
2593.000
0
LINE
8
GRADE-FINISHED
10
498.000
20
-740.000
30
2593.000
11
498.000
21
-740.000
31
2593.000
0
LINE
8
GRADE-FINISHED
10
500.000
20
-740.000
30
2593.000
11
498.000
21
-740.000
31
2593.000
0
LINE
8
GRADE-FINISHED
10
502.000
20
-742.000
30
2593.000
11
500.000
21
-740.000
31
2593.000
0
LINE
8
GRADE-FINISHED
10
542.000
20
-740.000
30
2593.000
11
542.000
21
-742.000
31
2593.000
0
LINE
8
GRADE-FINISHED
10
638.000
20
-740.000
30
2593.000
11
638.000
21
-742.000
31
2593.000
0
LINE
8
GRADE-FINISHED
10
502.000
20
-742.000
30
2593.000
11
502.000
21
-742.000
31
2593.000
0
LINE
8
GRADE-FINISHED
10
504.000
20
-744.000
30
2593.000
11
502.000
21
-742.000
31
2593.000
0
LINE
8
GRADE-FINISHED
10
542.000
20
-742.000
30
2593.000
11
542.000
21
-744.000
31
2593.000
0
LINE
8
GRADE-FINISHED
10
638.000
20
-742.000
30
2593.000
11
638.000
21
-744.000
31
2593.000
0
LINE
8
GRADE-FINISHED
10
504.000
20
-744.000
30
2593.000
11
504.000
21
-744.000
31
2593.000
0
LINE
8
GRADE-FINISHED
10
506.000
20
-746.000
30
2593.000
11
504.000
21
-744.000
31
2593.000
0
LINE
8
GRADE-FINISHED
10
534.000
20
-744.000
30
2593.000
11
532.000
21
-746.000
31
2593.000
0
LINE
8
GRADE-FINISHED
10
536.000
20
-744.000
30
2593.000
11
534.000
21
-744.000
31
2593.000
0
LINE
8
GRADE-FINISHED
10
538.000
20
-744.000
30
2593.000
11
536.000
21
-744.000
31
2593.000
0
LINE
8
GRADE-FINISHED
10
540.000
20
-744.000
30
2593.000
11
538.000
21
-744.000
31
2593.000
0
LINE
8
GRADE-FINISHED
10
542.000
20
-744.000
30
2593.000
11
540.000
21
-744.000
31
2593.000
0
LINE
8
GRADE-FINISHED
10
542.000
20
-744.000
30
2593.000
11
542.000
21
-744.000
31
2593.000
0
LINE
8
GRADE-FINISHED
10
638.000
20
-744.000
30
2593.000
11
638.000
21
-746.000
31
2593.000
0
LINE
8
GRADE-FINISHED
10
506.000
20
-746.000
30
2593.000
11
506.000
21
-746.000
31
2593.000
0
LINE
8
GRADE-FINISHED
10
508.000
20
-746.000
30
2593.000
11
506.000
21
-746.000
31
2593.000
0
LINE
8
GRADE-FINISHED
10
510.000
20
-748.000
30
2593.000
11
508.000
21
-746.000
31
2593.000
0
LINE
8
GRADE-FINISHED
10
514.000
20
-746.000
30
2593.000
11
512.000
21
-748.000
31
2593.000
0
LINE
8
GRADE-FINISHED
10
516.000
20
-746.000
30
2593.000
11
514.000
21
-746.000
31
2593.000
0
LINE
8
GRADE-FINISHED
10
518.000
20
-746.000
30
2593.000
11
516.000
21
-746.000
31
2593.000
0
LINE
8
GRADE-FINISHED
10
520.000
20
-746.000
30
2593.000
11
518.000
21
-746.000
31
2593.000
0
LINE
8
GRADE-FINISHED
10
522.000
20
-746.000
30
2593.000
11
520.000
21
-746.000
31
2593.000
0
LINE
8
GRADE-FINISHED
10
524.000
20
-746.000
30
2593.000
11
522.000
21
-746.000
31
2593.000
0
LINE
8
GRADE-FINISHED
10
526.000
20
-746.000
30
2593.000
11
524.000
21
-746.000
31
2593.000
0
LINE
8
GRADE-FINISHED
10
528.000
20
-746.000
30
2593.000
11
526.000
21
-746.000
31
2593.000
0
LINE
8
GRADE-FINISHED
10
530.000
20
-746.000
30
2593.000
11
528.000
21
-746.000
31
2593.000
0
LINE
8
GRADE-FINISHED
10
532.000
20
-746.000
30
2593.000
11
530.000
21
-746.000
31
2593.000
0
LINE
8
GRADE-FINISHED
10
532.000
20
-746.000
30
2593.000
11
532.000
21
-746.000
31
2593.000
0
LINE
8
GRADE-FINISHED
10
638.000
20
-746.000
30
2593.000
11
638.000
21
-746.000
31
2593.000
0
LINE
8
GRADE-FINISHED
10
640.000
20
-748.000
30
2593.000
11
638.000
21
-746.000
31
2593.000
0
LINE
8
GRADE-FINISHED
10
510.000
20
-748.000
30
2593.000
11
510.000
21
-748.000
31
2593.000
0
LINE
8
GRADE-FINISHED
10
512.000
20
-748.000
30
2593.000
11
510.000
21
-748.000
31
2593.000
0
LINE
8
GRADE-FINISHED
10
512.000
20
-748.000
30
2593.000
11
512.000
21
-748.000
31
2593.000
0
LINE
8
GRADE-FINISHED
10
640.000
20
-748.000
30
2593.000
11
640.000
21
-750.000
31
2593.000
0
LINE
8
GRADE-FINISHED
10
512.000
20
-752.000
30
2593.000
11
512.000
21
-752.000
31
2593.000
0
LINE
8
GRADE-FINISHED
10
512.000
20
-752.000
30
2593.000
11
512.000
21
-752.000
31
2593.000
0
LINE
8
GRADE-FINISHED
10
640.000
20
-750.000
30
2593.000
11
640.000
21
-752.000
31
2593.000
0
LINE
8
GRADE-FINISHED
10
512.000
20
-752.000
30
2593.000
11
512.000
21
-752.000
31
2593.000
0
LINE
8
GRADE-FINISHED
10
512.000
20
-752.000
30
2593.000
11
512.000
21
-752.000
31
2593.000
0
LINE
8
GRADE-FINISHED
10
640.000
20
-752.000
30
2593.000
11
640.000
21
-754.000
31
2593.000
0
LINE
8
GRADE-FINISHED
10
640.000
20
-754.000
30
2593.000
11
640.000
21
-756.000
31
2593.000
0
LINE
8
GRADE-FINISHED
10
640.000
20
-756.000
30
2593.000
11
640.000
21
-758.000
31
2593.000
0
LINE
8
GRADE-FINISHED
10
640.000
20
-758.000
30
2593.000
11
640.000
21
-760.000
31
2593.000
0
LINE
8
GRADE-FINISHED
10
640.000
20
-760.000
30
2593.000
11
640.000
21
-762.000
31
2593.000
0
LINE
8
GRADE-FINISHED
10
640.000
20
-762.000
30
2593.000
11
640.000
21
-762.000
31
2593.000
0
LINE
8
GRADE-FINISHED
10
642.000
20
-764.000
30
2593.000
11
640.000
21
-762.000
31
2593.000
0
LINE
8
GRADE-FINISHED
10
642.000
20
-764.000
30
2593.000
11
642.000
21
-764.000
31
2593.000
0
LINE
8
GRADE-FINISHED
10
644.000
20
-766.000
30
2593.000
11
642.000
21
-764.000
31
2593.000
0
LINE
8
GRADE-FINISHED
10
644.000
20
-766.000
30
2593.000
11
644.000
21
-766.000
31
2593.000
0
LINE
8
GRADE-FINISHED
10
646.000
20
-768.000
30
2593.000
11
644.000
21
-766.000
31
2593.000
0
LINE
8
GRADE-FINISHED
10
646.000
20
-768.000
30
2593.000
11
646.000
21
-768.000
31
2593.000
0
LINE
8
GRADE-FINISHED
10
648.000
20
-770.000
30
2593.000
11
646.000
21
-768.000
31
2593.000
0
LINE
8
GRADE-FINISHED
10
648.000
20
-770.000
30
2593.000
11
648.000
21
-770.000
31
2593.000
0
LINE
8
GRADE-FINISHED
10
650.000
20
-772.000
30
2593.000
11
648.000
21
-770.000
31
2593.000
0
LINE
8
GRADE-FINISHED
10
650.000
20
-772.000
30
2593.000
11
650.000
21
-772.000
31
2593.000
0
LINE
8
GRADE-FINISHED
10
651.333
20
-774.000
30
2593.000
11
650.000
21
-772.000
31
2593.000
0
LINE
8
GRADE-FINISHED
10
651.333
20
-774.000
30
2593.000
11
652.000
21
-776.000
31
2593.000
0
LINE
8
GRADE-FINISHED
10
652.000
20
-776.000
30
2593.000
11
652.000
21
-776.000
31
2593.000
0
LINE
8
GRADE-FINISHED
10
654.000
20
-778.000
30
2593.000
11
652.000
21
-776.000
31
2593.000
0
LINE
8
GRADE-FINISHED
10
654.000
20
-778.000
30
2593.000
11
654.000
21
-780.000
31
2593.000
0
LINE
8
GRADE-FINISHED
10
586.000
20
-521.546
30
2594.000
11
585.973
21
-522.000
31
2594.000
0
LINE
8
GRADE-FINISHED
10
588.000
20
-521.796
30
2594.000
11
586.000
21
-521.546
31
2594.000
0
LINE
8
GRADE-FINISHED
10
589.635
20
-522.000
30
2594.000
11
588.000
21
-521.796
31
2594.000
0
LINE
8
GRADE-FINISHED
10
585.973
20
-522.000
30
2594.000
11
585.864
21
-524.000
31
2594.000
0
LINE
8
GRADE-FINISHED
10
589.635
20
-522.000
30
2594.000
11
590.000
21
-522.046
31
2594.000
0
LINE
8
GRADE-FINISHED
10
592.000
20
-522.296
30
2594.000
11
590.000
21
-522.046
31
2594.000
0
LINE
8
GRADE-FINISHED
10
594.000
20
-522.546
30
2594.000
11
592.000
21
-522.296
31
2594.000
0
LINE
8
GRADE-FINISHED
10
596.000
20
-522.796
30
2594.000
11
594.000
21
-522.546
31
2594.000
0
LINE
8
GRADE-FINISHED
10
598.000
20
-523.046
30
2594.000
11
596.000
21
-522.796
31
2594.000
0
LINE
8
GRADE-FINISHED
10
600.000
20
-523.296
30
2594.000
11
598.000
21
-523.046
31
2594.000
0
LINE
8
GRADE-FINISHED
10
602.000
20
-523.546
30
2594.000
11
600.000
21
-523.296
31
2594.000
0
LINE
8
GRADE-FINISHED
10
604.000
20
-523.796
30
2594.000
11
602.000
21
-523.546
31
2594.000
0
LINE
8
GRADE-FINISHED
10
605.635
20
-524.000
30
2594.000
11
604.000
21
-523.796
31
2594.000
0
LINE
8
GRADE-FINISHED
10
585.864
20
-524.000
30
2594.000
11
585.765
21
-526.000
31
2594.000
0
LINE
8
GRADE-FINISHED
10
605.635
20
-524.000
30
2594.000
11
606.000
21
-524.046
31
2594.000
0
LINE
8
GRADE-FINISHED
10
608.000
20
-524.296
30
2594.000
11
606.000
21
-524.046
31
2594.000
0
LINE
8
GRADE-FINISHED
10
610.000
20
-524.546
30
2594.000
11
608.000
21
-524.296
31
2594.000
0
LINE
8
GRADE-FINISHED
10
612.000
20
-524.796
30
2594.000
11
610.000
21
-524.546
31
2594.000
0
LINE
8
GRADE-FINISHED
10
614.000
20
-525.046
30
2594.000
11
612.000
21
-524.796
31
2594.000
0
LINE
8
GRADE-FINISHED
10
616.000
20
-525.296
30
2594.000
11
614.000
21
-525.046
31
2594.000
0
LINE
8
GRADE-FINISHED
10
618.000
20
-525.546
30
2594.000
11
616.000
21
-525.296
31
2594.000
0
LINE
8
GRADE-FINISHED
10
620.000
20
-525.796
30
2594.000
11
618.000
21
-525.546
31
2594.000
0
LINE
8
GRADE-FINISHED
10
621.635
20
-526.000
30
2594.000
11
620.000
21
-525.796
31
2594.000
0
LINE
8
GRADE-FINISHED
10
585.765
20
-526.000
30
2594.000
11
585.677
21
-528.000
31
2594.000
0
LINE
8
GRADE-FINISHED
10
621.635
20
-526.000
30
2594.000
11
622.000
21
-526.046
31
2594.000
0
LINE
8
GRADE-FINISHED
10
624.000
20
-526.296
30
2594.000
11
622.000
21
-526.046
31
2594.000
0
LINE
8
GRADE-FINISHED
10
626.000
20
-526.546
30
2594.000
11
624.000
21
-526.296
31
2594.000
0
LINE
8
GRADE-FINISHED
10
628.000
20
-526.796
30
2594.000
11
626.000
21
-526.546
31
2594.000
0
LINE
8
GRADE-FINISHED
10
630.000
20
-527.046
30
2594.000
11
628.000
21
-526.796
31
2594.000
0
LINE
8
GRADE-FINISHED
10
632.000
20
-527.296
30
2594.000
11
630.000
21
-527.046
31
2594.000
0
LINE
8
GRADE-FINISHED
10
634.000
20
-527.546
30
2594.000
11
632.000
21
-527.296
31
2594.000
0
LINE
8
GRADE-FINISHED
10
635.913
20
-528.000
30
2594.000
11
634.000
21
-527.546
31
2594.000
0
LINE
8
GRADE-FINISHED
10
585.677
20
-528.000
30
2594.000
11
585.597
21
-530.000
31
2594.000
0
LINE
8
GRADE-FINISHED
10
635.913
20
-528.000
30
2594.000
11
636.000
21
-528.021
31
2594.000
0
LINE
8
GRADE-FINISHED
10
638.000
20
-529.811
30
2594.000
11
636.000
21
-528.021
31
2594.000
0
LINE
8
GRADE-FINISHED
10
638.206
20
-530.000
30
2594.000
11
638.000
21
-529.811
31
2594.000
0
LINE
8
GRADE-FINISHED
10
585.597
20
-530.000
30
2594.000
11
585.524
21
-532.000
31
2594.000
0
LINE
8
GRADE-FINISHED
10
638.206
20
-530.000
30
2594.000
11
640.000
21
-531.673
31
2594.000
0
LINE
8
GRADE-FINISHED
10
640.344
20
-532.000
30
2594.000
11
640.000
21
-531.673
31
2594.000
0
LINE
8
GRADE-FINISHED
10
585.524
20
-532.000
30
2594.000
11
585.458
21
-534.000
31
2594.000
0
LINE
8
GRADE-FINISHED
10
640.344
20
-532.000
30
2594.000
11
642.000
21
-533.513
31
2594.000
0
LINE
8
GRADE-FINISHED
10
642.533
20
-534.000
30
2594.000
11
642.000
21
-533.513
31
2594.000
0
LINE
8
GRADE-FINISHED
10
585.458
20
-534.000
30
2594.000
11
585.397
21
-536.000
31
2594.000
0
LINE
8
GRADE-FINISHED
10
642.533
20
-534.000
30
2594.000
11
644.000
21
-535.340
31
2594.000
0
LINE
8
GRADE-FINISHED
10
644.723
20
-536.000
30
2594.000
11
644.000
21
-535.340
31
2594.000
0
LINE
8
GRADE-FINISHED
10
585.397
20
-536.000
30
2594.000
11
585.341
21
-538.000
31
2594.000
0
LINE
8
GRADE-FINISHED
10
644.723
20
-536.000
30
2594.000
11
646.000
21
-537.166
31
2594.000
0
LINE
8
GRADE-FINISHED
10
646.913
20
-538.000
30
2594.000
11
646.000
21
-537.166
31
2594.000
0
LINE
8
GRADE-FINISHED
10
585.341
20
-538.000
30
2594.000
11
585.341
21
-540.000
31
2594.000
0
LINE
8
GRADE-FINISHED
10
646.913
20
-538.000
30
2594.000
11
646.913
21
-540.000
31
2594.000
0
LINE
8
GRADE-FINISHED
10
585.341
20
-540.000
30
2594.000
11
585.341
21
-542.000
31
2594.000
0
LINE
8
GRADE-FINISHED
10
646.913
20
-540.000
30
2594.000
11
647.684
21
-542.000
31
2594.000
0
LINE
8
GRADE-FINISHED
10
585.341
20
-542.000
30
2594.000
11
585.341
21
-544.000
31
2594.000
0
LINE
8
GRADE-FINISHED
10
647.684
20
-542.000
30
2594.000
11
648.000
21
-542.474
31
2594.000
0
LINE
8
GRADE-FINISHED
10
649.141
20
-544.000
30
2594.000
11
648.000
21
-542.474
31
2594.000
0
LINE
8
GRADE-FINISHED
10
585.341
20
-544.000
30
2594.000
11
585.341
21
-546.000
31
2594.000
0
LINE
8
GRADE-FINISHED
10
649.141
20
-544.000
30
2594.000
11
650.000
21
-544.408
31
2594.000
0
LINE
8
GRADE-FINISHED
10
652.000
20
-545.192
30
2594.000
11
650.000
21
-544.408
31
2594.000
0
LINE
8
GRADE-FINISHED
10
654.000
20
-545.804
30
2594.000
11
652.000
21
-545.192
31
2594.000
0
LINE
8
GRADE-FINISHED
10
654.747
20
-546.000
30
2594.000
11
654.000
21
-545.804
31
2594.000
0
LINE
8
GRADE-FINISHED
10
585.341
20
-546.000
30
2594.000
11
585.341
21
-548.000
31
2594.000
0
LINE
8
GRADE-FINISHED
10
654.747
20
-546.000
30
2594.000
11
656.000
21
-546.712
31
2594.000
0
LINE
8
GRADE-FINISHED
10
658.000
20
-547.682
30
2594.000
11
656.000
21
-546.712
31
2594.000
0
LINE
8
GRADE-FINISHED
10
658.744
20
-548.000
30
2594.000
11
658.000
21
-547.682
31
2594.000
0
LINE
8
GRADE-FINISHED
10
585.341
20
-548.000
30
2594.000
11
585.341
21
-550.000
31
2594.000
0
LINE
8
GRADE-FINISHED
10
658.744
20
-548.000
30
2594.000
11
659.504
21
-550.000
31
2594.000
0
LINE
8
GRADE-FINISHED
10
585.341
20
-550.000
30
2594.000
11
585.341
21
-552.000
31
2594.000
0
LINE
8
GRADE-FINISHED
10
659.504
20
-550.000
30
2594.000
11
660.000
21
-550.992
31
2594.000
0
LINE
8
GRADE-FINISHED
10
660.525
20
-552.000
30
2594.000
11
660.000
21
-550.992
31
2594.000
0
LINE
8
GRADE-FINISHED
10
585.341
20
-552.000
30
2594.000
11
585.341
21
-554.000
31
2594.000
0
LINE
8
GRADE-FINISHED
10
660.525
20
-552.000
30
2594.000
11
661.263
21
-554.000
31
2594.000
0
LINE
8
GRADE-FINISHED
10
585.341
20
-554.000
30
2594.000
11
585.341
21
-556.000
31
2594.000
0
LINE
8
GRADE-FINISHED
10
661.263
20
-554.000
30
2594.000
11
661.807
21
-556.000
31
2594.000
0
LINE
8
GRADE-FINISHED
10
585.341
20
-556.000
30
2594.000
11
585.341
21
-558.000
31
2594.000
0
LINE
8
GRADE-FINISHED
10
661.807
20
-556.000
30
2594.000
11
662.000
21
-557.169
31
2594.000
0
LINE
8
GRADE-FINISHED
10
662.139
20
-558.000
30
2594.000
11
662.000
21
-557.169
31
2594.000
0
LINE
8
GRADE-FINISHED
10
585.341
20
-558.000
30
2594.000
11
585.341
21
-560.000
31
2594.000
0
LINE
8
GRADE-FINISHED
10
662.139
20
-558.000
30
2594.000
11
662.546
21
-560.000
31
2594.000
0
LINE
8
GRADE-FINISHED
10
585.341
20
-560.000
30
2594.000
11
585.341
21
-562.000
31
2594.000
0
LINE
8
GRADE-FINISHED
10
662.546
20
-560.000
30
2594.000
11
662.950
21
-562.000
31
2594.000
0
LINE
8
GRADE-FINISHED
10
585.341
20
-562.000
30
2594.000
11
585.341
21
-564.000
31
2594.000
0
LINE
8
GRADE-FINISHED
10
662.950
20
-562.000
30
2594.000
11
663.268
21
-564.000
31
2594.000
0
LINE
8
GRADE-FINISHED
10
585.341
20
-564.000
30
2594.000
11
585.341
21
-566.000
31
2594.000
0
LINE
8
GRADE-FINISHED
10
663.268
20
-564.000
30
2594.000
11
663.649
21
-566.000
31
2594.000
0
LINE
8
GRADE-FINISHED
10
585.341
20
-566.000
30
2594.000
11
585.341
21
-568.000
31
2594.000
0
LINE
8
GRADE-FINISHED
10
663.649
20
-566.000
30
2594.000
11
663.975
21
-568.000
31
2594.000
0
LINE
8
GRADE-FINISHED
10
585.341
20
-568.000
30
2594.000
11
585.341
21
-570.000
31
2594.000
0
LINE
8
GRADE-FINISHED
10
663.975
20
-568.000
30
2594.000
11
664.000
21
-568.126
31
2594.000
0
LINE
8
GRADE-FINISHED
10
664.377
20
-570.000
30
2594.000
11
664.000
21
-568.126
31
2594.000
0
LINE
8
GRADE-FINISHED
10
585.341
20
-570.000
30
2594.000
11
585.341
21
-572.000
31
2594.000
0
LINE
8
GRADE-FINISHED
10
664.377
20
-570.000
30
2594.000
11
664.667
21
-572.000
31
2594.000
0
LINE
8
GRADE-FINISHED
10
585.341
20
-572.000
30
2594.000
11
585.341
21
-574.000
31
2594.000
0
LINE
8
GRADE-FINISHED
10
664.667
20
-572.000
30
2594.000
11
664.973
21
-574.000
31
2594.000
0
LINE
8
GRADE-FINISHED
10
585.341
20
-574.000
30
2594.000
11
585.341
21
-576.000
31
2594.000
0
LINE
8
GRADE-FINISHED
10
664.973
20
-574.000
30
2594.000
11
664.973
21
-576.000
31
2594.000
0
LINE
8
GRADE-FINISHED
10
585.341
20
-576.000
30
2594.000
11
585.341
21
-578.000
31
2594.000
0
LINE
8
GRADE-FINISHED
10
664.000
20
-577.005
30
2594.000
11
663.098
21
-578.000
31
2594.000
0
LINE
8
GRADE-FINISHED
10
664.973
20
-576.000
30
2594.000
11
664.000
21
-577.005
31
2594.000
0
LINE
8
GRADE-FINISHED
10
585.341
20
-578.000
30
2594.000
11
585.341
21
-580.000
31
2594.000
0
LINE
8
GRADE-FINISHED
10
662.000
20
-578.960
30
2594.000
11
660.906
21
-580.000
31
2594.000
0
LINE
8
GRADE-FINISHED
10
663.098
20
-578.000
30
2594.000
11
662.000
21
-578.960
31
2594.000
0
LINE
8
GRADE-FINISHED
10
585.341
20
-580.000
30
2594.000
11
585.341
21
-582.000
31
2594.000
0
LINE
8
GRADE-FINISHED
10
660.000
20
-580.932
30
2594.000
11
659.039
21
-582.000
31
2594.000
0
LINE
8
GRADE-FINISHED
10
660.906
20
-580.000
30
2594.000
11
660.000
21
-580.932
31
2594.000
0
LINE
8
GRADE-FINISHED
10
585.341
20
-582.000
30
2594.000
11
585.341
21
-584.000
31
2594.000
0
LINE
8
GRADE-FINISHED
10
658.000
20
-583.258
30
2594.000
11
657.430
21
-584.000
31
2594.000
0
LINE
8
GRADE-FINISHED
10
659.039
20
-582.000
30
2594.000
11
658.000
21
-583.258
31
2594.000
0
LINE
8
GRADE-FINISHED
10
585.341
20
-584.000
30
2594.000
11
585.341
21
-586.000
31
2594.000
0
LINE
8
GRADE-FINISHED
10
657.430
20
-584.000
30
2594.000
11
656.028
21
-586.000
31
2594.000
0
LINE
8
GRADE-FINISHED
10
585.341
20
-586.000
30
2594.000
11
585.341
21
-588.000
31
2594.000
0
LINE
8
GRADE-FINISHED
10
656.000
20
-586.042
30
2594.000
11
654.796
21
-588.000
31
2594.000
0
LINE
8
GRADE-FINISHED
10
656.028
20
-586.000
30
2594.000
11
656.000
21
-586.042
31
2594.000
0
LINE
8
GRADE-FINISHED
10
585.341
20
-588.000
30
2594.000
11
585.341
21
-590.000
31
2594.000
0
LINE
8
GRADE-FINISHED
10
654.000
20
-589.435
30
2594.000
11
653.704
21
-590.000
31
2594.000
0
LINE
8
GRADE-FINISHED
10
654.796
20
-588.000
30
2594.000
11
654.000
21
-589.435
31
2594.000
0
LINE
8
GRADE-FINISHED
10
585.341
20
-590.000
30
2594.000
11
585.341
21
-592.000
31
2594.000
0
LINE
8
GRADE-FINISHED
10
653.704
20
-590.000
30
2594.000
11
652.731
21
-592.000
31
2594.000
0
LINE
8
GRADE-FINISHED
10
585.341
20
-592.000
30
2594.000
11
585.341
21
-594.000
31
2594.000
0
LINE
8
GRADE-FINISHED
10
652.000
20
-593.660
30
2594.000
11
651.858
21
-594.000
31
2594.000
0
LINE
8
GRADE-FINISHED
10
652.731
20
-592.000
30
2594.000
11
652.000
21
-593.660
31
2594.000
0
LINE
8
GRADE-FINISHED
10
585.341
20
-594.000
30
2594.000
11
585.341
21
-596.000
31
2594.000
0
LINE
8
GRADE-FINISHED
10
651.858
20
-594.000
30
2594.000
11
651.070
21
-596.000
31
2594.000
0
LINE
8
GRADE-FINISHED
10
585.341
20
-596.000
30
2594.000
11
585.341
21
-598.000
31
2594.000
0
LINE
8
GRADE-FINISHED
10
651.070
20
-596.000
30
2594.000
11
650.355
21
-598.000
31
2594.000
0
LINE
8
GRADE-FINISHED
10
585.341
20
-598.000
30
2594.000
11
585.341
21
-600.000
31
2594.000
0
LINE
8
GRADE-FINISHED
10
650.000
20
-599.067
30
2594.000
11
649.703
21
-600.000
31
2594.000
0
LINE
8
GRADE-FINISHED
10
650.355
20
-598.000
30
2594.000
11
650.000
21
-599.067
31
2594.000
0
LINE
8
GRADE-FINISHED
10
585.341
20
-600.000
30
2594.000
11
585.341
21
-602.000
31
2594.000
0
LINE
8
GRADE-FINISHED
10
649.703
20
-600.000
30
2594.000
11
649.108
21
-602.000
31
2594.000
0
LINE
8
GRADE-FINISHED
10
585.341
20
-602.000
30
2594.000
11
585.341
21
-604.000
31
2594.000
0
LINE
8
GRADE-FINISHED
10
649.108
20
-602.000
30
2594.000
11
648.560
21
-604.000
31
2594.000
0
LINE
8
GRADE-FINISHED
10
442.000
20
-604.000
30
2594.000
11
440.000
21
-604.000
31
2594.000
0
LINE
8
GRADE-FINISHED
10
444.000
20
-604.000
30
2594.000
11
442.000
21
-604.000
31
2594.000
0
LINE
8
GRADE-FINISHED
10
446.000
20
-604.000
30
2594.000
11
444.000
21
-604.000
31
2594.000
0
LINE
8
GRADE-FINISHED
10
448.000
20
-604.000
30
2594.000
11
446.000
21
-604.000
31
2594.000
0
LINE
8
GRADE-FINISHED
10
450.000
20
-604.000
30
2594.000
11
448.000
21
-604.000
31
2594.000
0
LINE
8
GRADE-FINISHED
10
452.000
20
-605.000
30
2594.000
11
450.000
21
-604.000
31
2594.000
0
LINE
8
GRADE-FINISHED
10
454.000
20
-606.000
30
2594.000
11
452.000
21
-605.000
31
2594.000
0
LINE
8
GRADE-FINISHED
10
570.000
20
-605.954
30
2594.000
11
569.208
21
-606.000
31
2594.000
0
LINE
8
GRADE-FINISHED
10
572.000
20
-605.846
30
2594.000
11
570.000
21
-605.954
31
2594.000
0
LINE
8
GRADE-FINISHED
10
574.000
20
-605.750
30
2594.000
11
572.000
21
-605.846
31
2594.000
0
LINE
8
GRADE-FINISHED
10
576.000
20
-605.663
30
2594.000
11
574.000
21
-605.750
31
2594.000
0
LINE
8
GRADE-FINISHED
10
578.000
20
-605.584
30
2594.000
11
576.000
21
-605.663
31
2594.000
0
LINE
8
GRADE-FINISHED
10
580.000
20
-605.513
30
2594.000
11
578.000
21
-605.584
31
2594.000
0
LINE
8
GRADE-FINISHED
10
582.000
20
-605.447
30
2594.000
11
580.000
21
-605.513
31
2594.000
0
LINE
8
GRADE-FINISHED
10
584.000
20
-605.387
30
2594.000
11
582.000
21
-605.447
31
2594.000
0
LINE
8
GRADE-FINISHED
10
585.341
20
-604.000
30
2594.000
11
584.000
21
-605.387
31
2594.000
0
LINE
8
GRADE-FINISHED
10
648.560
20
-604.000
30
2594.000
11
648.056
21
-606.000
31
2594.000
0
LINE
8
GRADE-FINISHED
10
454.000
20
-606.000
30
2594.000
11
454.000
21
-606.000
31
2594.000
0
LINE
8
GRADE-FINISHED
10
456.000
20
-606.000
30
2594.000
11
454.000
21
-606.000
31
2594.000
0
LINE
8
GRADE-FINISHED
10
458.000
20
-606.000
30
2594.000
11
456.000
21
-606.000
31
2594.000
0
LINE
8
GRADE-FINISHED
10
460.000
20
-606.000
30
2594.000
11
458.000
21
-606.000
31
2594.000
0
LINE
8
GRADE-FINISHED
10
462.000
20
-606.000
30
2594.000
11
460.000
21
-606.000
31
2594.000
0
LINE
8
GRADE-FINISHED
10
464.000
20
-606.000
30
2594.000
11
462.000
21
-606.000
31
2594.000
0
LINE
8
GRADE-FINISHED
10
466.000
20
-606.000
30
2594.000
11
464.000
21
-606.000
31
2594.000
0
LINE
8
GRADE-FINISHED
10
468.000
20
-608.000
30
2594.000
11
466.000
21
-606.000
31
2594.000
0
LINE
8
GRADE-FINISHED
10
569.208
20
-606.000
30
2594.000
11
569.208
21
-608.000
31
2594.000
0
LINE
8
GRADE-FINISHED
10
648.000
20
-606.232
30
2594.000
11
647.590
21
-608.000
31
2594.000
0
LINE
8
GRADE-FINISHED
10
648.056
20
-606.000
30
2594.000
11
648.000
21
-606.232
31
2594.000
0
LINE
8
GRADE-FINISHED
10
468.000
20
-608.000
30
2594.000
11
468.000
21
-608.000
31
2594.000
0
LINE
8
GRADE-FINISHED
10
470.000
20
-608.000
30
2594.000
11
468.000
21
-608.000
31
2594.000
0
LINE
8
GRADE-FINISHED
10
472.000
20
-608.000
30
2594.000
11
470.000
21
-608.000
31
2594.000
0
LINE
8
GRADE-FINISHED
10
474.000
20
-608.000
30
2594.000
11
472.000
21
-608.000
31
2594.000
0
LINE
8
GRADE-FINISHED
10
476.000
20
-608.000
30
2594.000
11
474.000
21
-608.000
31
2594.000
0
LINE
8
GRADE-FINISHED
10
478.000
20
-608.000
30
2594.000
11
476.000
21
-608.000
31
2594.000
0
LINE
8
GRADE-FINISHED
10
480.000
20
-608.000
30
2594.000
11
478.000
21
-608.000
31
2594.000
0
LINE
8
GRADE-FINISHED
10
482.000
20
-610.000
30
2594.000
11
480.000
21
-608.000
31
2594.000
0
LINE
8
GRADE-FINISHED
10
569.208
20
-608.000
30
2594.000
11
569.208
21
-610.000
31
2594.000
0
LINE
8
GRADE-FINISHED
10
647.590
20
-608.000
30
2594.000
11
647.157
21
-610.000
31
2594.000
0
LINE
8
GRADE-FINISHED
10
482.000
20
-610.000
30
2594.000
11
482.000
21
-610.000
31
2594.000
0
LINE
8
GRADE-FINISHED
10
484.000
20
-610.000
30
2594.000
11
482.000
21
-610.000
31
2594.000
0
LINE
8
GRADE-FINISHED
10
484.015
20
-612.000
30
2594.000
11
484.000
21
-610.000
31
2594.000
0
LINE
8
GRADE-FINISHED
10
569.208
20
-610.000
30
2594.000
11
569.208
21
-612.000
31
2594.000
0
LINE
8
GRADE-FINISHED
10
647.157
20
-610.000
30
2594.000
11
646.755
21
-612.000
31
2594.000
0
LINE
8
GRADE-FINISHED
10
484.015
20
-612.000
30
2594.000
11
484.037
21
-614.000
31
2594.000
0
LINE
8
GRADE-FINISHED
10
569.208
20
-612.000
30
2594.000
11
569.208
21
-614.000
31
2594.000
0
LINE
8
GRADE-FINISHED
10
646.755
20
-612.000
30
2594.000
11
646.381
21
-614.000
31
2594.000
0
LINE
8
GRADE-FINISHED
10
484.037
20
-614.000
30
2594.000
11
484.058
21
-616.000
31
2594.000
0
LINE
8
GRADE-FINISHED
10
569.208
20
-614.000
30
2594.000
11
569.208
21
-616.000
31
2594.000
0
LINE
8
GRADE-FINISHED
10
646.381
20
-614.000
30
2594.000
11
646.030
21
-616.000
31
2594.000
0
LINE
8
GRADE-FINISHED
10
484.058
20
-616.000
30
2594.000
11
484.072
21
-618.000
31
2594.000
0
LINE
8
GRADE-FINISHED
10
569.208
20
-616.000
30
2594.000
11
569.208
21
-618.000
31
2594.000
0
LINE
8
GRADE-FINISHED
10
646.000
20
-616.683
30
2594.000
11
645.942
21
-618.000
31
2594.000
0
LINE
8
GRADE-FINISHED
10
646.030
20
-616.000
30
2594.000
11
646.000
21
-616.683
31
2594.000
0
LINE
8
GRADE-FINISHED
10
484.072
20
-618.000
30
2594.000
11
484.093
21
-620.000
31
2594.000
0
LINE
8
GRADE-FINISHED
10
569.208
20
-618.000
30
2594.000
11
570.000
21
-618.046
31
2594.000
0
LINE
8
GRADE-FINISHED
10
572.000
20
-618.154
30
2594.000
11
570.000
21
-618.046
31
2594.000
0
LINE
8
GRADE-FINISHED
10
574.000
20
-618.250
30
2594.000
11
572.000
21
-618.154
31
2594.000
0
LINE
8
GRADE-FINISHED
10
576.000
20
-618.337
30
2594.000
11
574.000
21
-618.250
31
2594.000
0
LINE
8
GRADE-FINISHED
10
578.000
20
-618.416
30
2594.000
11
576.000
21
-618.337
31
2594.000
0
LINE
8
GRADE-FINISHED
10
580.000
20
-618.487
30
2594.000
11
578.000
21
-618.416
31
2594.000
0
LINE
8
GRADE-FINISHED
10
582.000
20
-618.553
30
2594.000
11
580.000
21
-618.487
31
2594.000
0
LINE
8
GRADE-FINISHED
10
584.000
20
-618.613
30
2594.000
11
582.000
21
-618.553
31
2594.000
0
LINE
8
GRADE-FINISHED
10
585.341
20
-620.000
30
2594.000
11
584.000
21
-618.613
31
2594.000
0
LINE
8
GRADE-FINISHED
10
645.942
20
-618.000
30
2594.000
11
645.942
21
-620.000
31
2594.000
0
LINE
8
GRADE-FINISHED
10
484.093
20
-620.000
30
2594.000
11
484.106
21
-622.000
31
2594.000
0
LINE
8
GRADE-FINISHED
10
585.341
20
-620.000
30
2594.000
11
585.341
21
-622.000
31
2594.000
0
LINE
8
GRADE-FINISHED
10
645.942
20
-620.000
30
2594.000
11
645.942
21
-622.000
31
2594.000
0
LINE
8
GRADE-FINISHED
10
484.106
20
-622.000
30
2594.000
11
484.126
21
-624.000
31
2594.000
0
LINE
8
GRADE-FINISHED
10
585.341
20
-622.000
30
2594.000
11
585.341
21
-624.000
31
2594.000
0
LINE
8
GRADE-FINISHED
10
645.942
20
-622.000
30
2594.000
11
645.942
21
-624.000
31
2594.000
0
LINE
8
GRADE-FINISHED
10
484.126
20
-624.000
30
2594.000
11
484.139
21
-626.000
31
2594.000
0
LINE
8
GRADE-FINISHED
10
585.341
20
-624.000
30
2594.000
11
585.341
21
-626.000
31
2594.000
0
LINE
8
GRADE-FINISHED
10
645.942
20
-624.000
30
2594.000
11
645.942
21
-626.000
31
2594.000
0
LINE
8
GRADE-FINISHED
10
484.139
20
-626.000
30
2594.000
11
484.158
21
-628.000
31
2594.000
0
LINE
8
GRADE-FINISHED
10
585.341
20
-626.000
30
2594.000
11
585.341
21
-628.000
31
2594.000
0
LINE
8
GRADE-FINISHED
10
645.942
20
-626.000
30
2594.000
11
645.942
21
-628.000
31
2594.000
0
LINE
8
GRADE-FINISHED
10
484.158
20
-628.000
30
2594.000
11
484.177
21
-630.000
31
2594.000
0
LINE
8
GRADE-FINISHED
10
585.341
20
-628.000
30
2594.000
11
585.341
21
-630.000
31
2594.000
0
LINE
8
GRADE-FINISHED
10
645.942
20
-628.000
30
2594.000
11
645.942
21
-630.000
31
2594.000
0
LINE
8
GRADE-FINISHED
10
484.177
20
-630.000
30
2594.000
11
484.189
21
-632.000
31
2594.000
0
LINE
8
GRADE-FINISHED
10
585.341
20
-630.000
30
2594.000
11
585.341
21
-632.000
31
2594.000
0
LINE
8
GRADE-FINISHED
10
645.942
20
-630.000
30
2594.000
11
645.942
21
-632.000
31
2594.000
0
LINE
8
GRADE-FINISHED
10
484.189
20
-632.000
30
2594.000
11
484.207
21
-634.000
31
2594.000
0
LINE
8
GRADE-FINISHED
10
585.341
20
-632.000
30
2594.000
11
585.341
21
-634.000
31
2594.000
0
LINE
8
GRADE-FINISHED
10
645.942
20
-632.000
30
2594.000
11
645.942
21
-634.000
31
2594.000
0
LINE
8
GRADE-FINISHED
10
484.207
20
-634.000
30
2594.000
11
484.219
21
-636.000
31
2594.000
0
LINE
8
GRADE-FINISHED
10
585.341
20
-634.000
30
2594.000
11
585.341
21
-636.000
31
2594.000
0
LINE
8
GRADE-FINISHED
10
645.942
20
-634.000
30
2594.000
11
645.942
21
-636.000
31
2594.000
0
LINE
8
GRADE-FINISHED
10
484.219
20
-636.000
30
2594.000
11
484.237
21
-638.000
31
2594.000
0
LINE
8
GRADE-FINISHED
10
585.341
20
-636.000
30
2594.000
11
585.341
21
-638.000
31
2594.000
0
LINE
8
GRADE-FINISHED
10
645.942
20
-636.000
30
2594.000
11
645.942
21
-638.000
31
2594.000
0
LINE
8
GRADE-FINISHED
10
484.237
20
-638.000
30
2594.000
11
484.254
21
-640.000
31
2594.000
0
LINE
8
GRADE-FINISHED
10
585.341
20
-638.000
30
2594.000
11
585.341
21
-640.000
31
2594.000
0
LINE
8
GRADE-FINISHED
10
645.942
20
-638.000
30
2594.000
11
645.942
21
-640.000
31
2594.000
0
LINE
8
GRADE-FINISHED
10
484.254
20
-640.000
30
2594.000
11
484.271
21
-642.000
31
2594.000
0
LINE
8
GRADE-FINISHED
10
585.341
20
-640.000
30
2594.000
11
585.341
21
-642.000
31
2594.000
0
LINE
8
GRADE-FINISHED
10
645.942
20
-640.000
30
2594.000
11
645.942
21
-642.000
31
2594.000
0
LINE
8
GRADE-FINISHED
10
484.271
20
-642.000
30
2594.000
11
484.282
21
-644.000
31
2594.000
0
LINE
8
GRADE-FINISHED
10
585.341
20
-642.000
30
2594.000
11
585.341
21
-644.000
31
2594.000
0
LINE
8
GRADE-FINISHED
10
645.942
20
-642.000
30
2594.000
11
645.942
21
-644.000
31
2594.000
0
LINE
8
GRADE-FINISHED
10
484.282
20
-644.000
30
2594.000
11
484.298
21
-646.000
31
2594.000
0
LINE
8
GRADE-FINISHED
10
585.341
20
-644.000
30
2594.000
11
585.341
21
-646.000
31
2594.000
0
LINE
8
GRADE-FINISHED
10
645.942
20
-644.000
30
2594.000
11
645.942
21
-646.000
31
2594.000
0
LINE
8
GRADE-FINISHED
10
484.298
20
-646.000
30
2594.000
11
484.314
21
-648.000
31
2594.000
0
LINE
8
GRADE-FINISHED
10
585.341
20
-646.000
30
2594.000
11
585.341
21
-648.000
31
2594.000
0
LINE
8
GRADE-FINISHED
10
645.942
20
-646.000
30
2594.000
11
645.942
21
-648.000
31
2594.000
0
LINE
8
GRADE-FINISHED
10
484.314
20
-648.000
30
2594.000
11
484.325
21
-650.000
31
2594.000
0
LINE
8
GRADE-FINISHED
10
585.341
20
-648.000
30
2594.000
11
585.341
21
-650.000
31
2594.000
0
LINE
8
GRADE-FINISHED
10
645.942
20
-648.000
30
2594.000
11
645.942
21
-650.000
31
2594.000
0
LINE
8
GRADE-FINISHED
10
484.325
20
-650.000
30
2594.000
11
484.340
21
-652.000
31
2594.000
0
LINE
8
GRADE-FINISHED
10
585.341
20
-650.000
30
2594.000
11
585.341
21
-652.000
31
2594.000
0
LINE
8
GRADE-FINISHED
10
645.942
20
-650.000
30
2594.000
11
645.942
21
-652.000
31
2594.000
0
LINE
8
GRADE-FINISHED
10
484.340
20
-652.000
30
2594.000
11
484.356
21
-654.000
31
2594.000
0
LINE
8
GRADE-FINISHED
10
585.341
20
-652.000
30
2594.000
11
585.341
21
-654.000
31
2594.000
0
LINE
8
GRADE-FINISHED
10
645.942
20
-652.000
30
2594.000
11
645.942
21
-654.000
31
2594.000
0
LINE
8
GRADE-FINISHED
10
484.356
20
-654.000
30
2594.000
11
484.371
21
-656.000
31
2594.000
0
LINE
8
GRADE-FINISHED
10
585.341
20
-654.000
30
2594.000
11
585.341
21
-656.000
31
2594.000
0
LINE
8
GRADE-FINISHED
10
645.942
20
-654.000
30
2594.000
11
645.942
21
-656.000
31
2594.000
0
LINE
8
GRADE-FINISHED
10
484.371
20
-656.000
30
2594.000
11
484.381
21
-658.000
31
2594.000
0
LINE
8
GRADE-FINISHED
10
585.341
20
-656.000
30
2594.000
11
585.341
21
-658.000
31
2594.000
0
LINE
8
GRADE-FINISHED
10
645.942
20
-656.000
30
2594.000
11
645.942
21
-658.000
31
2594.000
0
LINE
8
GRADE-FINISHED
10
484.381
20
-658.000
30
2594.000
11
484.395
21
-660.000
31
2594.000
0
LINE
8
GRADE-FINISHED
10
585.341
20
-658.000
30
2594.000
11
585.341
21
-660.000
31
2594.000
0
LINE
8
GRADE-FINISHED
10
645.942
20
-658.000
30
2594.000
11
645.942
21
-660.000
31
2594.000
0
LINE
8
GRADE-FINISHED
10
484.395
20
-660.000
30
2594.000
11
484.409
21
-662.000
31
2594.000
0
LINE
8
GRADE-FINISHED
10
585.341
20
-660.000
30
2594.000
11
585.341
21
-662.000
31
2594.000
0
LINE
8
GRADE-FINISHED
10
645.942
20
-660.000
30
2594.000
11
645.942
21
-662.000
31
2594.000
0
LINE
8
GRADE-FINISHED
10
484.409
20
-662.000
30
2594.000
11
484.419
21
-664.000
31
2594.000
0
LINE
8
GRADE-FINISHED
10
585.341
20
-662.000
30
2594.000
11
585.341
21
-664.000
31
2594.000
0
LINE
8
GRADE-FINISHED
10
645.942
20
-662.000
30
2594.000
11
645.942
21
-664.000
31
2594.000
0
LINE
8
GRADE-FINISHED
10
484.419
20
-664.000
30
2594.000
11
484.433
21
-666.000
31
2594.000
0
LINE
8
GRADE-FINISHED
10
585.341
20
-664.000
30
2594.000
11
585.341
21
-666.000
31
2594.000
0
LINE
8
GRADE-FINISHED
10
645.942
20
-664.000
30
2594.000
11
645.942
21
-666.000
31
2594.000
0
LINE
8
GRADE-FINISHED
10
484.433
20
-666.000
30
2594.000
11
484.446
21
-668.000
31
2594.000
0
LINE
8
GRADE-FINISHED
10
585.341
20
-666.000
30
2594.000
11
585.341
21
-668.000
31
2594.000
0
LINE
8
GRADE-FINISHED
10
645.942
20
-666.000
30
2594.000
11
645.942
21
-668.000
31
2594.000
0
LINE
8
GRADE-FINISHED
10
484.446
20
-668.000
30
2594.000
11
484.460
21
-670.000
31
2594.000
0
LINE
8
GRADE-FINISHED
10
585.341
20
-668.000
30
2594.000
11
585.341
21
-670.000
31
2594.000
0
LINE
8
GRADE-FINISHED
10
645.942
20
-668.000
30
2594.000
11
645.942
21
-670.000
31
2594.000
0
LINE
8
GRADE-FINISHED
10
484.460
20
-670.000
30
2594.000
11
484.468
21
-672.000
31
2594.000
0
LINE
8
GRADE-FINISHED
10
585.341
20
-670.000
30
2594.000
11
585.341
21
-672.000
31
2594.000
0
LINE
8
GRADE-FINISHED
10
645.942
20
-670.000
30
2594.000
11
645.942
21
-672.000
31
2594.000
0
LINE
8
GRADE-FINISHED
10
484.468
20
-672.000
30
2594.000
11
484.481
21
-674.000
31
2594.000
0
LINE
8
GRADE-FINISHED
10
585.341
20
-672.000
30
2594.000
11
585.341
21
-674.000
31
2594.000
0
LINE
8
GRADE-FINISHED
10
645.942
20
-672.000
30
2594.000
11
645.942
21
-674.000
31
2594.000
0
LINE
8
GRADE-FINISHED
10
484.481
20
-674.000
30
2594.000
11
484.494
21
-676.000
31
2594.000
0
LINE
8
GRADE-FINISHED
10
585.341
20
-674.000
30
2594.000
11
585.341
21
-676.000
31
2594.000
0
LINE
8
GRADE-FINISHED
10
645.942
20
-674.000
30
2594.000
11
645.942
21
-676.000
31
2594.000
0
LINE
8
GRADE-FINISHED
10
484.494
20
-676.000
30
2594.000
11
484.507
21
-678.000
31
2594.000
0
LINE
8
GRADE-FINISHED
10
585.341
20
-676.000
30
2594.000
11
585.341
21
-678.000
31
2594.000
0
LINE
8
GRADE-FINISHED
10
645.942
20
-676.000
30
2594.000
11
645.942
21
-678.000
31
2594.000
0
LINE
8
GRADE-FINISHED
10
484.507
20
-678.000
30
2594.000
11
484.515
21
-680.000
31
2594.000
0
LINE
8
GRADE-FINISHED
10
585.341
20
-678.000
30
2594.000
11
585.341
21
-680.000
31
2594.000
0
LINE
8
GRADE-FINISHED
10
645.942
20
-678.000
30
2594.000
11
645.942
21
-680.000
31
2594.000
0
LINE
8
GRADE-FINISHED
10
484.515
20
-680.000
30
2594.000
11
484.527
21
-682.000
31
2594.000
0
LINE
8
GRADE-FINISHED
10
585.341
20
-680.000
30
2594.000
11
585.341
21
-682.000
31
2594.000
0
LINE
8
GRADE-FINISHED
10
645.942
20
-680.000
30
2594.000
11
646.000
21
-680.268
31
2594.000
0
LINE
8
GRADE-FINISHED
10
648.000
20
-680.857
30
2594.000
11
646.000
21
-680.268
31
2594.000
0
LINE
8
GRADE-FINISHED
10
650.000
20
-680.571
30
2594.000
11
648.000
21
-680.857
31
2594.000
0
LINE
8
GRADE-FINISHED
10
652.000
20
-680.667
30
2594.000
11
650.000
21
-680.571
31
2594.000
0
LINE
8
GRADE-FINISHED
10
654.000
20
-680.800
30
2594.000
11
652.000
21
-680.667
31
2594.000
0
LINE
8
GRADE-FINISHED
10
656.000
20
-681.000
30
2594.000
11
654.000
21
-680.800
31
2594.000
0
LINE
8
GRADE-FINISHED
10
658.000
20
-681.333
30
2594.000
11
656.000
21
-681.000
31
2594.000
0
LINE
8
GRADE-FINISHED
10
660.000
20
-681.333
30
2594.000
11
658.000
21
-681.333
31
2594.000
0
LINE
8
GRADE-FINISHED
10
662.000
20
-682.000
30
2594.000
11
660.000
21
-681.333
31
2594.000
0
LINE
8
GRADE-FINISHED
10
484.527
20
-682.000
30
2594.000
11
484.539
21
-684.000
31
2594.000
0
LINE
8
GRADE-FINISHED
10
585.341
20
-682.000
30
2594.000
11
585.341
21
-684.000
31
2594.000
0
LINE
8
GRADE-FINISHED
10
662.000
20
-682.000
30
2594.000
11
662.000
21
-682.000
31
2594.000
0
LINE
8
GRADE-FINISHED
10
664.000
20
-682.000
30
2594.000
11
662.000
21
-682.000
31
2594.000
0
LINE
8
GRADE-FINISHED
10
666.000
20
-682.000
30
2594.000
11
664.000
21
-682.000
31
2594.000
0
LINE
8
GRADE-FINISHED
10
668.000
20
-684.000
30
2594.000
11
666.000
21
-682.000
31
2594.000
0
LINE
8
GRADE-FINISHED
10
484.539
20
-684.000
30
2594.000
11
484.543
21
-686.000
31
2594.000
0
LINE
8
GRADE-FINISHED
10
585.341
20
-684.000
30
2594.000
11
585.341
21
-686.000
31
2594.000
0
LINE
8
GRADE-FINISHED
10
668.000
20
-684.000
30
2594.000
11
668.000
21
-686.000
31
2594.000
0
LINE
8
GRADE-FINISHED
10
484.543
20
-686.000
30
2594.000
11
484.543
21
-688.000
31
2594.000
0
LINE
8
GRADE-FINISHED
10
585.341
20
-686.000
30
2594.000
11
585.341
21
-688.000
31
2594.000
0
LINE
8
GRADE-FINISHED
10
668.000
20
-686.000
30
2594.000
11
668.000
21
-686.000
31
2594.000
0
LINE
8
GRADE-FINISHED
10
670.000
20
-688.000
30
2594.000
11
668.000
21
-686.000
31
2594.000
0
LINE
8
GRADE-FINISHED
10
484.543
20
-688.000
30
2594.000
11
484.543
21
-690.000
31
2594.000
0
LINE
8
GRADE-FINISHED
10
585.341
20
-688.000
30
2594.000
11
585.341
21
-690.000
31
2594.000
0
LINE
8
GRADE-FINISHED
10
670.000
20
-688.000
30
2594.000
11
670.000
21
-690.000
31
2594.000
0
LINE
8
GRADE-FINISHED
10
484.543
20
-690.000
30
2594.000
11
484.543
21
-692.000
31
2594.000
0
LINE
8
GRADE-FINISHED
10
585.341
20
-690.000
30
2594.000
11
585.341
21
-692.000
31
2594.000
0
LINE
8
GRADE-FINISHED
10
670.000
20
-690.000
30
2594.000
11
670.000
21
-690.000
31
2594.000
0
LINE
8
GRADE-FINISHED
10
672.000
20
-692.000
30
2594.000
11
670.000
21
-690.000
31
2594.000
0
LINE
8
GRADE-FINISHED
10
484.543
20
-692.000
30
2594.000
11
484.543
21
-694.000
31
2594.000
0
LINE
8
GRADE-FINISHED
10
585.341
20
-692.000
30
2594.000
11
585.341
21
-694.000
31
2594.000
0
LINE
8
GRADE-FINISHED
10
672.000
20
-692.000
30
2594.000
11
672.000
21
-694.000
31
2594.000
0
LINE
8
GRADE-FINISHED
10
484.543
20
-694.000
30
2594.000
11
484.543
21
-696.000
31
2594.000
0
LINE
8
GRADE-FINISHED
10
585.341
20
-694.000
30
2594.000
11
585.341
21
-696.000
31
2594.000
0
LINE
8
GRADE-FINISHED
10
672.000
20
-694.000
30
2594.000
11
672.000
21
-694.000
31
2594.000
0
LINE
8
GRADE-FINISHED
10
674.000
20
-696.000
30
2594.000
11
672.000
21
-694.000
31
2594.000
0
LINE
8
GRADE-FINISHED
10
484.543
20
-696.000
30
2594.000
11
484.543
21
-698.000
31
2594.000
0
LINE
8
GRADE-FINISHED
10
585.341
20
-696.000
30
2594.000
11
585.341
21
-698.000
31
2594.000
0
LINE
8
GRADE-FINISHED
10
674.000
20
-696.000
30
2594.000
11
674.000
21
-698.000
31
2594.000
0
LINE
8
GRADE-FINISHED
10
484.543
20
-698.000
30
2594.000
11
484.543
21
-700.000
31
2594.000
0
LINE
8
GRADE-FINISHED
10
585.341
20
-698.000
30
2594.000
11
585.341
21
-700.000
31
2594.000
0
LINE
8
GRADE-FINISHED
10
674.000
20
-698.000
30
2594.000
11
674.000
21
-700.000
31
2594.000
0
LINE
8
GRADE-FINISHED
10
484.543
20
-700.000
30
2594.000
11
484.543
21
-702.000
31
2594.000
0
LINE
8
GRADE-FINISHED
10
585.341
20
-700.000
30
2594.000
11
585.341
21
-702.000
31
2594.000
0
LINE
8
GRADE-FINISHED
10
674.000
20
-700.000
30
2594.000
11
674.000
21
-700.000
31
2594.000
0
LINE
8
GRADE-FINISHED
10
676.000
20
-702.000
30
2594.000
11
674.000
21
-700.000
31
2594.000
0
LINE
8
GRADE-FINISHED
10
484.543
20
-702.000
30
2594.000
11
484.543
21
-704.000
31
2594.000
0
LINE
8
GRADE-FINISHED
10
585.341
20
-702.000
30
2594.000
11
585.341
21
-704.000
31
2594.000
0
LINE
8
GRADE-FINISHED
10
676.000
20
-702.000
30
2594.000
11
676.000
21
-704.000
31
2594.000
0
LINE
8
GRADE-FINISHED
10
484.543
20
-704.000
30
2594.000
11
484.543
21
-706.000
31
2594.000
0
LINE
8
GRADE-FINISHED
10
585.341
20
-704.000
30
2594.000
11
585.341
21
-706.000
31
2594.000
0
LINE
8
GRADE-FINISHED
10
676.000
20
-704.000
30
2594.000
11
676.000
21
-704.000
31
2594.000
0
LINE
8
GRADE-FINISHED
10
678.000
20
-706.000
30
2594.000
11
676.000
21
-704.000
31
2594.000
0
LINE
8
GRADE-FINISHED
10
484.543
20
-706.000
30
2594.000
11
484.543
21
-708.000
31
2594.000
0
LINE
8
GRADE-FINISHED
10
585.341
20
-706.000
30
2594.000
11
585.341
21
-708.000
31
2594.000
0
LINE
8
GRADE-FINISHED
10
678.000
20
-706.000
30
2594.000
11
678.000
21
-708.000
31
2594.000
0
LINE
8
GRADE-FINISHED
10
482.000
20
-710.000
30
2594.000
11
482.000
21
-710.000
31
2594.000
0
LINE
8
GRADE-FINISHED
10
484.000
20
-710.000
30
2594.000
11
482.000
21
-710.000
31
2594.000
0
LINE
8
GRADE-FINISHED
10
484.543
20
-708.000
30
2594.000
11
484.000
21
-710.000
31
2594.000
0
LINE
8
GRADE-FINISHED
10
585.341
20
-708.000
30
2594.000
11
584.473
21
-710.000
31
2594.000
0
LINE
8
GRADE-FINISHED
10
678.000
20
-708.000
30
2594.000
11
678.000
21
-708.000
31
2594.000
0
LINE
8
GRADE-FINISHED
10
680.000
20
-710.000
30
2594.000
11
678.000
21
-708.000
31
2594.000
0
LINE
8
GRADE-FINISHED
10
482.000
20
-710.000
30
2594.000
11
482.000
21
-710.000
31
2594.000
0
LINE
8
GRADE-FINISHED
10
482.714
20
-712.000
30
2594.000
11
482.000
21
-710.000
31
2594.000
0
LINE
8
GRADE-FINISHED
10
584.473
20
-710.000
30
2594.000
11
586.000
21
-711.086
31
2594.000
0
LINE
8
GRADE-FINISHED
10
587.286
20
-712.000
30
2594.000
11
586.000
21
-711.086
31
2594.000
0
LINE
8
GRADE-FINISHED
10
680.000
20
-710.000
30
2594.000
11
680.000
21
-712.000
31
2594.000
0
LINE
8
GRADE-FINISHED
10
482.714
20
-712.000
30
2594.000
11
484.000
21
-712.533
31
2594.000
0
LINE
8
GRADE-FINISHED
10
486.000
20
-713.361
30
2594.000
11
484.000
21
-712.533
31
2594.000
0
LINE
8
GRADE-FINISHED
10
488.000
20
-713.361
30
2594.000
11
486.000
21
-713.361
31
2594.000
0
LINE
8
GRADE-FINISHED
10
490.000
20
-713.361
30
2594.000
11
488.000
21
-713.361
31
2594.000
0
LINE
8
GRADE-FINISHED
10
492.000
20
-713.361
30
2594.000
11
490.000
21
-713.361
31
2594.000
0
LINE
8
GRADE-FINISHED
10
494.000
20
-713.361
30
2594.000
11
492.000
21
-713.361
31
2594.000
0
LINE
8
GRADE-FINISHED
10
496.000
20
-713.361
30
2594.000
11
494.000
21
-713.361
31
2594.000
0
LINE
8
GRADE-FINISHED
10
498.000
20
-713.361
30
2594.000
11
496.000
21
-713.361
31
2594.000
0
LINE
8
GRADE-FINISHED
10
500.000
20
-713.361
30
2594.000
11
498.000
21
-713.361
31
2594.000
0
LINE
8
GRADE-FINISHED
10
502.000
20
-713.361
30
2594.000
11
500.000
21
-713.361
31
2594.000
0
LINE
8
GRADE-FINISHED
10
504.000
20
-713.361
30
2594.000
11
502.000
21
-713.361
31
2594.000
0
LINE
8
GRADE-FINISHED
10
506.000
20
-713.361
30
2594.000
11
504.000
21
-713.361
31
2594.000
0
LINE
8
GRADE-FINISHED
10
508.000
20
-713.361
30
2594.000
11
506.000
21
-713.361
31
2594.000
0
LINE
8
GRADE-FINISHED
10
510.000
20
-713.361
30
2594.000
11
508.000
21
-713.361
31
2594.000
0
LINE
8
GRADE-FINISHED
10
512.000
20
-713.361
30
2594.000
11
510.000
21
-713.361
31
2594.000
0
LINE
8
GRADE-FINISHED
10
514.000
20
-713.361
30
2594.000
11
512.000
21
-713.361
31
2594.000
0
LINE
8
GRADE-FINISHED
10
516.000
20
-713.361
30
2594.000
11
514.000
21
-713.361
31
2594.000
0
LINE
8
GRADE-FINISHED
10
518.000
20
-713.361
30
2594.000
11
516.000
21
-713.361
31
2594.000
0
LINE
8
GRADE-FINISHED
10
520.000
20
-713.361
30
2594.000
11
518.000
21
-713.361
31
2594.000
0
LINE
8
GRADE-FINISHED
10
522.000
20
-713.361
30
2594.000
11
520.000
21
-713.361
31
2594.000
0
LINE
8
GRADE-FINISHED
10
524.000
20
-713.361
30
2594.000
11
522.000
21
-713.361
31
2594.000
0
LINE
8
GRADE-FINISHED
10
526.000
20
-713.361
30
2594.000
11
524.000
21
-713.361
31
2594.000
0
LINE
8
GRADE-FINISHED
10
528.000
20
-713.361
30
2594.000
11
526.000
21
-713.361
31
2594.000
0
LINE
8
GRADE-FINISHED
10
530.000
20
-713.361
30
2594.000
11
528.000
21
-713.361
31
2594.000
0
LINE
8
GRADE-FINISHED
10
532.000
20
-713.361
30
2594.000
11
530.000
21
-713.361
31
2594.000
0
LINE
8
GRADE-FINISHED
10
534.000
20
-713.361
30
2594.000
11
532.000
21
-713.361
31
2594.000
0
LINE
8
GRADE-FINISHED
10
536.000
20
-713.361
30
2594.000
11
534.000
21
-713.361
31
2594.000
0
LINE
8
GRADE-FINISHED
10
538.000
20
-713.361
30
2594.000
11
536.000
21
-713.361
31
2594.000
0
LINE
8
GRADE-FINISHED
10
540.000
20
-713.361
30
2594.000
11
538.000
21
-713.361
31
2594.000
0
LINE
8
GRADE-FINISHED
10
542.000
20
-713.361
30
2594.000
11
540.000
21
-713.361
31
2594.000
0
LINE
8
GRADE-FINISHED
10
544.000
20
-713.361
30
2594.000
11
542.000
21
-713.361
31
2594.000
0
LINE
8
GRADE-FINISHED
10
546.000
20
-713.361
30
2594.000
11
544.000
21
-713.361
31
2594.000
0
LINE
8
GRADE-FINISHED
10
548.000
20
-713.361
30
2594.000
11
546.000
21
-713.361
31
2594.000
0
LINE
8
GRADE-FINISHED
10
550.000
20
-713.361
30
2594.000
11
548.000
21
-713.361
31
2594.000
0
LINE
8
GRADE-FINISHED
10
552.000
20
-713.361
30
2594.000
11
550.000
21
-713.361
31
2594.000
0
LINE
8
GRADE-FINISHED
10
554.000
20
-713.361
30
2594.000
11
552.000
21
-713.361
31
2594.000
0
LINE
8
GRADE-FINISHED
10
556.000
20
-713.361
30
2594.000
11
554.000
21
-713.361
31
2594.000
0
LINE
8
GRADE-FINISHED
10
558.000
20
-713.361
30
2594.000
11
556.000
21
-713.361
31
2594.000
0
LINE
8
GRADE-FINISHED
10
560.000
20
-713.361
30
2594.000
11
558.000
21
-713.361
31
2594.000
0
LINE
8
GRADE-FINISHED
10
562.000
20
-713.361
30
2594.000
11
560.000
21
-713.361
31
2594.000
0
LINE
8
GRADE-FINISHED
10
564.000
20
-713.361
30
2594.000
11
562.000
21
-713.361
31
2594.000
0
LINE
8
GRADE-FINISHED
10
566.000
20
-713.361
30
2594.000
11
564.000
21
-713.361
31
2594.000
0
LINE
8
GRADE-FINISHED
10
568.000
20
-713.361
30
2594.000
11
566.000
21
-713.361
31
2594.000
0
LINE
8
GRADE-FINISHED
10
570.000
20
-713.361
30
2594.000
11
568.000
21
-713.361
31
2594.000
0
LINE
8
GRADE-FINISHED
10
572.000
20
-713.361
30
2594.000
11
570.000
21
-713.361
31
2594.000
0
LINE
8
GRADE-FINISHED
10
574.000
20
-713.361
30
2594.000
11
572.000
21
-713.361
31
2594.000
0
LINE
8
GRADE-FINISHED
10
576.000
20
-713.361
30
2594.000
11
574.000
21
-713.361
31
2594.000
0
LINE
8
GRADE-FINISHED
10
578.000
20
-713.361
30
2594.000
11
576.000
21
-713.361
31
2594.000
0
LINE
8
GRADE-FINISHED
10
580.000
20
-713.361
30
2594.000
11
578.000
21
-713.361
31
2594.000
0
LINE
8
GRADE-FINISHED
10
582.000
20
-713.361
30
2594.000
11
580.000
21
-713.361
31
2594.000
0
LINE
8
GRADE-FINISHED
10
584.000
20
-713.361
30
2594.000
11
582.000
21
-713.361
31
2594.000
0
LINE
8
GRADE-FINISHED
10
586.000
20
-712.533
30
2594.000
11
584.000
21
-713.361
31
2594.000
0
LINE
8
GRADE-FINISHED
10
587.286
20
-712.000
30
2594.000
11
586.000
21
-712.533
31
2594.000
0
LINE
8
GRADE-FINISHED
10
680.000
20
-712.000
30
2594.000
11
680.000
21
-714.000
31
2594.000
0
LINE
8
GRADE-FINISHED
10
680.000
20
-714.000
30
2594.000
11
680.000
21
-714.000
31
2594.000
0
LINE
8
GRADE-FINISHED
10
682.000
20
-716.000
30
2594.000
11
680.000
21
-714.000
31
2594.000
0
LINE
8
GRADE-FINISHED
10
682.000
20
-716.000
30
2594.000
11
682.000
21
-718.000
31
2594.000
0
LINE
8
GRADE-FINISHED
10
682.000
20
-718.000
30
2594.000
11
682.000
21
-718.000
31
2594.000
0
LINE
8
GRADE-FINISHED
10
684.000
20
-720.000
30
2594.000
11
682.000
21
-718.000
31
2594.000
0
LINE
8
GRADE-FINISHED
10
684.000
20
-720.000
30
2594.000
11
684.000
21
-722.000
31
2594.000
0
LINE
8
GRADE-FINISHED
10
684.000
20
-722.000
30
2594.000
11
684.000
21
-724.000
31
2594.000
0
LINE
8
GRADE-FINISHED
10
684.000
20
-724.000
30
2594.000
11
684.000
21
-726.000
31
2594.000
0
LINE
8
GRADE-FINISHED
10
682.000
20
-728.000
30
2594.000
11
682.000
21
-728.000
31
2594.000
0
LINE
8
GRADE-FINISHED
10
684.000
20
-726.000
30
2594.000
11
682.000
21
-728.000
31
2594.000
0
LINE
8
GRADE-FINISHED
10
682.000
20
-728.000
30
2594.000
11
682.000
21
-730.000
31
2594.000
0
LINE
8
GRADE-FINISHED
10
682.000
20
-730.000
30
2594.000
11
682.000
21
-732.000
31
2594.000
0
LINE
8
GRADE-FINISHED
10
680.000
20
-734.000
30
2594.000
11
680.000
21
-734.000
31
2594.000
0
LINE
8
GRADE-FINISHED
10
682.000
20
-732.000
30
2594.000
11
680.000
21
-734.000
31
2594.000
0
LINE
8
GRADE-FINISHED
10
680.000
20
-734.000
30
2594.000
11
680.000
21
-736.000
31
2594.000
0
LINE
8
GRADE-FINISHED
10
680.000
20
-736.000
30
2594.000
11
680.000
21
-738.000
31
2594.000
0
LINE
8
GRADE-FINISHED
10
680.000
20
-738.000
30
2594.000
11
680.000
21
-740.000
31
2594.000
0
LINE
8
GRADE-FINISHED
10
680.000
20
-740.000
30
2594.000
11
680.000
21
-742.000
31
2594.000
0
LINE
8
GRADE-FINISHED
10
680.000
20
-742.000
30
2594.000
11
680.000
21
-744.000
31
2594.000
0
LINE
8
GRADE-FINISHED
10
680.000
20
-744.000
30
2594.000
11
680.000
21
-746.000
31
2594.000
0
LINE
8
GRADE-FINISHED
10
680.000
20
-746.000
30
2594.000
11
680.000
21
-746.000
31
2594.000
0
LINE
8
GRADE-FINISHED
10
682.000
20
-748.000
30
2594.000
11
680.000
21
-746.000
31
2594.000
0
LINE
8
GRADE-FINISHED
10
682.000
20
-748.000
30
2594.000
11
682.000
21
-750.000
31
2594.000
0
LINE
8
GRADE-FINISHED
10
682.000
20
-750.000
30
2594.000
11
682.000
21
-750.000
31
2594.000
0
LINE
8
GRADE-FINISHED
10
682.667
20
-752.000
30
2594.000
11
682.000
21
-750.000
31
2594.000
0
LINE
8
GRADE-FINISHED
10
682.667
20
-752.000
30
2594.000
11
684.000
21
-754.000
31
2594.000
0
LINE
8
GRADE-FINISHED
10
684.000
20
-754.000
30
2594.000
11
684.000
21
-754.000
31
2594.000
0
LINE
8
GRADE-FINISHED
10
684.667
20
-756.000
30
2594.000
11
684.000
21
-754.000
31
2594.000
0
LINE
8
GRADE-FINISHED
10
684.667
20
-756.000
30
2594.000
11
686.000
21
-758.000
31
2594.000
0
LINE
8
GRADE-FINISHED
10
686.000
20
-758.000
30
2594.000
11
686.000
21
-760.000
31
2594.000
0
LINE
8
GRADE-FINISHED
10
686.000
20
-760.000
30
2594.000
11
686.000
21
-760.000
31
2594.000
0
LINE
8
GRADE-FINISHED
10
688.000
20
-762.000
30
2594.000
11
686.000
21
-760.000
31
2594.000
0
LINE
8
GRADE-FINISHED
10
688.000
20
-762.000
30
2594.000
11
688.000
21
-764.000
31
2594.000
0
LINE
8
GRADE-FINISHED
10
688.000
20
-764.000
30
2594.000
11
688.000
21
-764.000
31
2594.000
0
LINE
8
GRADE-FINISHED
10
690.000
20
-766.000
30
2594.000
11
688.000
21
-764.000
31
2594.000
0
LINE
8
GRADE-FINISHED
10
690.000
20
-766.000
30
2594.000
11
690.000
21
-768.000
31
2594.000
0
LINE
8
GRADE-FINISHED
10
690.000
20
-768.000
30
2594.000
11
690.000
21
-768.000
31
2594.000
0
LINE
8
GRADE-FINISHED
10
692.000
20
-770.000
30
2594.000
11
690.000
21
-768.000
31
2594.000
0
LINE
8
GRADE-FINISHED
10
692.000
20
-770.000
30
2594.000
11
692.000
21
-770.000
31
2594.000
0
LINE
8
GRADE-FINISHED
10
694.000
20
-770.000
30
2594.000
11
692.000
21
-770.000
31
2594.000
0
LINE
8
GRADE-FINISHED
10
696.000
20
-772.000
30
2594.000
11
694.000
21
-770.000
31
2594.000
0
LINE
8
GRADE-FINISHED
10
696.000
20
-772.000
30
2594.000
11
696.000
21
-772.000
31
2594.000
0
LINE
8
GRADE-FINISHED
10
698.000
20
-774.000
30
2594.000
11
696.000
21
-772.000
31
2594.000
0
LINE
8
GRADE-FINISHED
10
698.000
20
-774.000
30
2594.000
11
698.000
21
-774.000
31
2594.000
0
LINE
8
GRADE-FINISHED
10
700.000
20
-776.000
30
2594.000
11
698.000
21
-774.000
31
2594.000
0
LINE
8
GRADE-FINISHED
10
700.000
20
-776.000
30
2594.000
11
700.000
21
-776.000
31
2594.000
0
LINE
8
GRADE-FINISHED
10
702.000
20
-778.000
30
2594.000
11
700.000
21
-776.000
31
2594.000
0
LINE
8
GRADE-FINISHED
10
702.000
20
-778.000
30
2594.000
11
702.000
21
-780.000
31
2594.000
0
LINE
8
GRADE-FINISHED
10
586.000
20
-509.046
30
2595.000
11
585.913
21
-510.000
31
2595.000
0
LINE
8
GRADE-FINISHED
10
588.000
20
-509.296
30
2595.000
11
586.000
21
-509.046
31
2595.000
0
LINE
8
GRADE-FINISHED
10
590.000
20
-509.546
30
2595.000
11
588.000
21
-509.296
31
2595.000
0
LINE
8
GRADE-FINISHED
10
592.000
20
-509.796
30
2595.000
11
590.000
21
-509.546
31
2595.000
0
LINE
8
GRADE-FINISHED
10
593.635
20
-510.000
30
2595.000
11
592.000
21
-509.796
31
2595.000
0
LINE
8
GRADE-FINISHED
10
585.913
20
-510.000
30
2595.000
11
585.753
21
-512.000
31
2595.000
0
LINE
8
GRADE-FINISHED
10
593.635
20
-510.000
30
2595.000
11
594.000
21
-510.046
31
2595.000
0
LINE
8
GRADE-FINISHED
10
596.000
20
-510.296
30
2595.000
11
594.000
21
-510.046
31
2595.000
0
LINE
8
GRADE-FINISHED
10
598.000
20
-510.546
30
2595.000
11
596.000
21
-510.296
31
2595.000
0
LINE
8
GRADE-FINISHED
10
600.000
20
-510.796
30
2595.000
11
598.000
21
-510.546
31
2595.000
0
LINE
8
GRADE-FINISHED
10
602.000
20
-511.046
30
2595.000
11
600.000
21
-510.796
31
2595.000
0
LINE
8
GRADE-FINISHED
10
604.000
20
-511.296
30
2595.000
11
602.000
21
-511.046
31
2595.000
0
LINE
8
GRADE-FINISHED
10
606.000
20
-511.546
30
2595.000
11
604.000
21
-511.296
31
2595.000
0
LINE
8
GRADE-FINISHED
10
608.000
20
-511.796
30
2595.000
11
606.000
21
-511.546
31
2595.000
0
LINE
8
GRADE-FINISHED
10
609.635
20
-512.000
30
2595.000
11
608.000
21
-511.796
31
2595.000
0
LINE
8
GRADE-FINISHED
10
585.753
20
-512.000
30
2595.000
11
585.618
21
-514.000
31
2595.000
0
LINE
8
GRADE-FINISHED
10
609.635
20
-512.000
30
2595.000
11
610.000
21
-512.046
31
2595.000
0
LINE
8
GRADE-FINISHED
10
612.000
20
-512.296
30
2595.000
11
610.000
21
-512.046
31
2595.000
0
LINE
8
GRADE-FINISHED
10
614.000
20
-512.546
30
2595.000
11
612.000
21
-512.296
31
2595.000
0
LINE
8
GRADE-FINISHED
10
616.000
20
-512.796
30
2595.000
11
614.000
21
-512.546
31
2595.000
0
LINE
8
GRADE-FINISHED
10
618.000
20
-513.046
30
2595.000
11
616.000
21
-512.796
31
2595.000
0
LINE
8
GRADE-FINISHED
10
620.000
20
-513.296
30
2595.000
11
618.000
21
-513.046
31
2595.000
0
LINE
8
GRADE-FINISHED
10
622.000
20
-513.546
30
2595.000
11
620.000
21
-513.296
31
2595.000
0
LINE
8
GRADE-FINISHED
10
624.000
20
-513.796
30
2595.000
11
622.000
21
-513.546
31
2595.000
0
LINE
8
GRADE-FINISHED
10
625.635
20
-514.000
30
2595.000
11
624.000
21
-513.796
31
2595.000
0
LINE
8
GRADE-FINISHED
10
585.618
20
-514.000
30
2595.000
11
585.503
21
-516.000
31
2595.000
0
LINE
8
GRADE-FINISHED
10
625.635
20
-514.000
30
2595.000
11
626.000
21
-514.046
31
2595.000
0
LINE
8
GRADE-FINISHED
10
628.000
20
-514.296
30
2595.000
11
626.000
21
-514.046
31
2595.000
0
LINE
8
GRADE-FINISHED
10
630.000
20
-514.546
30
2595.000
11
628.000
21
-514.296
31
2595.000
0
LINE
8
GRADE-FINISHED
10
632.000
20
-514.796
30
2595.000
11
630.000
21
-514.546
31
2595.000
0
LINE
8
GRADE-FINISHED
10
634.000
20
-515.046
30
2595.000
11
632.000
21
-514.796
31
2595.000
0
LINE
8
GRADE-FINISHED
10
636.000
20
-515.476
30
2595.000
11
634.000
21
-515.046
31
2595.000
0
LINE
8
GRADE-FINISHED
10
636.713
20
-516.000
30
2595.000
11
636.000
21
-515.476
31
2595.000
0
LINE
8
GRADE-FINISHED
10
585.503
20
-516.000
30
2595.000
11
585.402
21
-518.000
31
2595.000
0
LINE
8
GRADE-FINISHED
10
636.713
20
-516.000
30
2595.000
11
638.000
21
-516.973
31
2595.000
0
LINE
8
GRADE-FINISHED
10
639.311
20
-518.000
30
2595.000
11
638.000
21
-516.973
31
2595.000
0
LINE
8
GRADE-FINISHED
10
585.402
20
-518.000
30
2595.000
11
585.315
21
-520.000
31
2595.000
0
LINE
8
GRADE-FINISHED
10
639.311
20
-518.000
30
2595.000
11
640.000
21
-518.554
31
2595.000
0
LINE
8
GRADE-FINISHED
10
641.740
20
-520.000
30
2595.000
11
640.000
21
-518.554
31
2595.000
0
LINE
8
GRADE-FINISHED
10
585.315
20
-520.000
30
2595.000
11
585.237
21
-522.000
31
2595.000
0
LINE
8
GRADE-FINISHED
10
641.740
20
-520.000
30
2595.000
11
642.000
21
-520.221
31
2595.000
0
LINE
8
GRADE-FINISHED
10
644.000
20
-521.972
30
2595.000
11
642.000
21
-520.221
31
2595.000
0
LINE
8
GRADE-FINISHED
10
644.031
20
-522.000
30
2595.000
11
644.000
21
-521.972
31
2595.000
0
LINE
8
GRADE-FINISHED
10
585.237
20
-522.000
30
2595.000
11
585.168
21
-524.000
31
2595.000
0
LINE
8
GRADE-FINISHED
10
644.031
20
-522.000
30
2595.000
11
646.000
21
-523.808
31
2595.000
0
LINE
8
GRADE-FINISHED
10
646.203
20
-524.000
30
2595.000
11
646.000
21
-523.808
31
2595.000
0
LINE
8
GRADE-FINISHED
10
585.168
20
-524.000
30
2595.000
11
585.107
21
-526.000
31
2595.000
0
LINE
8
GRADE-FINISHED
10
646.203
20
-524.000
30
2595.000
11
648.000
21
-525.727
31
2595.000
0
LINE
8
GRADE-FINISHED
10
648.276
20
-526.000
30
2595.000
11
648.000
21
-525.727
31
2595.000
0
LINE
8
GRADE-FINISHED
10
585.107
20
-526.000
30
2595.000
11
585.051
21
-528.000
31
2595.000
0
LINE
8
GRADE-FINISHED
10
648.276
20
-526.000
30
2595.000
11
650.000
21
-527.728
31
2595.000
0
LINE
8
GRADE-FINISHED
10
650.264
20
-528.000
30
2595.000
11
650.000
21
-527.728
31
2595.000
0
LINE
8
GRADE-FINISHED
10
585.051
20
-528.000
30
2595.000
11
585.001
21
-530.000
31
2595.000
0
LINE
8
GRADE-FINISHED
10
650.264
20
-528.000
30
2595.000
11
652.000
21
-529.810
31
2595.000
0
LINE
8
GRADE-FINISHED
10
652.178
20
-530.000
30
2595.000
11
652.000
21
-529.810
31
2595.000
0
LINE
8
GRADE-FINISHED
10
585.001
20
-530.000
30
2595.000
11
584.956
21
-532.000
31
2595.000
0
LINE
8
GRADE-FINISHED
10
652.178
20
-530.000
30
2595.000
11
654.000
21
-531.968
31
2595.000
0
LINE
8
GRADE-FINISHED
10
654.029
20
-532.000
30
2595.000
11
654.000
21
-531.968
31
2595.000
0
LINE
8
GRADE-FINISHED
10
584.956
20
-532.000
30
2595.000
11
584.914
21
-534.000
31
2595.000
0
LINE
8
GRADE-FINISHED
10
654.029
20
-532.000
30
2595.000
11
656.000
21
-533.801
31
2595.000
0
LINE
8
GRADE-FINISHED
10
656.218
20
-534.000
30
2595.000
11
656.000
21
-533.801
31
2595.000
0
LINE
8
GRADE-FINISHED
10
584.914
20
-534.000
30
2595.000
11
584.876
21
-536.000
31
2595.000
0
LINE
8
GRADE-FINISHED
10
656.218
20
-534.000
30
2595.000
11
658.000
21
-535.628
31
2595.000
0
LINE
8
GRADE-FINISHED
10
658.408
20
-536.000
30
2595.000
11
658.000
21
-535.628
31
2595.000
0
LINE
8
GRADE-FINISHED
10
584.876
20
-536.000
30
2595.000
11
584.841
21
-538.000
31
2595.000
0
LINE
8
GRADE-FINISHED
10
658.408
20
-536.000
30
2595.000
11
660.000
21
-537.454
31
2595.000
0
LINE
8
GRADE-FINISHED
10
660.597
20
-538.000
30
2595.000
11
660.000
21
-537.454
31
2595.000
0
LINE
8
GRADE-FINISHED
10
584.841
20
-538.000
30
2595.000
11
584.841
21
-540.000
31
2595.000
0
LINE
8
GRADE-FINISHED
10
660.597
20
-538.000
30
2595.000
11
660.597
21
-540.000
31
2595.000
0
LINE
8
GRADE-FINISHED
10
584.841
20
-540.000
30
2595.000
11
584.841
21
-542.000
31
2595.000
0
LINE
8
GRADE-FINISHED
10
660.597
20
-540.000
30
2595.000
11
662.000
21
-541.657
31
2595.000
0
LINE
8
GRADE-FINISHED
10
662.311
20
-542.000
30
2595.000
11
662.000
21
-541.657
31
2595.000
0
LINE
8
GRADE-FINISHED
10
584.841
20
-542.000
30
2595.000
11
584.841
21
-544.000
31
2595.000
0
LINE
8
GRADE-FINISHED
10
662.311
20
-542.000
30
2595.000
11
664.000
21
-543.101
31
2595.000
0
LINE
8
GRADE-FINISHED
10
665.546
20
-544.000
30
2595.000
11
664.000
21
-543.101
31
2595.000
0
LINE
8
GRADE-FINISHED
10
584.841
20
-544.000
30
2595.000
11
584.841
21
-546.000
31
2595.000
0
LINE
8
GRADE-FINISHED
10
665.546
20
-544.000
30
2595.000
11
666.000
21
-544.102
31
2595.000
0
LINE
8
GRADE-FINISHED
10
668.000
20
-544.516
30
2595.000
11
666.000
21
-544.102
31
2595.000
0
LINE
8
GRADE-FINISHED
10
670.000
20
-544.882
30
2595.000
11
668.000
21
-544.516
31
2595.000
0
LINE
8
GRADE-FINISHED
10
672.000
20
-545.208
30
2595.000
11
670.000
21
-544.882
31
2595.000
0
LINE
8
GRADE-FINISHED
10
674.000
20
-545.500
30
2595.000
11
672.000
21
-545.208
31
2595.000
0
LINE
8
GRADE-FINISHED
10
676.000
20
-545.763
30
2595.000
11
674.000
21
-545.500
31
2595.000
0
LINE
8
GRADE-FINISHED
10
677.994
20
-546.000
30
2595.000
11
676.000
21
-545.763
31
2595.000
0
LINE
8
GRADE-FINISHED
10
584.841
20
-546.000
30
2595.000
11
584.841
21
-548.000
31
2595.000
0
LINE
8
GRADE-FINISHED
10
677.994
20
-546.000
30
2595.000
11
678.000
21
-546.002
31
2595.000
0
LINE
8
GRADE-FINISHED
10
680.000
20
-546.522
30
2595.000
11
678.000
21
-546.002
31
2595.000
0
LINE
8
GRADE-FINISHED
10
682.000
20
-546.998
30
2595.000
11
680.000
21
-546.522
31
2595.000
0
LINE
8
GRADE-FINISHED
10
684.000
20
-547.434
30
2595.000
11
682.000
21
-546.998
31
2595.000
0
LINE
8
GRADE-FINISHED
10
686.000
20
-547.881
30
2595.000
11
684.000
21
-547.434
31
2595.000
0
LINE
8
GRADE-FINISHED
10
686.468
20
-548.000
30
2595.000
11
686.000
21
-547.881
31
2595.000
0
LINE
8
GRADE-FINISHED
10
584.841
20
-548.000
30
2595.000
11
584.841
21
-550.000
31
2595.000
0
LINE
8
GRADE-FINISHED
10
686.468
20
-548.000
30
2595.000
11
688.000
21
-549.682
31
2595.000
0
LINE
8
GRADE-FINISHED
10
688.467
20
-550.000
30
2595.000
11
688.000
21
-549.682
31
2595.000
0
LINE
8
GRADE-FINISHED
10
584.841
20
-550.000
30
2595.000
11
584.841
21
-552.000
31
2595.000
0
LINE
8
GRADE-FINISHED
10
688.467
20
-550.000
30
2595.000
11
689.142
21
-552.000
31
2595.000
0
LINE
8
GRADE-FINISHED
10
584.841
20
-552.000
30
2595.000
11
584.841
21
-554.000
31
2595.000
0
LINE
8
GRADE-FINISHED
10
689.142
20
-552.000
30
2595.000
11
690.000
21
-552.940
31
2595.000
0
LINE
8
GRADE-FINISHED
10
691.009
20
-554.000
30
2595.000
11
690.000
21
-552.940
31
2595.000
0
LINE
8
GRADE-FINISHED
10
584.841
20
-554.000
30
2595.000
11
584.841
21
-556.000
31
2595.000
0
LINE
8
GRADE-FINISHED
10
691.009
20
-554.000
30
2595.000
11
691.119
21
-556.000
31
2595.000
0
LINE
8
GRADE-FINISHED
10
584.841
20
-556.000
30
2595.000
11
584.841
21
-558.000
31
2595.000
0
LINE
8
GRADE-FINISHED
10
691.119
20
-556.000
30
2595.000
11
692.000
21
-557.098
31
2595.000
0
LINE
8
GRADE-FINISHED
10
692.857
20
-558.000
30
2595.000
11
692.000
21
-557.098
31
2595.000
0
LINE
8
GRADE-FINISHED
10
584.841
20
-558.000
30
2595.000
11
584.841
21
-560.000
31
2595.000
0
LINE
8
GRADE-FINISHED
10
692.857
20
-558.000
30
2595.000
11
692.950
21
-560.000
31
2595.000
0
LINE
8
GRADE-FINISHED
10
584.841
20
-560.000
30
2595.000
11
584.841
21
-562.000
31
2595.000
0
LINE
8
GRADE-FINISHED
10
692.950
20
-560.000
30
2595.000
11
694.000
21
-561.254
31
2595.000
0
LINE
8
GRADE-FINISHED
10
694.719
20
-562.000
30
2595.000
11
694.000
21
-561.254
31
2595.000
0
LINE
8
GRADE-FINISHED
10
584.841
20
-562.000
30
2595.000
11
584.841
21
-564.000
31
2595.000
0
LINE
8
GRADE-FINISHED
10
694.719
20
-562.000
30
2595.000
11
696.000
21
-563.626
31
2595.000
0
LINE
8
GRADE-FINISHED
10
696.341
20
-564.000
30
2595.000
11
696.000
21
-563.626
31
2595.000
0
LINE
8
GRADE-FINISHED
10
584.841
20
-564.000
30
2595.000
11
584.841
21
-566.000
31
2595.000
0
LINE
8
GRADE-FINISHED
10
696.341
20
-564.000
30
2595.000
11
696.561
21
-566.000
31
2595.000
0
LINE
8
GRADE-FINISHED
10
584.841
20
-566.000
30
2595.000
11
584.841
21
-568.000
31
2595.000
0
LINE
8
GRADE-FINISHED
10
696.561
20
-566.000
30
2595.000
11
698.000
21
-567.808
31
2595.000
0
LINE
8
GRADE-FINISHED
10
698.192
20
-568.000
30
2595.000
11
698.000
21
-567.808
31
2595.000
0
LINE
8
GRADE-FINISHED
10
584.841
20
-568.000
30
2595.000
11
584.841
21
-570.000
31
2595.000
0
LINE
8
GRADE-FINISHED
10
698.192
20
-568.000
30
2595.000
11
698.458
21
-570.000
31
2595.000
0
LINE
8
GRADE-FINISHED
10
484.000
20
-570.000
30
2595.000
11
482.000
21
-572.000
31
2595.000
0
LINE
8
GRADE-FINISHED
10
484.035
20
-572.000
30
2595.000
11
484.000
21
-570.000
31
2595.000
0
LINE
8
GRADE-FINISHED
10
584.841
20
-570.000
30
2595.000
11
584.841
21
-572.000
31
2595.000
0
LINE
8
GRADE-FINISHED
10
698.458
20
-570.000
30
2595.000
11
700.000
21
-571.991
31
2595.000
0
LINE
8
GRADE-FINISHED
10
700.009
20
-572.000
30
2595.000
11
700.000
21
-571.991
31
2595.000
0
LINE
8
GRADE-FINISHED
10
482.000
20
-572.000
30
2595.000
11
480.000
21
-574.000
31
2595.000
0
LINE
8
GRADE-FINISHED
10
482.000
20
-572.000
30
2595.000
11
482.000
21
-572.000
31
2595.000
0
LINE
8
GRADE-FINISHED
10
484.035
20
-572.000
30
2595.000
11
484.091
21
-574.000
31
2595.000
0
LINE
8
GRADE-FINISHED
10
584.841
20
-572.000
30
2595.000
11
584.841
21
-574.000
31
2595.000
0
LINE
8
GRADE-FINISHED
10
700.009
20
-572.000
30
2595.000
11
700.700
21
-574.000
31
2595.000
0
LINE
8
GRADE-FINISHED
10
480.000
20
-574.000
30
2595.000
11
478.000
21
-576.000
31
2595.000
0
LINE
8
GRADE-FINISHED
10
480.000
20
-574.000
30
2595.000
11
480.000
21
-574.000
31
2595.000
0
LINE
8
GRADE-FINISHED
10
484.091
20
-574.000
30
2595.000
11
484.133
21
-576.000
31
2595.000
0
LINE
8
GRADE-FINISHED
10
584.841
20
-574.000
30
2595.000
11
584.841
21
-576.000
31
2595.000
0
LINE
8
GRADE-FINISHED
10
700.700
20
-574.000
30
2595.000
11
700.700
21
-576.000
31
2595.000
0
LINE
8
GRADE-FINISHED
10
442.000
20
-578.000
30
2595.000
11
440.000
21
-576.000
31
2595.000
0
LINE
8
GRADE-FINISHED
10
478.000
20
-576.000
30
2595.000
11
478.000
21
-578.000
31
2595.000
0
LINE
8
GRADE-FINISHED
10
484.133
20
-576.000
30
2595.000
11
484.174
21
-578.000
31
2595.000
0
LINE
8
GRADE-FINISHED
10
584.841
20
-576.000
30
2595.000
11
584.841
21
-578.000
31
2595.000
0
LINE
8
GRADE-FINISHED
10
698.000
20
-577.267
30
2595.000
11
696.537
21
-578.000
31
2595.000
0
LINE
8
GRADE-FINISHED
10
700.000
20
-576.318
30
2595.000
11
698.000
21
-577.267
31
2595.000
0
LINE
8
GRADE-FINISHED
10
700.700
20
-576.000
30
2595.000
11
700.000
21
-576.318
31
2595.000
0
LINE
8
GRADE-FINISHED
10
442.000
20
-578.000
30
2595.000
11
442.000
21
-578.000
31
2595.000
0
LINE
8
GRADE-FINISHED
10
444.000
20
-578.000
30
2595.000
11
442.000
21
-578.000
31
2595.000
0
LINE
8
GRADE-FINISHED
10
446.000
20
-580.000
30
2595.000
11
444.000
21
-578.000
31
2595.000
0
LINE
8
GRADE-FINISHED
10
478.000
20
-578.000
30
2595.000
11
476.000
21
-580.000
31
2595.000
0
LINE
8
GRADE-FINISHED
10
478.000
20
-578.000
30
2595.000
11
478.000
21
-578.000
31
2595.000
0
LINE
8
GRADE-FINISHED
10
484.174
20
-578.000
30
2595.000
11
484.213
21
-580.000
31
2595.000
0
LINE
8
GRADE-FINISHED
10
584.841
20
-578.000
30
2595.000
11
584.841
21
-580.000
31
2595.000
0
LINE
8
GRADE-FINISHED
10
692.000
20
-579.853
30
2595.000
11
691.670
21
-580.000
31
2595.000
0
LINE
8
GRADE-FINISHED
10
694.000
20
-579.001
30
2595.000
11
692.000
21
-579.853
31
2595.000
0
LINE
8
GRADE-FINISHED
10
696.000
20
-578.205
30
2595.000
11
694.000
21
-579.001
31
2595.000
0
LINE
8
GRADE-FINISHED
10
696.537
20
-578.000
30
2595.000
11
696.000
21
-578.205
31
2595.000
0
LINE
8
GRADE-FINISHED
10
446.000
20
-580.000
30
2595.000
11
446.000
21
-580.000
31
2595.000
0
LINE
8
GRADE-FINISHED
10
448.000
20
-580.000
30
2595.000
11
446.000
21
-580.000
31
2595.000
0
LINE
8
GRADE-FINISHED
10
450.000
20
-582.000
30
2595.000
11
448.000
21
-580.000
31
2595.000
0
LINE
8
GRADE-FINISHED
10
476.000
20
-580.000
30
2595.000
11
476.000
21
-582.000
31
2595.000
0
LINE
8
GRADE-FINISHED
10
484.213
20
-580.000
30
2595.000
11
484.250
21
-582.000
31
2595.000
0
LINE
8
GRADE-FINISHED
10
584.841
20
-580.000
30
2595.000
11
584.841
21
-582.000
31
2595.000
0
LINE
8
GRADE-FINISHED
10
688.000
20
-581.754
30
2595.000
11
687.524
21
-582.000
31
2595.000
0
LINE
8
GRADE-FINISHED
10
690.000
20
-580.769
30
2595.000
11
688.000
21
-581.754
31
2595.000
0
LINE
8
GRADE-FINISHED
10
691.670
20
-580.000
30
2595.000
11
690.000
21
-580.769
31
2595.000
0
LINE
8
GRADE-FINISHED
10
450.000
20
-582.000
30
2595.000
11
450.000
21
-582.000
31
2595.000
0
LINE
8
GRADE-FINISHED
10
452.000
20
-582.000
30
2595.000
11
450.000
21
-582.000
31
2595.000
0
LINE
8
GRADE-FINISHED
10
454.000
20
-584.000
30
2595.000
11
452.000
21
-582.000
31
2595.000
0
LINE
8
GRADE-FINISHED
10
474.000
20
-582.000
30
2595.000
11
472.000
21
-584.000
31
2595.000
0
LINE
8
GRADE-FINISHED
10
476.000
20
-582.000
30
2595.000
11
474.000
21
-582.000
31
2595.000
0
LINE
8
GRADE-FINISHED
10
476.000
20
-582.000
30
2595.000
11
476.000
21
-582.000
31
2595.000
0
LINE
8
GRADE-FINISHED
10
484.250
20
-582.000
30
2595.000
11
484.277
21
-584.000
31
2595.000
0
LINE
8
GRADE-FINISHED
10
584.841
20
-582.000
30
2595.000
11
584.841
21
-584.000
31
2595.000
0
LINE
8
GRADE-FINISHED
10
684.000
20
-583.970
30
2595.000
11
683.950
21
-584.000
31
2595.000
0
LINE
8
GRADE-FINISHED
10
686.000
20
-582.818
30
2595.000
11
684.000
21
-583.970
31
2595.000
0
LINE
8
GRADE-FINISHED
10
687.524
20
-582.000
30
2595.000
11
686.000
21
-582.818
31
2595.000
0
LINE
8
GRADE-FINISHED
10
454.000
20
-584.000
30
2595.000
11
454.000
21
-584.000
31
2595.000
0
LINE
8
GRADE-FINISHED
10
456.000
20
-584.000
30
2595.000
11
454.000
21
-584.000
31
2595.000
0
LINE
8
GRADE-FINISHED
10
458.000
20
-584.000
30
2595.000
11
456.000
21
-584.000
31
2595.000
0
LINE
8
GRADE-FINISHED
10
460.000
20
-584.000
30
2595.000
11
458.000
21
-584.000
31
2595.000
0
LINE
8
GRADE-FINISHED
10
462.000
20
-584.000
30
2595.000
11
460.000
21
-584.000
31
2595.000
0
LINE
8
GRADE-FINISHED
10
464.000
20
-586.000
30
2595.000
11
462.000
21
-584.000
31
2595.000
0
LINE
8
GRADE-FINISHED
10
468.000
20
-584.000
30
2595.000
11
466.000
21
-586.000
31
2595.000
0
LINE
8
GRADE-FINISHED
10
470.000
20
-584.000
30
2595.000
11
468.000
21
-584.000
31
2595.000
0
LINE
8
GRADE-FINISHED
10
472.000
20
-584.000
30
2595.000
11
470.000
21
-584.000
31
2595.000
0
LINE
8
GRADE-FINISHED
10
472.000
20
-584.000
30
2595.000
11
472.000
21
-584.000
31
2595.000
0
LINE
8
GRADE-FINISHED
10
484.277
20
-584.000
30
2595.000
11
484.320
21
-586.000
31
2595.000
0
LINE
8
GRADE-FINISHED
10
584.841
20
-584.000
30
2595.000
11
584.841
21
-586.000
31
2595.000
0
LINE
8
GRADE-FINISHED
10
682.000
20
-585.221
30
2595.000
11
680.837
21
-586.000
31
2595.000
0
LINE
8
GRADE-FINISHED
10
683.950
20
-584.000
30
2595.000
11
682.000
21
-585.221
31
2595.000
0
LINE
8
GRADE-FINISHED
10
464.000
20
-586.000
30
2595.000
11
464.000
21
-586.000
31
2595.000
0
LINE
8
GRADE-FINISHED
10
466.000
20
-586.000
30
2595.000
11
464.000
21
-586.000
31
2595.000
0
LINE
8
GRADE-FINISHED
10
466.000
20
-586.000
30
2595.000
11
466.000
21
-586.000
31
2595.000
0
LINE
8
GRADE-FINISHED
10
484.320
20
-586.000
30
2595.000
11
484.377
21
-588.000
31
2595.000
0
LINE
8
GRADE-FINISHED
10
584.841
20
-586.000
30
2595.000
11
584.841
21
-588.000
31
2595.000
0
LINE
8
GRADE-FINISHED
10
680.000
20
-586.586
30
2595.000
11
678.101
21
-588.000
31
2595.000
0
LINE
8
GRADE-FINISHED
10
680.837
20
-586.000
30
2595.000
11
680.000
21
-586.586
31
2595.000
0
LINE
8
GRADE-FINISHED
10
484.377
20
-588.000
30
2595.000
11
484.400
21
-590.000
31
2595.000
0
LINE
8
GRADE-FINISHED
10
584.841
20
-588.000
30
2595.000
11
584.841
21
-590.000
31
2595.000
0
LINE
8
GRADE-FINISHED
10
676.000
20
-589.721
30
2595.000
11
675.678
21
-590.000
31
2595.000
0
LINE
8
GRADE-FINISHED
10
678.000
20
-588.079
30
2595.000
11
676.000
21
-589.721
31
2595.000
0
LINE
8
GRADE-FINISHED
10
678.101
20
-588.000
30
2595.000
11
678.000
21
-588.079
31
2595.000
0
LINE
8
GRADE-FINISHED
10
484.400
20
-590.000
30
2595.000
11
484.444
21
-592.000
31
2595.000
0
LINE
8
GRADE-FINISHED
10
584.841
20
-590.000
30
2595.000
11
584.841
21
-592.000
31
2595.000
0
LINE
8
GRADE-FINISHED
10
674.000
20
-591.534
30
2595.000
11
673.517
21
-592.000
31
2595.000
0
LINE
8
GRADE-FINISHED
10
675.678
20
-590.000
30
2595.000
11
674.000
21
-591.534
31
2595.000
0
LINE
8
GRADE-FINISHED
10
484.444
20
-592.000
30
2595.000
11
484.500
21
-594.000
31
2595.000
0
LINE
8
GRADE-FINISHED
10
584.841
20
-592.000
30
2595.000
11
584.841
21
-594.000
31
2595.000
0
LINE
8
GRADE-FINISHED
10
672.000
20
-593.547
30
2595.000
11
671.578
21
-594.000
31
2595.000
0
LINE
8
GRADE-FINISHED
10
673.517
20
-592.000
30
2595.000
11
672.000
21
-593.547
31
2595.000
0
LINE
8
GRADE-FINISHED
10
484.500
20
-594.000
30
2595.000
11
484.558
21
-596.000
31
2595.000
0
LINE
8
GRADE-FINISHED
10
584.841
20
-594.000
30
2595.000
11
584.841
21
-596.000
31
2595.000
0
LINE
8
GRADE-FINISHED
10
670.000
20
-595.794
30
2595.000
11
669.828
21
-596.000
31
2595.000
0
LINE
8
GRADE-FINISHED
10
671.578
20
-594.000
30
2595.000
11
670.000
21
-595.794
31
2595.000
0
LINE
8
GRADE-FINISHED
10
484.558
20
-596.000
30
2595.000
11
484.606
21
-598.000
31
2595.000
0
LINE
8
GRADE-FINISHED
10
584.841
20
-596.000
30
2595.000
11
584.841
21
-598.000
31
2595.000
0
LINE
8
GRADE-FINISHED
10
669.828
20
-596.000
30
2595.000
11
668.241
21
-598.000
31
2595.000
0
LINE
8
GRADE-FINISHED
10
484.606
20
-598.000
30
2595.000
11
484.656
21
-600.000
31
2595.000
0
LINE
8
GRADE-FINISHED
10
584.841
20
-598.000
30
2595.000
11
584.841
21
-600.000
31
2595.000
0
LINE
8
GRADE-FINISHED
10
668.000
20
-598.320
30
2595.000
11
666.794
21
-600.000
31
2595.000
0
LINE
8
GRADE-FINISHED
10
668.241
20
-598.000
30
2595.000
11
668.000
21
-598.320
31
2595.000
0
LINE
8
GRADE-FINISHED
10
484.656
20
-600.000
30
2595.000
11
484.703
21
-602.000
31
2595.000
0
LINE
8
GRADE-FINISHED
10
584.841
20
-600.000
30
2595.000
11
584.841
21
-602.000
31
2595.000
0
LINE
8
GRADE-FINISHED
10
666.000
20
-601.180
30
2595.000
11
665.471
21
-602.000
31
2595.000
0
LINE
8
GRADE-FINISHED
10
666.794
20
-600.000
30
2595.000
11
666.000
21
-601.180
31
2595.000
0
LINE
8
GRADE-FINISHED
10
484.703
20
-602.000
30
2595.000
11
484.746
21
-604.000
31
2595.000
0
LINE
8
GRADE-FINISHED
10
584.841
20
-602.000
30
2595.000
11
584.841
21
-604.000
31
2595.000
0
LINE
8
GRADE-FINISHED
10
665.471
20
-602.000
30
2595.000
11
664.256
21
-604.000
31
2595.000
0
LINE
8
GRADE-FINISHED
10
484.746
20
-604.000
30
2595.000
11
484.746
21
-606.000
31
2595.000
0
LINE
8
GRADE-FINISHED
10
558.000
20
-605.884
30
2595.000
11
556.708
21
-606.000
31
2595.000
0
LINE
8
GRADE-FINISHED
10
560.000
20
-605.729
30
2595.000
11
558.000
21
-605.884
31
2595.000
0
LINE
8
GRADE-FINISHED
10
562.000
20
-605.598
30
2595.000
11
560.000
21
-605.729
31
2595.000
0
LINE
8
GRADE-FINISHED
10
564.000
20
-605.485
30
2595.000
11
562.000
21
-605.598
31
2595.000
0
LINE
8
GRADE-FINISHED
10
566.000
20
-605.387
30
2595.000
11
564.000
21
-605.485
31
2595.000
0
LINE
8
GRADE-FINISHED
10
568.000
20
-605.301
30
2595.000
11
566.000
21
-605.387
31
2595.000
0
LINE
8
GRADE-FINISHED
10
570.000
20
-605.225
30
2595.000
11
568.000
21
-605.301
31
2595.000
0
LINE
8
GRADE-FINISHED
10
572.000
20
-605.157
30
2595.000
11
570.000
21
-605.225
31
2595.000
0
LINE
8
GRADE-FINISHED
10
574.000
20
-605.097
30
2595.000
11
572.000
21
-605.157
31
2595.000
0
LINE
8
GRADE-FINISHED
10
576.000
20
-605.043
30
2595.000
11
574.000
21
-605.097
31
2595.000
0
LINE
8
GRADE-FINISHED
10
578.000
20
-604.993
30
2595.000
11
576.000
21
-605.043
31
2595.000
0
LINE
8
GRADE-FINISHED
10
580.000
20
-604.948
30
2595.000
11
578.000
21
-604.993
31
2595.000
0
LINE
8
GRADE-FINISHED
10
582.000
20
-604.907
30
2595.000
11
580.000
21
-604.948
31
2595.000
0
LINE
8
GRADE-FINISHED
10
584.000
20
-604.870
30
2595.000
11
582.000
21
-604.907
31
2595.000
0
LINE
8
GRADE-FINISHED
10
584.841
20
-604.000
30
2595.000
11
584.000
21
-604.870
31
2595.000
0
LINE
8
GRADE-FINISHED
10
664.000
20
-604.443
30
2595.000
11
663.136
21
-606.000
31
2595.000
0
LINE
8
GRADE-FINISHED
10
664.256
20
-604.000
30
2595.000
11
664.000
21
-604.443
31
2595.000
0
LINE
8
GRADE-FINISHED
10
484.746
20
-606.000
30
2595.000
11
484.746
21
-608.000
31
2595.000
0
LINE
8
GRADE-FINISHED
10
556.708
20
-606.000
30
2595.000
11
556.708
21
-608.000
31
2595.000
0
LINE
8
GRADE-FINISHED
10
663.136
20
-606.000
30
2595.000
11
662.101
21
-608.000
31
2595.000
0
LINE
8
GRADE-FINISHED
10
484.746
20
-608.000
30
2595.000
11
484.746
21
-610.000
31
2595.000
0
LINE
8
GRADE-FINISHED
10
556.708
20
-608.000
30
2595.000
11
556.708
21
-610.000
31
2595.000
0
LINE
8
GRADE-FINISHED
10
662.000
20
-608.203
30
2595.000
11
661.141
21
-610.000
31
2595.000
0
LINE
8
GRADE-FINISHED
10
662.101
20
-608.000
30
2595.000
11
662.000
21
-608.203
31
2595.000
0
LINE
8
GRADE-FINISHED
10
484.746
20
-610.000
30
2595.000
11
484.755
21
-612.000
31
2595.000
0
LINE
8
GRADE-FINISHED
10
556.708
20
-610.000
30
2595.000
11
556.708
21
-612.000
31
2595.000
0
LINE
8
GRADE-FINISHED
10
661.141
20
-610.000
30
2595.000
11
661.295
21
-612.000
31
2595.000
0
LINE
8
GRADE-FINISHED
10
484.755
20
-612.000
30
2595.000
11
484.769
21
-614.000
31
2595.000
0
LINE
8
GRADE-FINISHED
10
556.708
20
-612.000
30
2595.000
11
556.708
21
-614.000
31
2595.000
0
LINE
8
GRADE-FINISHED
10
660.000
20
-614.000
30
2595.000
11
660.000
21
-614.000
31
2595.000
0
LINE
8
GRADE-FINISHED
10
661.295
20
-612.000
30
2595.000
11
660.000
21
-614.000
31
2595.000
0
LINE
8
GRADE-FINISHED
10
484.769
20
-614.000
30
2595.000
11
484.782
21
-616.000
31
2595.000
0
LINE
8
GRADE-FINISHED
10
556.708
20
-614.000
30
2595.000
11
556.708
21
-616.000
31
2595.000
0
LINE
8
GRADE-FINISHED
10
660.000
20
-614.000
30
2595.000
11
660.000
21
-616.000
31
2595.000
0
LINE
8
GRADE-FINISHED
10
484.782
20
-616.000
30
2595.000
11
484.791
21
-618.000
31
2595.000
0
LINE
8
GRADE-FINISHED
10
556.708
20
-616.000
30
2595.000
11
556.708
21
-618.000
31
2595.000
0
LINE
8
GRADE-FINISHED
10
660.000
20
-616.000
30
2595.000
11
660.000
21
-618.000
31
2595.000
0
LINE
8
GRADE-FINISHED
10
484.791
20
-618.000
30
2595.000
11
484.804
21
-620.000
31
2595.000
0
LINE
8
GRADE-FINISHED
10
556.708
20
-618.000
30
2595.000
11
558.000
21
-618.116
31
2595.000
0
LINE
8
GRADE-FINISHED
10
560.000
20
-618.271
30
2595.000
11
558.000
21
-618.116
31
2595.000
0
LINE
8
GRADE-FINISHED
10
562.000
20
-618.402
30
2595.000
11
560.000
21
-618.271
31
2595.000
0
LINE
8
GRADE-FINISHED
10
564.000
20
-618.515
30
2595.000
11
562.000
21
-618.402
31
2595.000
0
LINE
8
GRADE-FINISHED
10
566.000
20
-618.613
30
2595.000
11
564.000
21
-618.515
31
2595.000
0
LINE
8
GRADE-FINISHED
10
568.000
20
-618.699
30
2595.000
11
566.000
21
-618.613
31
2595.000
0
LINE
8
GRADE-FINISHED
10
570.000
20
-618.775
30
2595.000
11
568.000
21
-618.699
31
2595.000
0
LINE
8
GRADE-FINISHED
10
572.000
20
-618.843
30
2595.000
11
570.000
21
-618.775
31
2595.000
0
LINE
8
GRADE-FINISHED
10
574.000
20
-618.903
30
2595.000
11
572.000
21
-618.843
31
2595.000
0
LINE
8
GRADE-FINISHED
10
576.000
20
-618.957
30
2595.000
11
574.000
21
-618.903
31
2595.000
0
LINE
8
GRADE-FINISHED
10
578.000
20
-619.007
30
2595.000
11
576.000
21
-618.957
31
2595.000
0
LINE
8
GRADE-FINISHED
10
580.000
20
-619.052
30
2595.000
11
578.000
21
-619.007
31
2595.000
0
LINE
8
GRADE-FINISHED
10
582.000
20
-619.093
30
2595.000
11
580.000
21
-619.052
31
2595.000
0
LINE
8
GRADE-FINISHED
10
584.000
20
-619.130
30
2595.000
11
582.000
21
-619.093
31
2595.000
0
LINE
8
GRADE-FINISHED
10
584.841
20
-620.000
30
2595.000
11
584.000
21
-619.130
31
2595.000
0
LINE
8
GRADE-FINISHED
10
660.000
20
-618.000
30
2595.000
11
660.000
21
-620.000
31
2595.000
0
LINE
8
GRADE-FINISHED
10
484.804
20
-620.000
30
2595.000
11
484.813
21
-622.000
31
2595.000
0
LINE
8
GRADE-FINISHED
10
584.841
20
-620.000
30
2595.000
11
584.841
21
-622.000
31
2595.000
0
LINE
8
GRADE-FINISHED
10
660.000
20
-620.000
30
2595.000
11
660.000
21
-622.000
31
2595.000
0
LINE
8
GRADE-FINISHED
10
484.813
20
-622.000
30
2595.000
11
484.825
21
-624.000
31
2595.000
0
LINE
8
GRADE-FINISHED
10
584.841
20
-622.000
30
2595.000
11
584.841
21
-624.000
31
2595.000
0
LINE
8
GRADE-FINISHED
10
660.000
20
-622.000
30
2595.000
11
660.000
21
-624.000
31
2595.000
0
LINE
8
GRADE-FINISHED
10
484.825
20
-624.000
30
2595.000
11
484.833
21
-626.000
31
2595.000
0
LINE
8
GRADE-FINISHED
10
584.841
20
-624.000
30
2595.000
11
584.841
21
-626.000
31
2595.000
0
LINE
8
GRADE-FINISHED
10
660.000
20
-624.000
30
2595.000
11
660.000
21
-626.000
31
2595.000
0
LINE
8
GRADE-FINISHED
10
484.833
20
-626.000
30
2595.000
11
484.845
21
-628.000
31
2595.000
0
LINE
8
GRADE-FINISHED
10
584.841
20
-626.000
30
2595.000
11
584.841
21
-628.000
31
2595.000
0
LINE
8
GRADE-FINISHED
10
660.000
20
-626.000
30
2595.000
11
660.000
21
-628.000
31
2595.000
0
LINE
8
GRADE-FINISHED
10
484.845
20
-628.000
30
2595.000
11
484.857
21
-630.000
31
2595.000
0
LINE
8
GRADE-FINISHED
10
584.841
20
-628.000
30
2595.000
11
584.841
21
-630.000
31
2595.000
0
LINE
8
GRADE-FINISHED
10
660.000
20
-628.000
30
2595.000
11
660.000
21
-630.000
31
2595.000
0
LINE
8
GRADE-FINISHED
10
484.857
20
-630.000
30
2595.000
11
484.865
21
-632.000
31
2595.000
0
LINE
8
GRADE-FINISHED
10
584.841
20
-630.000
30
2595.000
11
584.841
21
-632.000
31
2595.000
0
LINE
8
GRADE-FINISHED
10
660.000
20
-630.000
30
2595.000
11
660.000
21
-632.000
31
2595.000
0
LINE
8
GRADE-FINISHED
10
484.865
20
-632.000
30
2595.000
11
484.876
21
-634.000
31
2595.000
0
LINE
8
GRADE-FINISHED
10
584.841
20
-632.000
30
2595.000
11
584.841
21
-634.000
31
2595.000
0
LINE
8
GRADE-FINISHED
10
660.000
20
-632.000
30
2595.000
11
660.000
21
-634.000
31
2595.000
0
LINE
8
GRADE-FINISHED
10
484.876
20
-634.000
30
2595.000
11
484.884
21
-636.000
31
2595.000
0
LINE
8
GRADE-FINISHED
10
584.841
20
-634.000
30
2595.000
11
584.841
21
-636.000
31
2595.000
0
LINE
8
GRADE-FINISHED
10
660.000
20
-634.000
30
2595.000
11
660.000
21
-636.000
31
2595.000
0
LINE
8
GRADE-FINISHED
10
484.884
20
-636.000
30
2595.000
11
484.895
21
-638.000
31
2595.000
0
LINE
8
GRADE-FINISHED
10
584.841
20
-636.000
30
2595.000
11
584.841
21
-638.000
31
2595.000
0
LINE
8
GRADE-FINISHED
10
660.000
20
-636.000
30
2595.000
11
658.442
21
-638.000
31
2595.000
0
LINE
8
GRADE-FINISHED
10
484.895
20
-638.000
30
2595.000
11
484.905
21
-640.000
31
2595.000
0
LINE
8
GRADE-FINISHED
10
584.841
20
-638.000
30
2595.000
11
584.841
21
-640.000
31
2595.000
0
LINE
8
GRADE-FINISHED
10
658.442
20
-638.000
30
2595.000
11
658.442
21
-640.000
31
2595.000
0
LINE
8
GRADE-FINISHED
10
484.905
20
-640.000
30
2595.000
11
484.916
21
-642.000
31
2595.000
0
LINE
8
GRADE-FINISHED
10
584.841
20
-640.000
30
2595.000
11
584.841
21
-642.000
31
2595.000
0
LINE
8
GRADE-FINISHED
10
658.442
20
-640.000
30
2595.000
11
658.442
21
-642.000
31
2595.000
0
LINE
8
GRADE-FINISHED
10
690.000
20
-641.748
30
2595.000
11
689.896
21
-642.000
31
2595.000
0
LINE
8
GRADE-FINISHED
10
690.433
20
-642.000
30
2595.000
11
690.000
21
-641.748
31
2595.000
0
LINE
8
GRADE-FINISHED
10
484.916
20
-642.000
30
2595.000
11
484.923
21
-644.000
31
2595.000
0
LINE
8
GRADE-FINISHED
10
584.841
20
-642.000
30
2595.000
11
584.841
21
-644.000
31
2595.000
0
LINE
8
GRADE-FINISHED
10
658.442
20
-642.000
30
2595.000
11
658.442
21
-644.000
31
2595.000
0
LINE
8
GRADE-FINISHED
10
689.896
20
-642.000
30
2595.000
11
689.879
21
-644.000
31
2595.000
0
LINE
8
GRADE-FINISHED
10
690.433
20
-642.000
30
2595.000
11
690.329
21
-644.000
31
2595.000
0
LINE
8
GRADE-FINISHED
10
484.923
20
-644.000
30
2595.000
11
484.933
21
-646.000
31
2595.000
0
LINE
8
GRADE-FINISHED
10
584.841
20
-644.000
30
2595.000
11
584.841
21
-646.000
31
2595.000
0
LINE
8
GRADE-FINISHED
10
658.442
20
-644.000
30
2595.000
11
658.839
21
-646.000
31
2595.000
0
LINE
8
GRADE-FINISHED
10
689.879
20
-644.000
30
2595.000
11
690.000
21
-645.714
31
2595.000
0
LINE
8
GRADE-FINISHED
10
690.329
20
-644.000
30
2595.000
11
690.000
21
-645.714
31
2595.000
0
LINE
8
GRADE-FINISHED
10
484.933
20
-646.000
30
2595.000
11
484.943
21
-648.000
31
2595.000
0
LINE
8
GRADE-FINISHED
10
584.841
20
-646.000
30
2595.000
11
584.841
21
-648.000
31
2595.000
0
LINE
8
GRADE-FINISHED
10
658.839
20
-646.000
30
2595.000
11
660.000
21
-647.350
31
2595.000
0
LINE
8
GRADE-FINISHED
10
660.480
20
-648.000
30
2595.000
11
660.000
21
-647.350
31
2595.000
0
LINE
8
GRADE-FINISHED
10
688.000
20
-647.446
30
2595.000
11
687.775
21
-648.000
31
2595.000
0
LINE
8
GRADE-FINISHED
10
689.244
20
-648.000
30
2595.000
11
688.000
21
-647.446
31
2595.000
0
LINE
8
GRADE-FINISHED
10
484.943
20
-648.000
30
2595.000
11
484.950
21
-650.000
31
2595.000
0
LINE
8
GRADE-FINISHED
10
584.841
20
-648.000
30
2595.000
11
584.841
21
-650.000
31
2595.000
0
LINE
8
GRADE-FINISHED
10
660.480
20
-648.000
30
2595.000
11
662.000
21
-649.810
31
2595.000
0
LINE
8
GRADE-FINISHED
10
662.167
20
-650.000
30
2595.000
11
662.000
21
-649.810
31
2595.000
0
LINE
8
GRADE-FINISHED
10
687.775
20
-648.000
30
2595.000
11
687.682
21
-650.000
31
2595.000
0
LINE
8
GRADE-FINISHED
10
689.244
20
-648.000
30
2595.000
11
689.016
21
-650.000
31
2595.000
0
LINE
8
GRADE-FINISHED
10
484.950
20
-650.000
30
2595.000
11
484.960
21
-652.000
31
2595.000
0
LINE
8
GRADE-FINISHED
10
584.841
20
-650.000
30
2595.000
11
584.841
21
-652.000
31
2595.000
0
LINE
8
GRADE-FINISHED
10
662.167
20
-650.000
30
2595.000
11
663.920
21
-652.000
31
2595.000
0
LINE
8
GRADE-FINISHED
10
687.682
20
-650.000
30
2595.000
11
687.325
21
-652.000
31
2595.000
0
LINE
8
GRADE-FINISHED
10
689.016
20
-650.000
30
2595.000
11
688.767
21
-652.000
31
2595.000
0
LINE
8
GRADE-FINISHED
10
484.960
20
-652.000
30
2595.000
11
484.969
21
-654.000
31
2595.000
0
LINE
8
GRADE-FINISHED
10
584.841
20
-652.000
30
2595.000
11
584.841
21
-654.000
31
2595.000
0
LINE
8
GRADE-FINISHED
10
663.920
20
-652.000
30
2595.000
11
664.000
21
-652.091
31
2595.000
0
LINE
8
GRADE-FINISHED
10
665.680
20
-654.000
30
2595.000
11
664.000
21
-652.091
31
2595.000
0
LINE
8
GRADE-FINISHED
10
686.000
20
-653.122
30
2595.000
11
685.652
21
-654.000
31
2595.000
0
LINE
8
GRADE-FINISHED
10
687.325
20
-652.000
30
2595.000
11
686.000
21
-653.122
31
2595.000
0
LINE
8
GRADE-FINISHED
10
688.767
20
-652.000
30
2595.000
11
688.356
21
-654.000
31
2595.000
0
LINE
8
GRADE-FINISHED
10
484.969
20
-654.000
30
2595.000
11
484.979
21
-656.000
31
2595.000
0
LINE
8
GRADE-FINISHED
10
584.841
20
-654.000
30
2595.000
11
584.841
21
-656.000
31
2595.000
0
LINE
8
GRADE-FINISHED
10
665.680
20
-654.000
30
2595.000
11
666.000
21
-654.381
31
2595.000
0
LINE
8
GRADE-FINISHED
10
667.360
20
-656.000
30
2595.000
11
666.000
21
-654.381
31
2595.000
0
LINE
8
GRADE-FINISHED
10
685.652
20
-654.000
30
2595.000
11
685.525
21
-656.000
31
2595.000
0
LINE
8
GRADE-FINISHED
10
688.000
20
-655.857
30
2595.000
11
687.958
21
-656.000
31
2595.000
0
LINE
8
GRADE-FINISHED
10
688.356
20
-654.000
30
2595.000
11
688.000
21
-655.857
31
2595.000
0
LINE
8
GRADE-FINISHED
10
484.979
20
-656.000
30
2595.000
11
484.985
21
-658.000
31
2595.000
0
LINE
8
GRADE-FINISHED
10
584.841
20
-656.000
30
2595.000
11
584.841
21
-658.000
31
2595.000
0
LINE
8
GRADE-FINISHED
10
667.360
20
-656.000
30
2595.000
11
668.000
21
-656.727
31
2595.000
0
LINE
8
GRADE-FINISHED
10
669.120
20
-658.000
30
2595.000
11
668.000
21
-656.727
31
2595.000
0
LINE
8
GRADE-FINISHED
10
685.525
20
-656.000
30
2595.000
11
684.844
21
-658.000
31
2595.000
0
LINE
8
GRADE-FINISHED
10
687.958
20
-656.000
30
2595.000
11
687.552
21
-658.000
31
2595.000
0
LINE
8
GRADE-FINISHED
10
484.985
20
-658.000
30
2595.000
11
484.994
21
-660.000
31
2595.000
0
LINE
8
GRADE-FINISHED
10
584.841
20
-658.000
30
2595.000
11
584.841
21
-660.000
31
2595.000
0
LINE
8
GRADE-FINISHED
10
669.120
20
-658.000
30
2595.000
11
670.000
21
-659.048
31
2595.000
0
LINE
8
GRADE-FINISHED
10
670.800
20
-660.000
30
2595.000
11
670.000
21
-659.048
31
2595.000
0
LINE
8
GRADE-FINISHED
10
684.000
20
-658.800
30
2595.000
11
683.418
21
-660.000
31
2595.000
0
LINE
8
GRADE-FINISHED
10
684.844
20
-658.000
30
2595.000
11
684.000
21
-658.800
31
2595.000
0
LINE
8
GRADE-FINISHED
10
687.552
20
-658.000
30
2595.000
11
687.205
21
-660.000
31
2595.000
0
LINE
8
GRADE-FINISHED
10
484.994
20
-660.000
30
2595.000
11
485.003
21
-662.000
31
2595.000
0
LINE
8
GRADE-FINISHED
10
584.841
20
-660.000
30
2595.000
11
584.841
21
-662.000
31
2595.000
0
LINE
8
GRADE-FINISHED
10
670.800
20
-660.000
30
2595.000
11
672.000
21
-661.364
31
2595.000
0
LINE
8
GRADE-FINISHED
10
672.560
20
-662.000
30
2595.000
11
672.000
21
-661.364
31
2595.000
0
LINE
8
GRADE-FINISHED
10
683.418
20
-660.000
30
2595.000
11
683.307
21
-662.000
31
2595.000
0
LINE
8
GRADE-FINISHED
10
687.205
20
-660.000
30
2595.000
11
686.795
21
-662.000
31
2595.000
0
LINE
8
GRADE-FINISHED
10
485.003
20
-662.000
30
2595.000
11
485.009
21
-664.000
31
2595.000
0
LINE
8
GRADE-FINISHED
10
584.841
20
-662.000
30
2595.000
11
584.841
21
-664.000
31
2595.000
0
LINE
8
GRADE-FINISHED
10
672.560
20
-662.000
30
2595.000
11
674.000
21
-663.636
31
2595.000
0
LINE
8
GRADE-FINISHED
10
674.320
20
-664.000
30
2595.000
11
674.000
21
-663.636
31
2595.000
0
LINE
8
GRADE-FINISHED
10
683.307
20
-662.000
30
2595.000
11
682.483
21
-664.000
31
2595.000
0
LINE
8
GRADE-FINISHED
10
686.795
20
-662.000
30
2595.000
11
686.411
21
-664.000
31
2595.000
0
LINE
8
GRADE-FINISHED
10
485.009
20
-664.000
30
2595.000
11
485.017
21
-666.000
31
2595.000
0
LINE
8
GRADE-FINISHED
10
584.841
20
-664.000
30
2595.000
11
584.841
21
-666.000
31
2595.000
0
LINE
8
GRADE-FINISHED
10
674.320
20
-664.000
30
2595.000
11
676.000
21
-666.000
31
2595.000
0
LINE
8
GRADE-FINISHED
10
682.000
20
-664.452
30
2595.000
11
680.820
21
-666.000
31
2595.000
0
LINE
8
GRADE-FINISHED
10
682.483
20
-664.000
30
2595.000
11
682.000
21
-664.452
31
2595.000
0
LINE
8
GRADE-FINISHED
10
686.411
20
-664.000
30
2595.000
11
686.027
21
-666.000
31
2595.000
0
LINE
8
GRADE-FINISHED
10
485.017
20
-666.000
30
2595.000
11
485.026
21
-668.000
31
2595.000
0
LINE
8
GRADE-FINISHED
10
584.841
20
-666.000
30
2595.000
11
584.841
21
-668.000
31
2595.000
0
LINE
8
GRADE-FINISHED
10
676.000
20
-666.000
30
2595.000
11
676.000
21
-666.000
31
2595.000
0
LINE
8
GRADE-FINISHED
10
677.760
20
-668.000
30
2595.000
11
676.000
21
-666.000
31
2595.000
0
LINE
8
GRADE-FINISHED
10
680.820
20
-666.000
30
2595.000
11
680.538
21
-668.000
31
2595.000
0
LINE
8
GRADE-FINISHED
10
686.000
20
-666.133
30
2595.000
11
685.616
21
-668.000
31
2595.000
0
LINE
8
GRADE-FINISHED
10
686.027
20
-666.000
30
2595.000
11
686.000
21
-666.133
31
2595.000
0
LINE
8
GRADE-FINISHED
10
710.000
20
-667.950
30
2595.000
11
709.778
21
-668.000
31
2595.000
0
LINE
8
GRADE-FINISHED
10
710.023
20
-668.000
30
2595.000
11
710.000
21
-667.950
31
2595.000
0
LINE
8
GRADE-FINISHED
10
485.026
20
-668.000
30
2595.000
11
485.034
21
-670.000
31
2595.000
0
LINE
8
GRADE-FINISHED
10
584.841
20
-668.000
30
2595.000
11
584.841
21
-670.000
31
2595.000
0
LINE
8
GRADE-FINISHED
10
677.760
20
-668.000
30
2595.000
11
678.000
21
-668.286
31
2595.000
0
LINE
8
GRADE-FINISHED
10
679.714
20
-670.000
30
2595.000
11
678.000
21
-668.286
31
2595.000
0
LINE
8
GRADE-FINISHED
10
680.538
20
-668.000
30
2595.000
11
680.071
21
-670.000
31
2595.000
0
LINE
8
GRADE-FINISHED
10
685.616
20
-668.000
30
2595.000
11
685.233
21
-670.000
31
2595.000
0
LINE
8
GRADE-FINISHED
10
706.000
20
-669.747
30
2595.000
11
705.193
21
-670.000
31
2595.000
0
LINE
8
GRADE-FINISHED
10
708.000
20
-669.429
30
2595.000
11
706.000
21
-669.747
31
2595.000
0
LINE
8
GRADE-FINISHED
10
709.778
20
-668.000
30
2595.000
11
710.000
21
-668.067
31
2595.000
0
LINE
8
GRADE-FINISHED
10
708.199
20
-670.000
30
2595.000
11
708.000
21
-669.429
31
2595.000
0
LINE
8
GRADE-FINISHED
10
710.023
20
-668.000
30
2595.000
11
710.000
21
-668.067
31
2595.000
0
LINE
8
GRADE-FINISHED
10
485.034
20
-670.000
30
2595.000
11
485.040
21
-672.000
31
2595.000
0
LINE
8
GRADE-FINISHED
10
584.841
20
-670.000
30
2595.000
11
584.841
21
-672.000
31
2595.000
0
LINE
8
GRADE-FINISHED
10
679.714
20
-670.000
30
2595.000
11
680.000
21
-670.067
31
2595.000
0
LINE
8
GRADE-FINISHED
10
680.071
20
-670.000
30
2595.000
11
680.000
21
-670.067
31
2595.000
0
LINE
8
GRADE-FINISHED
10
685.233
20
-670.000
30
2595.000
11
685.127
21
-672.000
31
2595.000
0
LINE
8
GRADE-FINISHED
10
700.000
20
-671.635
30
2595.000
11
698.730
21
-672.000
31
2595.000
0
LINE
8
GRADE-FINISHED
10
701.031
20
-672.000
30
2595.000
11
700.000
21
-671.635
31
2595.000
0
LINE
8
GRADE-FINISHED
10
704.000
20
-671.428
30
2595.000
11
703.521
21
-672.000
31
2595.000
0
LINE
8
GRADE-FINISHED
10
705.193
20
-670.000
30
2595.000
11
704.000
21
-671.428
31
2595.000
0
LINE
8
GRADE-FINISHED
10
708.000
20
-670.208
30
2595.000
11
706.317
21
-672.000
31
2595.000
0
LINE
8
GRADE-FINISHED
10
708.199
20
-670.000
30
2595.000
11
708.000
21
-670.208
31
2595.000
0
LINE
8
GRADE-FINISHED
10
485.040
20
-672.000
30
2595.000
11
485.048
21
-674.000
31
2595.000
0
LINE
8
GRADE-FINISHED
10
584.841
20
-672.000
30
2595.000
11
584.841
21
-674.000
31
2595.000
0
LINE
8
GRADE-FINISHED
10
685.127
20
-672.000
30
2595.000
11
686.000
21
-673.600
31
2595.000
0
LINE
8
GRADE-FINISHED
10
686.480
20
-674.000
30
2595.000
11
686.000
21
-673.600
31
2595.000
0
LINE
8
GRADE-FINISHED
10
694.000
20
-673.611
30
2595.000
11
693.306
21
-674.000
31
2595.000
0
LINE
8
GRADE-FINISHED
10
696.000
20
-673.375
30
2595.000
11
694.000
21
-673.611
31
2595.000
0
LINE
8
GRADE-FINISHED
10
698.000
20
-672.622
30
2595.000
11
696.000
21
-673.375
31
2595.000
0
LINE
8
GRADE-FINISHED
10
698.730
20
-672.000
30
2595.000
11
698.000
21
-672.622
31
2595.000
0
LINE
8
GRADE-FINISHED
10
701.031
20
-672.000
30
2595.000
11
702.000
21
-672.944
31
2595.000
0
LINE
8
GRADE-FINISHED
10
703.521
20
-672.000
30
2595.000
11
702.000
21
-672.944
31
2595.000
0
LINE
8
GRADE-FINISHED
10
706.000
20
-672.331
30
2595.000
11
704.440
21
-674.000
31
2595.000
0
LINE
8
GRADE-FINISHED
10
706.317
20
-672.000
30
2595.000
11
706.000
21
-672.331
31
2595.000
0
LINE
8
GRADE-FINISHED
10
485.048
20
-674.000
30
2595.000
11
485.056
21
-676.000
31
2595.000
0
LINE
8
GRADE-FINISHED
10
584.841
20
-674.000
30
2595.000
11
584.841
21
-676.000
31
2595.000
0
LINE
8
GRADE-FINISHED
10
686.480
20
-674.000
30
2595.000
11
687.588
21
-676.000
31
2595.000
0
LINE
8
GRADE-FINISHED
10
690.000
20
-674.864
30
2595.000
11
688.171
21
-676.000
31
2595.000
0
LINE
8
GRADE-FINISHED
10
692.000
20
-674.955
30
2595.000
11
690.000
21
-674.864
31
2595.000
0
LINE
8
GRADE-FINISHED
10
693.306
20
-674.000
30
2595.000
11
692.000
21
-674.955
31
2595.000
0
LINE
8
GRADE-FINISHED
10
704.000
20
-674.460
30
2595.000
11
702.550
21
-676.000
31
2595.000
0
LINE
8
GRADE-FINISHED
10
704.440
20
-674.000
30
2595.000
11
704.000
21
-674.460
31
2595.000
0
LINE
8
GRADE-FINISHED
10
485.056
20
-676.000
30
2595.000
11
485.064
21
-678.000
31
2595.000
0
LINE
8
GRADE-FINISHED
10
584.841
20
-676.000
30
2595.000
11
584.841
21
-678.000
31
2595.000
0
LINE
8
GRADE-FINISHED
10
687.588
20
-676.000
30
2595.000
11
688.000
21
-676.152
31
2595.000
0
LINE
8
GRADE-FINISHED
10
688.171
20
-676.000
30
2595.000
11
688.000
21
-676.152
31
2595.000
0
LINE
8
GRADE-FINISHED
10
702.000
20
-677.044
30
2595.000
11
701.140
21
-678.000
31
2595.000
0
LINE
8
GRADE-FINISHED
10
702.550
20
-676.000
30
2595.000
11
702.000
21
-677.044
31
2595.000
0
LINE
8
GRADE-FINISHED
10
485.064
20
-678.000
30
2595.000
11
485.069
21
-680.000
31
2595.000
0
LINE
8
GRADE-FINISHED
10
584.841
20
-678.000
30
2595.000
11
584.841
21
-680.000
31
2595.000
0
LINE
8
GRADE-FINISHED
10
700.000
20
-678.679
30
2595.000
11
698.731
21
-680.000
31
2595.000
0
LINE
8
GRADE-FINISHED
10
701.140
20
-678.000
30
2595.000
11
700.000
21
-678.679
31
2595.000
0
LINE
8
GRADE-FINISHED
10
485.069
20
-680.000
30
2595.000
11
485.077
21
-682.000
31
2595.000
0
LINE
8
GRADE-FINISHED
10
584.841
20
-680.000
30
2595.000
11
584.841
21
-682.000
31
2595.000
0
LINE
8
GRADE-FINISHED
10
698.000
20
-680.977
30
2595.000
11
697.029
21
-682.000
31
2595.000
0
LINE
8
GRADE-FINISHED
10
698.731
20
-680.000
30
2595.000
11
698.000
21
-680.977
31
2595.000
0
LINE
8
GRADE-FINISHED
10
485.077
20
-682.000
30
2595.000
11
485.084
21
-684.000
31
2595.000
0
LINE
8
GRADE-FINISHED
10
584.841
20
-682.000
30
2595.000
11
584.841
21
-684.000
31
2595.000
0
LINE
8
GRADE-FINISHED
10
697.029
20
-682.000
30
2595.000
11
696.065
21
-684.000
31
2595.000
0
LINE
8
GRADE-FINISHED
10
485.084
20
-684.000
30
2595.000
11
485.087
21
-686.000
31
2595.000
0
LINE
8
GRADE-FINISHED
10
584.841
20
-684.000
30
2595.000
11
584.841
21
-686.000
31
2595.000
0
LINE
8
GRADE-FINISHED
10
696.065
20
-684.000
30
2595.000
11
697.900
21
-686.000
31
2595.000
0
LINE
8
GRADE-FINISHED
10
716.000
20
-685.907
30
2595.000
11
714.235
21
-686.000
31
2595.000
0
LINE
8
GRADE-FINISHED
10
718.000
20
-685.946
30
2595.000
11
716.000
21
-685.907
31
2595.000
0
LINE
8
GRADE-FINISHED
10
718.205
20
-686.000
30
2595.000
11
718.000
21
-685.946
31
2595.000
0
LINE
8
GRADE-FINISHED
10
485.087
20
-686.000
30
2595.000
11
485.087
21
-688.000
31
2595.000
0
LINE
8
GRADE-FINISHED
10
584.841
20
-686.000
30
2595.000
11
584.841
21
-688.000
31
2595.000
0
LINE
8
GRADE-FINISHED
10
697.900
20
-686.000
30
2595.000
11
698.000
21
-686.093
31
2595.000
0
LINE
8
GRADE-FINISHED
10
700.000
20
-687.545
30
2595.000
11
698.000
21
-686.093
31
2595.000
0
LINE
8
GRADE-FINISHED
10
700.645
20
-688.000
30
2595.000
11
700.000
21
-687.545
31
2595.000
0
LINE
8
GRADE-FINISHED
10
710.000
20
-687.697
30
2595.000
11
708.657
21
-688.000
31
2595.000
0
LINE
8
GRADE-FINISHED
10
712.000
20
-687.632
30
2595.000
11
710.000
21
-687.697
31
2595.000
0
LINE
8
GRADE-FINISHED
10
714.000
20
-686.138
30
2595.000
11
712.000
21
-687.632
31
2595.000
0
LINE
8
GRADE-FINISHED
10
714.235
20
-686.000
30
2595.000
11
714.000
21
-686.138
31
2595.000
0
LINE
8
GRADE-FINISHED
10
718.205
20
-686.000
30
2595.000
11
718.278
21
-688.000
31
2595.000
0
LINE
8
GRADE-FINISHED
10
485.087
20
-688.000
30
2595.000
11
485.087
21
-690.000
31
2595.000
0
LINE
8
GRADE-FINISHED
10
584.841
20
-688.000
30
2595.000
11
584.841
21
-690.000
31
2595.000
0
LINE
8
GRADE-FINISHED
10
700.645
20
-688.000
30
2595.000
11
702.000
21
-689.448
31
2595.000
0
LINE
8
GRADE-FINISHED
10
704.000
20
-688.944
30
2595.000
11
702.000
21
-689.448
31
2595.000
0
LINE
8
GRADE-FINISHED
10
706.000
20
-689.284
30
2595.000
11
704.000
21
-688.944
31
2595.000
0
LINE
8
GRADE-FINISHED
10
708.000
20
-688.543
30
2595.000
11
706.000
21
-689.284
31
2595.000
0
LINE
8
GRADE-FINISHED
10
708.657
20
-688.000
30
2595.000
11
708.000
21
-688.543
31
2595.000
0
LINE
8
GRADE-FINISHED
10
718.278
20
-688.000
30
2595.000
11
718.636
21
-690.000
31
2595.000
0
LINE
8
GRADE-FINISHED
10
485.087
20
-690.000
30
2595.000
11
485.087
21
-692.000
31
2595.000
0
LINE
8
GRADE-FINISHED
10
584.841
20
-690.000
30
2595.000
11
584.841
21
-692.000
31
2595.000
0
LINE
8
GRADE-FINISHED
10
718.636
20
-690.000
30
2595.000
11
719.059
21
-692.000
31
2595.000
0
LINE
8
GRADE-FINISHED
10
485.087
20
-692.000
30
2595.000
11
485.087
21
-694.000
31
2595.000
0
LINE
8
GRADE-FINISHED
10
584.841
20
-692.000
30
2595.000
11
584.841
21
-694.000
31
2595.000
0
LINE
8
GRADE-FINISHED
10
719.059
20
-692.000
30
2595.000
11
720.000
21
-693.778
31
2595.000
0
LINE
8
GRADE-FINISHED
10
720.053
20
-694.000
30
2595.000
11
720.000
21
-693.778
31
2595.000
0
LINE
8
GRADE-FINISHED
10
485.087
20
-694.000
30
2595.000
11
485.087
21
-696.000
31
2595.000
0
LINE
8
GRADE-FINISHED
10
584.841
20
-694.000
30
2595.000
11
584.841
21
-696.000
31
2595.000
0
LINE
8
GRADE-FINISHED
10
720.053
20
-694.000
30
2595.000
11
720.370
21
-696.000
31
2595.000
0
LINE
8
GRADE-FINISHED
10
485.087
20
-696.000
30
2595.000
11
485.087
21
-698.000
31
2595.000
0
LINE
8
GRADE-FINISHED
10
584.841
20
-696.000
30
2595.000
11
584.841
21
-698.000
31
2595.000
0
LINE
8
GRADE-FINISHED
10
720.370
20
-696.000
30
2595.000
11
721.000
21
-698.000
31
2595.000
0
LINE
8
GRADE-FINISHED
10
485.087
20
-698.000
30
2595.000
11
485.087
21
-700.000
31
2595.000
0
LINE
8
GRADE-FINISHED
10
584.841
20
-698.000
30
2595.000
11
584.841
21
-700.000
31
2595.000
0
LINE
8
GRADE-FINISHED
10
721.000
20
-698.000
30
2595.000
11
721.667
21
-700.000
31
2595.000
0
LINE
8
GRADE-FINISHED
10
485.087
20
-700.000
30
2595.000
11
485.087
21
-702.000
31
2595.000
0
LINE
8
GRADE-FINISHED
10
584.841
20
-700.000
30
2595.000
11
584.841
21
-702.000
31
2595.000
0
LINE
8
GRADE-FINISHED
10
721.667
20
-700.000
30
2595.000
11
722.000
21
-701.333
31
2595.000
0
LINE
8
GRADE-FINISHED
10
722.056
20
-702.000
30
2595.000
11
722.000
21
-701.333
31
2595.000
0
LINE
8
GRADE-FINISHED
10
485.087
20
-702.000
30
2595.000
11
485.087
21
-704.000
31
2595.000
0
LINE
8
GRADE-FINISHED
10
584.841
20
-702.000
30
2595.000
11
584.841
21
-704.000
31
2595.000
0
LINE
8
GRADE-FINISHED
10
722.056
20
-702.000
30
2595.000
11
722.067
21
-704.000
31
2595.000
0
LINE
8
GRADE-FINISHED
10
485.087
20
-704.000
30
2595.000
11
485.087
21
-706.000
31
2595.000
0
LINE
8
GRADE-FINISHED
10
584.841
20
-704.000
30
2595.000
11
584.841
21
-706.000
31
2595.000
0
LINE
8
GRADE-FINISHED
10
722.067
20
-704.000
30
2595.000
11
722.061
21
-706.000
31
2595.000
0
LINE
8
GRADE-FINISHED
10
485.087
20
-706.000
30
2595.000
11
485.087
21
-708.000
31
2595.000
0
LINE
8
GRADE-FINISHED
10
584.841
20
-706.000
30
2595.000
11
584.841
21
-708.000
31
2595.000
0
LINE
8
GRADE-FINISHED
10
722.061
20
-706.000
30
2595.000
11
722.069
21
-708.000
31
2595.000
0
LINE
8
GRADE-FINISHED
10
485.087
20
-708.000
30
2595.000
11
486.000
21
-709.483
31
2595.000
0
LINE
8
GRADE-FINISHED
10
487.172
20
-710.000
30
2595.000
11
486.000
21
-709.483
31
2595.000
0
LINE
8
GRADE-FINISHED
10
584.000
20
-709.301
30
2595.000
11
582.196
21
-710.000
31
2595.000
0
LINE
8
GRADE-FINISHED
10
584.841
20
-708.000
30
2595.000
11
584.000
21
-709.301
31
2595.000
0
LINE
8
GRADE-FINISHED
10
722.069
20
-708.000
30
2595.000
11
722.067
21
-710.000
31
2595.000
0
LINE
8
GRADE-FINISHED
10
487.172
20
-710.000
30
2595.000
11
488.000
21
-711.129
31
2595.000
0
LINE
8
GRADE-FINISHED
10
490.000
20
-711.361
30
2595.000
11
488.000
21
-711.129
31
2595.000
0
LINE
8
GRADE-FINISHED
10
492.000
20
-711.361
30
2595.000
11
490.000
21
-711.361
31
2595.000
0
LINE
8
GRADE-FINISHED
10
494.000
20
-711.361
30
2595.000
11
492.000
21
-711.361
31
2595.000
0
LINE
8
GRADE-FINISHED
10
496.000
20
-711.361
30
2595.000
11
494.000
21
-711.361
31
2595.000
0
LINE
8
GRADE-FINISHED
10
498.000
20
-711.361
30
2595.000
11
496.000
21
-711.361
31
2595.000
0
LINE
8
GRADE-FINISHED
10
500.000
20
-711.361
30
2595.000
11
498.000
21
-711.361
31
2595.000
0
LINE
8
GRADE-FINISHED
10
502.000
20
-711.361
30
2595.000
11
500.000
21
-711.361
31
2595.000
0
LINE
8
GRADE-FINISHED
10
504.000
20
-711.361
30
2595.000
11
502.000
21
-711.361
31
2595.000
0
LINE
8
GRADE-FINISHED
10
506.000
20
-711.361
30
2595.000
11
504.000
21
-711.361
31
2595.000
0
LINE
8
GRADE-FINISHED
10
508.000
20
-711.361
30
2595.000
11
506.000
21
-711.361
31
2595.000
0
LINE
8
GRADE-FINISHED
10
510.000
20
-711.361
30
2595.000
11
508.000
21
-711.361
31
2595.000
0
LINE
8
GRADE-FINISHED
10
512.000
20
-711.361
30
2595.000
11
510.000
21
-711.361
31
2595.000
0
LINE
8
GRADE-FINISHED
10
514.000
20
-711.361
30
2595.000
11
512.000
21
-711.361
31
2595.000
0
LINE
8
GRADE-FINISHED
10
516.000
20
-711.361
30
2595.000
11
514.000
21
-711.361
31
2595.000
0
LINE
8
GRADE-FINISHED
10
518.000
20
-711.361
30
2595.000
11
516.000
21
-711.361
31
2595.000
0
LINE
8
GRADE-FINISHED
10
520.000
20
-711.361
30
2595.000
11
518.000
21
-711.361
31
2595.000
0
LINE
8
GRADE-FINISHED
10
522.000
20
-711.361
30
2595.000
11
520.000
21
-711.361
31
2595.000
0
LINE
8
GRADE-FINISHED
10
524.000
20
-711.361
30
2595.000
11
522.000
21
-711.361
31
2595.000
0
LINE
8
GRADE-FINISHED
10
526.000
20
-711.361
30
2595.000
11
524.000
21
-711.361
31
2595.000
0
LINE
8
GRADE-FINISHED
10
528.000
20
-711.361
30
2595.000
11
526.000
21
-711.361
31
2595.000
0
LINE
8
GRADE-FINISHED
10
530.000
20
-711.361
30
2595.000
11
528.000
21
-711.361
31
2595.000
0
LINE
8
GRADE-FINISHED
10
532.000
20
-711.361
30
2595.000
11
530.000
21
-711.361
31
2595.000
0
LINE
8
GRADE-FINISHED
10
534.000
20
-711.361
30
2595.000
11
532.000
21
-711.361
31
2595.000
0
LINE
8
GRADE-FINISHED
10
536.000
20
-711.361
30
2595.000
11
534.000
21
-711.361
31
2595.000
0
LINE
8
GRADE-FINISHED
10
538.000
20
-711.361
30
2595.000
11
536.000
21
-711.361
31
2595.000
0
LINE
8
GRADE-FINISHED
10
540.000
20
-711.361
30
2595.000
11
538.000
21
-711.361
31
2595.000
0
LINE
8
GRADE-FINISHED
10
542.000
20
-711.361
30
2595.000
11
540.000
21
-711.361
31
2595.000
0
LINE
8
GRADE-FINISHED
10
544.000
20
-711.361
30
2595.000
11
542.000
21
-711.361
31
2595.000
0
LINE
8
GRADE-FINISHED
10
546.000
20
-711.361
30
2595.000
11
544.000
21
-711.361
31
2595.000
0
LINE
8
GRADE-FINISHED
10
548.000
20
-711.361
30
2595.000
11
546.000
21
-711.361
31
2595.000
0
LINE
8
GRADE-FINISHED
10
550.000
20
-711.361
30
2595.000
11
548.000
21
-711.361
31
2595.000
0
LINE
8
GRADE-FINISHED
10
552.000
20
-711.361
30
2595.000
11
550.000
21
-711.361
31
2595.000
0
LINE
8
GRADE-FINISHED
10
554.000
20
-711.361
30
2595.000
11
552.000
21
-711.361
31
2595.000
0
LINE
8
GRADE-FINISHED
10
556.000
20
-711.361
30
2595.000
11
554.000
21
-711.361
31
2595.000
0
LINE
8
GRADE-FINISHED
10
558.000
20
-711.361
30
2595.000
11
556.000
21
-711.361
31
2595.000
0
LINE
8
GRADE-FINISHED
10
560.000
20
-711.361
30
2595.000
11
558.000
21
-711.361
31
2595.000
0
LINE
8
GRADE-FINISHED
10
562.000
20
-711.361
30
2595.000
11
560.000
21
-711.361
31
2595.000
0
LINE
8
GRADE-FINISHED
10
564.000
20
-711.361
30
2595.000
11
562.000
21
-711.361
31
2595.000
0
LINE
8
GRADE-FINISHED
10
566.000
20
-711.361
30
2595.000
11
564.000
21
-711.361
31
2595.000
0
LINE
8
GRADE-FINISHED
10
568.000
20
-711.361
30
2595.000
11
566.000
21
-711.361
31
2595.000
0
LINE
8
GRADE-FINISHED
10
570.000
20
-711.361
30
2595.000
11
568.000
21
-711.361
31
2595.000
0
LINE
8
GRADE-FINISHED
10
572.000
20
-711.361
30
2595.000
11
570.000
21
-711.361
31
2595.000
0
LINE
8
GRADE-FINISHED
10
574.000
20
-711.361
30
2595.000
11
572.000
21
-711.361
31
2595.000
0
LINE
8
GRADE-FINISHED
10
576.000
20
-711.361
30
2595.000
11
574.000
21
-711.361
31
2595.000
0
LINE
8
GRADE-FINISHED
10
578.000
20
-711.361
30
2595.000
11
576.000
21
-711.361
31
2595.000
0
LINE
8
GRADE-FINISHED
10
580.000
20
-711.361
30
2595.000
11
578.000
21
-711.361
31
2595.000
0
LINE
8
GRADE-FINISHED
10
582.000
20
-710.469
30
2595.000
11
580.000
21
-711.361
31
2595.000
0
LINE
8
GRADE-FINISHED
10
582.196
20
-710.000
30
2595.000
11
582.000
21
-710.469
31
2595.000
0
LINE
8
GRADE-FINISHED
10
722.067
20
-710.000
30
2595.000
11
722.069
21
-712.000
31
2595.000
0
LINE
8
GRADE-FINISHED
10
722.069
20
-712.000
30
2595.000
11
722.261
21
-714.000
31
2595.000
0
LINE
8
GRADE-FINISHED
10
722.261
20
-714.000
30
2595.000
11
722.471
21
-716.000
31
2595.000
0
LINE
8
GRADE-FINISHED
10
722.471
20
-716.000
30
2595.000
11
724.000
21
-718.000
31
2595.000
0
LINE
8
GRADE-FINISHED
10
724.000
20
-718.000
30
2595.000
11
724.000
21
-720.000
31
2595.000
0
LINE
8
GRADE-FINISHED
10
724.000
20
-720.000
30
2595.000
11
724.000
21
-722.000
31
2595.000
0
LINE
8
GRADE-FINISHED
10
724.000
20
-722.000
30
2595.000
11
724.000
21
-724.000
31
2595.000
0
LINE
8
GRADE-FINISHED
10
724.000
20
-724.000
30
2595.000
11
724.000
21
-724.000
31
2595.000
0
LINE
8
GRADE-FINISHED
10
724.667
20
-726.000
30
2595.000
11
724.000
21
-724.000
31
2595.000
0
LINE
8
GRADE-FINISHED
10
724.667
20
-726.000
30
2595.000
11
726.000
21
-728.000
31
2595.000
0
LINE
8
GRADE-FINISHED
10
726.000
20
-728.000
30
2595.000
11
726.000
21
-730.000
31
2595.000
0
LINE
8
GRADE-FINISHED
10
726.000
20
-730.000
30
2595.000
11
726.000
21
-732.000
31
2595.000
0
LINE
8
GRADE-FINISHED
10
726.000
20
-732.000
30
2595.000
11
726.000
21
-734.000
31
2595.000
0
LINE
8
GRADE-FINISHED
10
726.000
20
-734.000
30
2595.000
11
726.000
21
-734.000
31
2595.000
0
LINE
8
GRADE-FINISHED
10
728.000
20
-736.000
30
2595.000
11
726.000
21
-734.000
31
2595.000
0
LINE
8
GRADE-FINISHED
10
728.000
20
-736.000
30
2595.000
11
728.000
21
-736.000
31
2595.000
0
LINE
8
GRADE-FINISHED
10
730.000
20
-738.000
30
2595.000
11
728.000
21
-736.000
31
2595.000
0
LINE
8
GRADE-FINISHED
10
730.000
20
-738.000
30
2595.000
11
730.000
21
-738.000
31
2595.000
0
LINE
8
GRADE-FINISHED
10
732.000
20
-740.000
30
2595.000
11
730.000
21
-738.000
31
2595.000
0
LINE
8
GRADE-FINISHED
10
732.000
20
-740.000
30
2595.000
11
732.000
21
-740.000
31
2595.000
0
LINE
8
GRADE-FINISHED
10
734.000
20
-742.000
30
2595.000
11
732.000
21
-740.000
31
2595.000
0
LINE
8
GRADE-FINISHED
10
734.000
20
-742.000
30
2595.000
11
734.000
21
-742.000
31
2595.000
0
LINE
8
GRADE-FINISHED
10
736.000
20
-744.000
30
2595.000
11
734.000
21
-742.000
31
2595.000
0
LINE
8
GRADE-FINISHED
10
736.000
20
-744.000
30
2595.000
11
736.000
21
-744.000
31
2595.000
0
LINE
8
GRADE-FINISHED
10
738.000
20
-746.000
30
2595.000
11
736.000
21
-744.000
31
2595.000
0
LINE
8
GRADE-FINISHED
10
738.000
20
-746.000
30
2595.000
11
738.000
21
-748.000
31
2595.000
0
LINE
8
GRADE-FINISHED
10
738.000
20
-748.000
30
2595.000
11
738.000
21
-748.000
31
2595.000
0
LINE
8
GRADE-FINISHED
10
740.000
20
-750.000
30
2595.000
11
738.000
21
-748.000
31
2595.000
0
LINE
8
GRADE-FINISHED
10
740.000
20
-750.000
30
2595.000
11
740.000
21
-750.000
31
2595.000
0
LINE
8
GRADE-FINISHED
10
742.000
20
-752.000
30
2595.000
11
740.000
21
-750.000
31
2595.000
0
LINE
8
GRADE-FINISHED
10
742.000
20
-752.000
30
2595.000
11
742.000
21
-752.000
31
2595.000
0
LINE
8
GRADE-FINISHED
10
744.000
20
-754.000
30
2595.000
11
742.000
21
-752.000
31
2595.000
0
LINE
8
GRADE-FINISHED
10
744.000
20
-754.000
30
2595.000
11
744.000
21
-754.000
31
2595.000
0
LINE
8
GRADE-FINISHED
10
744.545
20
-756.000
30
2595.000
11
744.000
21
-754.000
31
2595.000
0
LINE
8
GRADE-FINISHED
10
744.545
20
-756.000
30
2595.000
11
745.714
21
-758.000
31
2595.000
0
LINE
8
GRADE-FINISHED
10
745.714
20
-758.000
30
2595.000
11
746.000
21
-759.000
31
2595.000
0
LINE
8
GRADE-FINISHED
10
746.051
20
-760.000
30
2595.000
11
746.000
21
-759.000
31
2595.000
0
LINE
8
GRADE-FINISHED
10
746.051
20
-760.000
30
2595.000
11
746.069
21
-762.000
31
2595.000
0
LINE
8
GRADE-FINISHED
10
746.069
20
-762.000
30
2595.000
11
746.200
21
-764.000
31
2595.000
0
LINE
8
GRADE-FINISHED
10
746.200
20
-764.000
30
2595.000
11
746.444
21
-766.000
31
2595.000
0
LINE
8
GRADE-FINISHED
10
746.444
20
-766.000
30
2595.000
11
748.000
21
-768.000
31
2595.000
0
LINE
8
GRADE-FINISHED
10
748.000
20
-768.000
30
2595.000
11
748.000
21
-770.000
31
2595.000
0
LINE
8
GRADE-FINISHED
10
748.000
20
-770.000
30
2595.000
11
748.000
21
-770.000
31
2595.000
0
LINE
8
GRADE-FINISHED
10
748.286
20
-772.000
30
2595.000
11
748.000
21
-770.000
31
2595.000
0
LINE
8
GRADE-FINISHED
10
748.286
20
-772.000
30
2595.000
11
748.714
21
-774.000
31
2595.000
0
LINE
8
GRADE-FINISHED
10
748.714
20
-774.000
30
2595.000
11
750.000
21
-776.000
31
2595.000
0
LINE
8
GRADE-FINISHED
10
750.000
20
-776.000
30
2595.000
11
750.000
21
-776.000
31
2595.000
0
LINE
8
GRADE-FINISHED
10
750.057
20
-778.000
30
2595.000
11
750.000
21
-776.000
31
2595.000
0
LINE
8
GRADE-FINISHED
10
750.057
20
-778.000
30
2595.000
11
750.429
21
-780.000
31
2595.000
0
LINE
8
GRADE-FINISHED
10
442.000
20
-490.000
30
2596.000
11
440.000
21
-490.000
31
2596.000
0
LINE
8
GRADE-FINISHED
10
444.000
20
-490.000
30
2596.000
11
442.000
21
-490.000
31
2596.000
0
LINE
8
GRADE-FINISHED
10
446.000
20
-491.000
30
2596.000
11
444.000
21
-490.000
31
2596.000
0
LINE
8
GRADE-FINISHED
10
448.000
20
-491.500
30
2596.000
11
446.000
21
-491.000
31
2596.000
0
LINE
8
GRADE-FINISHED
10
450.000
20
-491.600
30
2596.000
11
448.000
21
-491.500
31
2596.000
0
LINE
8
GRADE-FINISHED
10
452.000
20
-492.000
30
2596.000
11
450.000
21
-491.600
31
2596.000
0
LINE
8
GRADE-FINISHED
10
452.000
20
-492.000
30
2596.000
11
452.000
21
-492.000
31
2596.000
0
LINE
8
GRADE-FINISHED
10
454.000
20
-492.000
30
2596.000
11
452.000
21
-492.000
31
2596.000
0
LINE
8
GRADE-FINISHED
10
456.000
20
-492.000
30
2596.000
11
454.000
21
-492.000
31
2596.000
0
LINE
8
GRADE-FINISHED
10
458.000
20
-492.000
30
2596.000
11
456.000
21
-492.000
31
2596.000
0
LINE
8
GRADE-FINISHED
10
460.000
20
-493.000
30
2596.000
11
458.000
21
-492.000
31
2596.000
0
LINE
8
GRADE-FINISHED
10
460.095
20
-494.000
30
2596.000
11
460.000
21
-493.000
31
2596.000
0
LINE
8
GRADE-FINISHED
10
460.095
20
-494.000
30
2596.000
11
460.462
21
-496.000
31
2596.000
0
LINE
8
GRADE-FINISHED
10
460.462
20
-496.000
30
2596.000
11
461.714
21
-498.000
31
2596.000
0
LINE
8
GRADE-FINISHED
10
586.000
20
-496.546
30
2596.000
11
585.708
21
-498.000
31
2596.000
0
LINE
8
GRADE-FINISHED
10
588.000
20
-496.796
30
2596.000
11
586.000
21
-496.546
31
2596.000
0
LINE
8
GRADE-FINISHED
10
590.000
20
-497.046
30
2596.000
11
588.000
21
-496.796
31
2596.000
0
LINE
8
GRADE-FINISHED
10
592.000
20
-497.296
30
2596.000
11
590.000
21
-497.046
31
2596.000
0
LINE
8
GRADE-FINISHED
10
594.000
20
-497.546
30
2596.000
11
592.000
21
-497.296
31
2596.000
0
LINE
8
GRADE-FINISHED
10
596.000
20
-497.796
30
2596.000
11
594.000
21
-497.546
31
2596.000
0
LINE
8
GRADE-FINISHED
10
597.635
20
-498.000
30
2596.000
11
596.000
21
-497.796
31
2596.000
0
LINE
8
GRADE-FINISHED
10
461.714
20
-498.000
30
2596.000
11
462.000
21
-498.200
31
2596.000
0
LINE
8
GRADE-FINISHED
10
462.621
20
-500.000
30
2596.000
11
462.000
21
-498.200
31
2596.000
0
LINE
8
GRADE-FINISHED
10
585.708
20
-498.000
30
2596.000
11
585.422
21
-500.000
31
2596.000
0
LINE
8
GRADE-FINISHED
10
597.635
20
-498.000
30
2596.000
11
598.000
21
-498.046
31
2596.000
0
LINE
8
GRADE-FINISHED
10
600.000
20
-498.296
30
2596.000
11
598.000
21
-498.046
31
2596.000
0
LINE
8
GRADE-FINISHED
10
602.000
20
-498.546
30
2596.000
11
600.000
21
-498.296
31
2596.000
0
LINE
8
GRADE-FINISHED
10
604.000
20
-498.796
30
2596.000
11
602.000
21
-498.546
31
2596.000
0
LINE
8
GRADE-FINISHED
10
606.000
20
-499.046
30
2596.000
11
604.000
21
-498.796
31
2596.000
0
LINE
8
GRADE-FINISHED
10
608.000
20
-499.296
30
2596.000
11
606.000
21
-499.046
31
2596.000
0
LINE
8
GRADE-FINISHED
10
610.000
20
-499.546
30
2596.000
11
608.000
21
-499.296
31
2596.000
0
LINE
8
GRADE-FINISHED
10
612.000
20
-499.796
30
2596.000
11
610.000
21
-499.546
31
2596.000
0
LINE
8
GRADE-FINISHED
10
613.635
20
-500.000
30
2596.000
11
612.000
21
-499.796
31
2596.000
0
LINE
8
GRADE-FINISHED
10
462.621
20
-500.000
30
2596.000
11
463.048
21
-502.000
31
2596.000
0
LINE
8
GRADE-FINISHED
10
585.422
20
-500.000
30
2596.000
11
585.219
21
-502.000
31
2596.000
0
LINE
8
GRADE-FINISHED
10
613.635
20
-500.000
30
2596.000
11
614.000
21
-500.046
31
2596.000
0
LINE
8
GRADE-FINISHED
10
616.000
20
-500.296
30
2596.000
11
614.000
21
-500.046
31
2596.000
0
LINE
8
GRADE-FINISHED
10
618.000
20
-500.546
30
2596.000
11
616.000
21
-500.296
31
2596.000
0
LINE
8
GRADE-FINISHED
10
620.000
20
-500.796
30
2596.000
11
618.000
21
-500.546
31
2596.000
0
LINE
8
GRADE-FINISHED
10
622.000
20
-501.046
30
2596.000
11
620.000
21
-500.796
31
2596.000
0
LINE
8
GRADE-FINISHED
10
624.000
20
-501.296
30
2596.000
11
622.000
21
-501.046
31
2596.000
0
LINE
8
GRADE-FINISHED
10
626.000
20
-501.546
30
2596.000
11
624.000
21
-501.296
31
2596.000
0
LINE
8
GRADE-FINISHED
10
628.000
20
-501.796
30
2596.000
11
626.000
21
-501.546
31
2596.000
0
LINE
8
GRADE-FINISHED
10
629.635
20
-502.000
30
2596.000
11
628.000
21
-501.796
31
2596.000
0
LINE
8
GRADE-FINISHED
10
463.048
20
-502.000
30
2596.000
11
464.000
21
-504.000
31
2596.000
0
LINE
8
GRADE-FINISHED
10
585.219
20
-502.000
30
2596.000
11
585.066
21
-504.000
31
2596.000
0
LINE
8
GRADE-FINISHED
10
629.635
20
-502.000
30
2596.000
11
630.000
21
-502.046
31
2596.000
0
LINE
8
GRADE-FINISHED
10
632.000
20
-502.296
30
2596.000
11
630.000
21
-502.046
31
2596.000
0
LINE
8
GRADE-FINISHED
10
634.000
20
-502.546
30
2596.000
11
632.000
21
-502.296
31
2596.000
0
LINE
8
GRADE-FINISHED
10
636.000
20
-502.910
30
2596.000
11
634.000
21
-502.546
31
2596.000
0
LINE
8
GRADE-FINISHED
10
638.000
20
-503.974
30
2596.000
11
636.000
21
-502.910
31
2596.000
0
LINE
8
GRADE-FINISHED
10
638.046
20
-504.000
30
2596.000
11
638.000
21
-503.974
31
2596.000
0
LINE
8
GRADE-FINISHED
10
464.000
20
-504.000
30
2596.000
11
464.000
21
-504.000
31
2596.000
0
LINE
8
GRADE-FINISHED
10
464.621
20
-506.000
30
2596.000
11
464.000
21
-504.000
31
2596.000
0
LINE
8
GRADE-FINISHED
10
585.066
20
-504.000
30
2596.000
11
584.947
21
-506.000
31
2596.000
0
LINE
8
GRADE-FINISHED
10
638.046
20
-504.000
30
2596.000
11
640.000
21
-505.130
31
2596.000
0
LINE
8
GRADE-FINISHED
10
641.399
20
-506.000
30
2596.000
11
640.000
21
-505.130
31
2596.000
0
LINE
8
GRADE-FINISHED
10
464.621
20
-506.000
30
2596.000
11
465.310
21
-508.000
31
2596.000
0
LINE
8
GRADE-FINISHED
10
584.947
20
-506.000
30
2596.000
11
584.852
21
-508.000
31
2596.000
0
LINE
8
GRADE-FINISHED
10
641.399
20
-506.000
30
2596.000
11
642.000
21
-506.387
31
2596.000
0
LINE
8
GRADE-FINISHED
10
644.000
20
-507.748
30
2596.000
11
642.000
21
-506.387
31
2596.000
0
LINE
8
GRADE-FINISHED
10
644.352
20
-508.000
30
2596.000
11
644.000
21
-507.748
31
2596.000
0
LINE
8
GRADE-FINISHED
10
465.310
20
-508.000
30
2596.000
11
466.000
21
-510.000
31
2596.000
0
LINE
8
GRADE-FINISHED
10
484.000
20
-508.500
30
2596.000
11
483.500
21
-510.000
31
2596.000
0
LINE
8
GRADE-FINISHED
10
484.084
20
-510.000
30
2596.000
11
484.000
21
-508.500
31
2596.000
0
LINE
8
GRADE-FINISHED
10
584.852
20
-508.000
30
2596.000
11
584.775
21
-510.000
31
2596.000
0
LINE
8
GRADE-FINISHED
10
644.352
20
-508.000
30
2596.000
11
646.000
21
-509.215
31
2596.000
0
LINE
8
GRADE-FINISHED
10
647.007
20
-510.000
30
2596.000
11
646.000
21
-509.215
31
2596.000
0
LINE
8
GRADE-FINISHED
10
466.000
20
-510.000
30
2596.000
11
466.000
21
-510.000
31
2596.000
0
LINE
8
GRADE-FINISHED
10
466.621
20
-512.000
30
2596.000
11
466.000
21
-510.000
31
2596.000
0
LINE
8
GRADE-FINISHED
10
483.500
20
-510.000
30
2596.000
11
482.769
21
-512.000
31
2596.000
0
LINE
8
GRADE-FINISHED
10
484.084
20
-510.000
30
2596.000
11
484.210
21
-512.000
31
2596.000
0
LINE
8
GRADE-FINISHED
10
584.775
20
-510.000
30
2596.000
11
584.710
21
-512.000
31
2596.000
0
LINE
8
GRADE-FINISHED
10
647.007
20
-510.000
30
2596.000
11
648.000
21
-510.795
31
2596.000
0
LINE
8
GRADE-FINISHED
10
649.433
20
-512.000
30
2596.000
11
648.000
21
-510.795
31
2596.000
0
LINE
8
GRADE-FINISHED
10
466.621
20
-512.000
30
2596.000
11
467.310
21
-514.000
31
2596.000
0
LINE
8
GRADE-FINISHED
10
482.769
20
-512.000
30
2596.000
11
482.000
21
-514.000
31
2596.000
0
LINE
8
GRADE-FINISHED
10
484.210
20
-512.000
30
2596.000
11
484.321
21
-514.000
31
2596.000
0
LINE
8
GRADE-FINISHED
10
584.710
20
-512.000
30
2596.000
11
584.655
21
-514.000
31
2596.000
0
LINE
8
GRADE-FINISHED
10
649.433
20
-512.000
30
2596.000
11
650.000
21
-512.488
31
2596.000
0
LINE
8
GRADE-FINISHED
10
651.680
20
-514.000
30
2596.000
11
650.000
21
-512.488
31
2596.000
0
LINE
8
GRADE-FINISHED
10
467.310
20
-514.000
30
2596.000
11
468.000
21
-516.000
31
2596.000
0
LINE
8
GRADE-FINISHED
10
482.000
20
-514.000
30
2596.000
11
481.231
21
-516.000
31
2596.000
0
LINE
8
GRADE-FINISHED
10
482.000
20
-514.000
30
2596.000
11
482.000
21
-514.000
31
2596.000
0
LINE
8
GRADE-FINISHED
10
484.321
20
-514.000
30
2596.000
11
484.418
21
-516.000
31
2596.000
0
LINE
8
GRADE-FINISHED
10
584.655
20
-514.000
30
2596.000
11
584.609
21
-516.000
31
2596.000
0
LINE
8
GRADE-FINISHED
10
651.680
20
-514.000
30
2596.000
11
652.000
21
-514.294
31
2596.000
0
LINE
8
GRADE-FINISHED
10
653.784
20
-516.000
30
2596.000
11
652.000
21
-514.294
31
2596.000
0
LINE
8
GRADE-FINISHED
10
468.000
20
-516.000
30
2596.000
11
468.000
21
-516.000
31
2596.000
0
LINE
8
GRADE-FINISHED
10
468.621
20
-518.000
30
2596.000
11
468.000
21
-516.000
31
2596.000
0
LINE
8
GRADE-FINISHED
10
481.231
20
-516.000
30
2596.000
11
480.462
21
-518.000
31
2596.000
0
LINE
8
GRADE-FINISHED
10
484.418
20
-516.000
30
2596.000
11
484.489
21
-518.000
31
2596.000
0
LINE
8
GRADE-FINISHED
10
584.609
20
-516.000
30
2596.000
11
584.568
21
-518.000
31
2596.000
0
LINE
8
GRADE-FINISHED
10
653.784
20
-516.000
30
2596.000
11
654.000
21
-516.211
31
2596.000
0
LINE
8
GRADE-FINISHED
10
655.771
20
-518.000
30
2596.000
11
654.000
21
-516.211
31
2596.000
0
LINE
8
GRADE-FINISHED
10
468.621
20
-518.000
30
2596.000
11
469.310
21
-520.000
31
2596.000
0
LINE
8
GRADE-FINISHED
10
480.000
20
-519.200
30
2596.000
11
479.692
21
-520.000
31
2596.000
0
LINE
8
GRADE-FINISHED
10
480.462
20
-518.000
30
2596.000
11
480.000
21
-519.200
31
2596.000
0
LINE
8
GRADE-FINISHED
10
484.489
20
-518.000
30
2596.000
11
484.568
21
-520.000
31
2596.000
0
LINE
8
GRADE-FINISHED
10
584.568
20
-518.000
30
2596.000
11
584.532
21
-520.000
31
2596.000
0
LINE
8
GRADE-FINISHED
10
655.771
20
-518.000
30
2596.000
11
656.000
21
-518.235
31
2596.000
0
LINE
8
GRADE-FINISHED
10
657.663
20
-520.000
30
2596.000
11
656.000
21
-518.235
31
2596.000
0
LINE
8
GRADE-FINISHED
10
469.310
20
-520.000
30
2596.000
11
470.000
21
-522.000
31
2596.000
0
LINE
8
GRADE-FINISHED
10
479.692
20
-520.000
30
2596.000
11
479.000
21
-522.000
31
2596.000
0
LINE
8
GRADE-FINISHED
10
484.568
20
-520.000
30
2596.000
11
484.640
21
-522.000
31
2596.000
0
LINE
8
GRADE-FINISHED
10
584.532
20
-520.000
30
2596.000
11
584.501
21
-522.000
31
2596.000
0
LINE
8
GRADE-FINISHED
10
657.663
20
-520.000
30
2596.000
11
658.000
21
-520.362
31
2596.000
0
LINE
8
GRADE-FINISHED
10
659.476
20
-522.000
30
2596.000
11
658.000
21
-520.362
31
2596.000
0
LINE
8
GRADE-FINISHED
10
470.000
20
-522.000
30
2596.000
11
470.000
21
-522.000
31
2596.000
0
LINE
8
GRADE-FINISHED
10
470.800
20
-524.000
30
2596.000
11
470.000
21
-522.000
31
2596.000
0
LINE
8
GRADE-FINISHED
10
479.000
20
-522.000
30
2596.000
11
478.308
21
-524.000
31
2596.000
0
LINE
8
GRADE-FINISHED
10
484.640
20
-522.000
30
2596.000
11
484.704
21
-524.000
31
2596.000
0
LINE
8
GRADE-FINISHED
10
584.501
20
-522.000
30
2596.000
11
584.473
21
-524.000
31
2596.000
0
LINE
8
GRADE-FINISHED
10
659.476
20
-522.000
30
2596.000
11
660.000
21
-522.588
31
2596.000
0
LINE
8
GRADE-FINISHED
10
661.222
20
-524.000
30
2596.000
11
660.000
21
-522.588
31
2596.000
0
LINE
8
GRADE-FINISHED
10
470.800
20
-524.000
30
2596.000
11
471.310
21
-526.000
31
2596.000
0
LINE
8
GRADE-FINISHED
10
478.000
20
-524.800
30
2596.000
11
477.333
21
-526.000
31
2596.000
0
LINE
8
GRADE-FINISHED
10
478.308
20
-524.000
30
2596.000
11
478.000
21
-524.800
31
2596.000
0
LINE
8
GRADE-FINISHED
10
484.704
20
-524.000
30
2596.000
11
484.752
21
-526.000
31
2596.000
0
LINE
8
GRADE-FINISHED
10
584.473
20
-524.000
30
2596.000
11
584.448
21
-526.000
31
2596.000
0
LINE
8
GRADE-FINISHED
10
661.222
20
-524.000
30
2596.000
11
662.000
21
-524.908
31
2596.000
0
LINE
8
GRADE-FINISHED
10
662.911
20
-526.000
30
2596.000
11
662.000
21
-524.908
31
2596.000
0
LINE
8
GRADE-FINISHED
10
471.310
20
-526.000
30
2596.000
11
472.000
21
-528.000
31
2596.000
0
LINE
8
GRADE-FINISHED
10
477.333
20
-526.000
30
2596.000
11
476.222
21
-528.000
31
2596.000
0
LINE
8
GRADE-FINISHED
10
484.752
20
-526.000
30
2596.000
11
484.807
21
-528.000
31
2596.000
0
LINE
8
GRADE-FINISHED
10
584.448
20
-526.000
30
2596.000
11
584.426
21
-528.000
31
2596.000
0
LINE
8
GRADE-FINISHED
10
662.911
20
-526.000
30
2596.000
11
664.000
21
-527.316
31
2596.000
0
LINE
8
GRADE-FINISHED
10
664.552
20
-528.000
30
2596.000
11
664.000
21
-527.316
31
2596.000
0
LINE
8
GRADE-FINISHED
10
472.000
20
-528.000
30
2596.000
11
472.000
21
-528.000
31
2596.000
0
LINE
8
GRADE-FINISHED
10
474.000
20
-529.200
30
2596.000
11
472.000
21
-528.000
31
2596.000
0
LINE
8
GRADE-FINISHED
10
476.000
20
-528.400
30
2596.000
11
474.000
21
-529.200
31
2596.000
0
LINE
8
GRADE-FINISHED
10
476.222
20
-528.000
30
2596.000
11
476.000
21
-528.400
31
2596.000
0
LINE
8
GRADE-FINISHED
10
484.807
20
-528.000
30
2596.000
11
484.857
21
-530.000
31
2596.000
0
LINE
8
GRADE-FINISHED
10
584.426
20
-528.000
30
2596.000
11
584.406
21
-530.000
31
2596.000
0
LINE
8
GRADE-FINISHED
10
664.552
20
-528.000
30
2596.000
11
666.000
21
-529.807
31
2596.000
0
LINE
8
GRADE-FINISHED
10
666.151
20
-530.000
30
2596.000
11
666.000
21
-529.807
31
2596.000
0
LINE
8
GRADE-FINISHED
10
484.857
20
-530.000
30
2596.000
11
484.903
21
-532.000
31
2596.000
0
LINE
8
GRADE-FINISHED
10
584.406
20
-530.000
30
2596.000
11
584.387
21
-532.000
31
2596.000
0
LINE
8
GRADE-FINISHED
10
666.151
20
-530.000
30
2596.000
11
667.713
21
-532.000
31
2596.000
0
LINE
8
GRADE-FINISHED
10
484.903
20
-532.000
30
2596.000
11
484.929
21
-534.000
31
2596.000
0
LINE
8
GRADE-FINISHED
10
584.387
20
-532.000
30
2596.000
11
584.370
21
-534.000
31
2596.000
0
LINE
8
GRADE-FINISHED
10
667.713
20
-532.000
30
2596.000
11
668.000
21
-532.262
31
2596.000
0
LINE
8
GRADE-FINISHED
10
669.903
20
-534.000
30
2596.000
11
668.000
21
-532.262
31
2596.000
0
LINE
8
GRADE-FINISHED
10
484.929
20
-534.000
30
2596.000
11
484.945
21
-536.000
31
2596.000
0
LINE
8
GRADE-FINISHED
10
584.370
20
-534.000
30
2596.000
11
584.355
21
-536.000
31
2596.000
0
LINE
8
GRADE-FINISHED
10
669.903
20
-534.000
30
2596.000
11
670.000
21
-534.089
31
2596.000
0
LINE
8
GRADE-FINISHED
10
672.000
20
-535.916
30
2596.000
11
670.000
21
-534.089
31
2596.000
0
LINE
8
GRADE-FINISHED
10
672.092
20
-536.000
30
2596.000
11
672.000
21
-535.916
31
2596.000
0
LINE
8
GRADE-FINISHED
10
484.945
20
-536.000
30
2596.000
11
484.969
21
-538.000
31
2596.000
0
LINE
8
GRADE-FINISHED
10
584.355
20
-536.000
30
2596.000
11
584.341
21
-538.000
31
2596.000
0
LINE
8
GRADE-FINISHED
10
672.092
20
-536.000
30
2596.000
11
674.000
21
-537.742
31
2596.000
0
LINE
8
GRADE-FINISHED
10
674.282
20
-538.000
30
2596.000
11
674.000
21
-537.742
31
2596.000
0
LINE
8
GRADE-FINISHED
10
484.969
20
-538.000
30
2596.000
11
484.992
21
-540.000
31
2596.000
0
LINE
8
GRADE-FINISHED
10
584.341
20
-538.000
30
2596.000
11
584.341
21
-540.000
31
2596.000
0
LINE
8
GRADE-FINISHED
10
674.282
20
-538.000
30
2596.000
11
674.282
21
-540.000
31
2596.000
0
LINE
8
GRADE-FINISHED
10
484.992
20
-540.000
30
2596.000
11
485.007
21
-542.000
31
2596.000
0
LINE
8
GRADE-FINISHED
10
584.341
20
-540.000
30
2596.000
11
584.341
21
-542.000
31
2596.000
0
LINE
8
GRADE-FINISHED
10
674.282
20
-540.000
30
2596.000
11
676.000
21
-541.324
31
2596.000
0
LINE
8
GRADE-FINISHED
10
676.937
20
-542.000
30
2596.000
11
676.000
21
-541.324
31
2596.000
0
LINE
8
GRADE-FINISHED
10
485.007
20
-542.000
30
2596.000
11
485.028
21
-544.000
31
2596.000
0
LINE
8
GRADE-FINISHED
10
584.341
20
-542.000
30
2596.000
11
584.341
21
-544.000
31
2596.000
0
LINE
8
GRADE-FINISHED
10
676.937
20
-542.000
30
2596.000
11
678.000
21
-542.464
31
2596.000
0
LINE
8
GRADE-FINISHED
10
680.000
20
-543.275
30
2596.000
11
678.000
21
-542.464
31
2596.000
0
LINE
8
GRADE-FINISHED
10
681.952
20
-544.000
30
2596.000
11
680.000
21
-543.275
31
2596.000
0
LINE
8
GRADE-FINISHED
10
485.028
20
-544.000
30
2596.000
11
485.042
21
-546.000
31
2596.000
0
LINE
8
GRADE-FINISHED
10
584.341
20
-544.000
30
2596.000
11
584.341
21
-546.000
31
2596.000
0
LINE
8
GRADE-FINISHED
10
681.952
20
-544.000
30
2596.000
11
682.000
21
-544.007
31
2596.000
0
LINE
8
GRADE-FINISHED
10
684.000
20
-544.288
30
2596.000
11
682.000
21
-544.007
31
2596.000
0
LINE
8
GRADE-FINISHED
10
686.000
20
-544.848
30
2596.000
11
684.000
21
-544.288
31
2596.000
0
LINE
8
GRADE-FINISHED
10
688.000
20
-544.848
30
2596.000
11
686.000
21
-544.848
31
2596.000
0
LINE
8
GRADE-FINISHED
10
690.000
20
-545.007
30
2596.000
11
688.000
21
-544.848
31
2596.000
0
LINE
8
GRADE-FINISHED
10
691.452
20
-546.000
30
2596.000
11
690.000
21
-545.007
31
2596.000
0
LINE
8
GRADE-FINISHED
10
485.042
20
-546.000
30
2596.000
11
485.062
21
-548.000
31
2596.000
0
LINE
8
GRADE-FINISHED
10
584.341
20
-546.000
30
2596.000
11
584.341
21
-548.000
31
2596.000
0
LINE
8
GRADE-FINISHED
10
691.452
20
-546.000
30
2596.000
11
692.000
21
-546.365
31
2596.000
0
LINE
8
GRADE-FINISHED
10
693.635
20
-548.000
30
2596.000
11
692.000
21
-546.365
31
2596.000
0
LINE
8
GRADE-FINISHED
10
485.062
20
-548.000
30
2596.000
11
485.074
21
-550.000
31
2596.000
0
LINE
8
GRADE-FINISHED
10
584.341
20
-548.000
30
2596.000
11
584.341
21
-550.000
31
2596.000
0
LINE
8
GRADE-FINISHED
10
693.635
20
-548.000
30
2596.000
11
694.000
21
-548.367
31
2596.000
0
LINE
8
GRADE-FINISHED
10
695.625
20
-550.000
30
2596.000
11
694.000
21
-548.367
31
2596.000
0
LINE
8
GRADE-FINISHED
10
485.074
20
-550.000
30
2596.000
11
485.093
21
-552.000
31
2596.000
0
LINE
8
GRADE-FINISHED
10
584.341
20
-550.000
30
2596.000
11
584.341
21
-552.000
31
2596.000
0
LINE
8
GRADE-FINISHED
10
695.625
20
-550.000
30
2596.000
11
695.790
21
-552.000
31
2596.000
0
LINE
8
GRADE-FINISHED
10
485.093
20
-552.000
30
2596.000
11
485.111
21
-554.000
31
2596.000
0
LINE
8
GRADE-FINISHED
10
584.341
20
-552.000
30
2596.000
11
584.341
21
-554.000
31
2596.000
0
LINE
8
GRADE-FINISHED
10
695.790
20
-552.000
30
2596.000
11
696.000
21
-552.211
31
2596.000
0
LINE
8
GRADE-FINISHED
10
697.773
20
-554.000
30
2596.000
11
696.000
21
-552.211
31
2596.000
0
LINE
8
GRADE-FINISHED
10
485.111
20
-554.000
30
2596.000
11
485.122
21
-556.000
31
2596.000
0
LINE
8
GRADE-FINISHED
10
584.341
20
-554.000
30
2596.000
11
584.341
21
-556.000
31
2596.000
0
LINE
8
GRADE-FINISHED
10
697.773
20
-554.000
30
2596.000
11
697.818
21
-556.000
31
2596.000
0
LINE
8
GRADE-FINISHED
10
485.122
20
-556.000
30
2596.000
11
485.139
21
-558.000
31
2596.000
0
LINE
8
GRADE-FINISHED
10
584.341
20
-556.000
30
2596.000
11
584.341
21
-558.000
31
2596.000
0
LINE
8
GRADE-FINISHED
10
697.818
20
-556.000
30
2596.000
11
698.000
21
-556.185
31
2596.000
0
LINE
8
GRADE-FINISHED
10
699.777
20
-558.000
30
2596.000
11
698.000
21
-556.185
31
2596.000
0
LINE
8
GRADE-FINISHED
10
485.139
20
-558.000
30
2596.000
11
485.150
21
-560.000
31
2596.000
0
LINE
8
GRADE-FINISHED
10
584.341
20
-558.000
30
2596.000
11
584.341
21
-560.000
31
2596.000
0
LINE
8
GRADE-FINISHED
10
699.777
20
-558.000
30
2596.000
11
699.777
21
-560.000
31
2596.000
0
LINE
8
GRADE-FINISHED
10
485.150
20
-560.000
30
2596.000
11
485.165
21
-562.000
31
2596.000
0
LINE
8
GRADE-FINISHED
10
584.341
20
-560.000
30
2596.000
11
584.341
21
-562.000
31
2596.000
0
LINE
8
GRADE-FINISHED
10
699.777
20
-560.000
30
2596.000
11
700.000
21
-560.225
31
2596.000
0
LINE
8
GRADE-FINISHED
10
701.763
20
-562.000
30
2596.000
11
700.000
21
-560.225
31
2596.000
0
LINE
8
GRADE-FINISHED
10
485.165
20
-562.000
30
2596.000
11
485.175
21
-564.000
31
2596.000
0
LINE
8
GRADE-FINISHED
10
584.341
20
-562.000
30
2596.000
11
584.341
21
-564.000
31
2596.000
0
LINE
8
GRADE-FINISHED
10
701.763
20
-562.000
30
2596.000
11
702.000
21
-562.245
31
2596.000
0
LINE
8
GRADE-FINISHED
10
703.698
20
-564.000
30
2596.000
11
702.000
21
-562.245
31
2596.000
0
LINE
8
GRADE-FINISHED
10
485.175
20
-564.000
30
2596.000
11
485.190
21
-566.000
31
2596.000
0
LINE
8
GRADE-FINISHED
10
584.341
20
-564.000
30
2596.000
11
584.341
21
-566.000
31
2596.000
0
LINE
8
GRADE-FINISHED
10
703.698
20
-564.000
30
2596.000
11
703.735
21
-566.000
31
2596.000
0
LINE
8
GRADE-FINISHED
10
485.190
20
-566.000
30
2596.000
11
485.190
21
-568.000
31
2596.000
0
LINE
8
GRADE-FINISHED
10
584.341
20
-566.000
30
2596.000
11
584.341
21
-568.000
31
2596.000
0
LINE
8
GRADE-FINISHED
10
703.735
20
-566.000
30
2596.000
11
704.000
21
-566.272
31
2596.000
0
LINE
8
GRADE-FINISHED
10
705.680
20
-568.000
30
2596.000
11
704.000
21
-566.272
31
2596.000
0
LINE
8
GRADE-FINISHED
10
485.190
20
-568.000
30
2596.000
11
485.190
21
-570.000
31
2596.000
0
LINE
8
GRADE-FINISHED
10
584.341
20
-568.000
30
2596.000
11
584.341
21
-570.000
31
2596.000
0
LINE
8
GRADE-FINISHED
10
705.680
20
-568.000
30
2596.000
11
705.735
21
-570.000
31
2596.000
0
LINE
8
GRADE-FINISHED
10
485.190
20
-570.000
30
2596.000
11
485.204
21
-572.000
31
2596.000
0
LINE
8
GRADE-FINISHED
10
584.341
20
-570.000
30
2596.000
11
584.341
21
-572.000
31
2596.000
0
LINE
8
GRADE-FINISHED
10
705.735
20
-570.000
30
2596.000
11
706.000
21
-570.275
31
2596.000
0
LINE
8
GRADE-FINISHED
10
707.662
20
-572.000
30
2596.000
11
706.000
21
-570.275
31
2596.000
0
LINE
8
GRADE-FINISHED
10
485.204
20
-572.000
30
2596.000
11
485.227
21
-574.000
31
2596.000
0
LINE
8
GRADE-FINISHED
10
584.341
20
-572.000
30
2596.000
11
584.341
21
-574.000
31
2596.000
0
LINE
8
GRADE-FINISHED
10
707.662
20
-572.000
30
2596.000
11
708.000
21
-572.351
31
2596.000
0
LINE
8
GRADE-FINISHED
10
709.591
20
-574.000
30
2596.000
11
708.000
21
-572.351
31
2596.000
0
LINE
8
GRADE-FINISHED
10
485.227
20
-574.000
30
2596.000
11
485.244
21
-576.000
31
2596.000
0
LINE
8
GRADE-FINISHED
10
584.341
20
-574.000
30
2596.000
11
584.341
21
-576.000
31
2596.000
0
LINE
8
GRADE-FINISHED
10
709.591
20
-574.000
30
2596.000
11
709.591
21
-576.000
31
2596.000
0
LINE
8
GRADE-FINISHED
10
485.244
20
-576.000
30
2596.000
11
485.260
21
-578.000
31
2596.000
0
LINE
8
GRADE-FINISHED
10
584.341
20
-576.000
30
2596.000
11
584.341
21
-578.000
31
2596.000
0
LINE
8
GRADE-FINISHED
10
702.000
20
-577.927
30
2596.000
11
701.922
21
-578.000
31
2596.000
0
LINE
8
GRADE-FINISHED
10
704.000
20
-577.815
30
2596.000
11
702.000
21
-577.927
31
2596.000
0
LINE
8
GRADE-FINISHED
10
706.000
20
-577.703
30
2596.000
11
704.000
21
-577.815
31
2596.000
0
LINE
8
GRADE-FINISHED
10
708.000
20
-577.591
30
2596.000
11
706.000
21
-577.703
31
2596.000
0
LINE
8
GRADE-FINISHED
10
709.591
20
-576.000
30
2596.000
11
708.000
21
-577.591
31
2596.000
0
LINE
8
GRADE-FINISHED
10
485.260
20
-578.000
30
2596.000
11
485.276
21
-580.000
31
2596.000
0
LINE
8
GRADE-FINISHED
10
584.341
20
-578.000
30
2596.000
11
584.341
21
-580.000
31
2596.000
0
LINE
8
GRADE-FINISHED
10
701.922
20
-578.000
30
2596.000
11
701.458
21
-580.000
31
2596.000
0
LINE
8
GRADE-FINISHED
10
485.276
20
-580.000
30
2596.000
11
485.291
21
-582.000
31
2596.000
0
LINE
8
GRADE-FINISHED
10
584.341
20
-580.000
30
2596.000
11
584.341
21
-582.000
31
2596.000
0
LINE
8
GRADE-FINISHED
10
701.458
20
-580.000
30
2596.000
11
701.124
21
-582.000
31
2596.000
0
LINE
8
GRADE-FINISHED
10
485.291
20
-582.000
30
2596.000
11
485.302
21
-584.000
31
2596.000
0
LINE
8
GRADE-FINISHED
10
584.341
20
-582.000
30
2596.000
11
584.341
21
-584.000
31
2596.000
0
LINE
8
GRADE-FINISHED
10
701.124
20
-582.000
30
2596.000
11
700.790
21
-584.000
31
2596.000
0
LINE
8
GRADE-FINISHED
10
485.302
20
-584.000
30
2596.000
11
485.320
21
-586.000
31
2596.000
0
LINE
8
GRADE-FINISHED
10
584.341
20
-584.000
30
2596.000
11
584.341
21
-586.000
31
2596.000
0
LINE
8
GRADE-FINISHED
10
700.790
20
-584.000
30
2596.000
11
700.455
21
-586.000
31
2596.000
0
LINE
8
GRADE-FINISHED
10
485.320
20
-586.000
30
2596.000
11
485.343
21
-588.000
31
2596.000
0
LINE
8
GRADE-FINISHED
10
584.341
20
-586.000
30
2596.000
11
584.341
21
-588.000
31
2596.000
0
LINE
8
GRADE-FINISHED
10
700.455
20
-586.000
30
2596.000
11
700.121
21
-588.000
31
2596.000
0
LINE
8
GRADE-FINISHED
10
485.343
20
-588.000
30
2596.000
11
485.352
21
-590.000
31
2596.000
0
LINE
8
GRADE-FINISHED
10
584.341
20
-588.000
30
2596.000
11
584.341
21
-590.000
31
2596.000
0
LINE
8
GRADE-FINISHED
10
698.000
20
-589.805
30
2596.000
11
697.652
21
-590.000
31
2596.000
0
LINE
8
GRADE-FINISHED
10
700.000
20
-588.722
30
2596.000
11
698.000
21
-589.805
31
2596.000
0
LINE
8
GRADE-FINISHED
10
700.121
20
-588.000
30
2596.000
11
700.000
21
-588.722
31
2596.000
0
LINE
8
GRADE-FINISHED
10
485.352
20
-590.000
30
2596.000
11
485.370
21
-592.000
31
2596.000
0
LINE
8
GRADE-FINISHED
10
584.341
20
-590.000
30
2596.000
11
584.341
21
-592.000
31
2596.000
0
LINE
8
GRADE-FINISHED
10
696.000
20
-590.959
30
2596.000
11
694.304
21
-592.000
31
2596.000
0
LINE
8
GRADE-FINISHED
10
697.652
20
-590.000
30
2596.000
11
696.000
21
-590.959
31
2596.000
0
LINE
8
GRADE-FINISHED
10
485.370
20
-592.000
30
2596.000
11
485.392
21
-594.000
31
2596.000
0
LINE
8
GRADE-FINISHED
10
584.341
20
-592.000
30
2596.000
11
584.341
21
-594.000
31
2596.000
0
LINE
8
GRADE-FINISHED
10
692.000
20
-593.514
30
2596.000
11
691.298
21
-594.000
31
2596.000
0
LINE
8
GRADE-FINISHED
10
694.000
20
-592.193
30
2596.000
11
692.000
21
-593.514
31
2596.000
0
LINE
8
GRADE-FINISHED
10
694.304
20
-592.000
30
2596.000
11
694.000
21
-592.193
31
2596.000
0
LINE
8
GRADE-FINISHED
10
485.392
20
-594.000
30
2596.000
11
485.416
21
-596.000
31
2596.000
0
LINE
8
GRADE-FINISHED
10
584.341
20
-594.000
30
2596.000
11
584.341
21
-596.000
31
2596.000
0
LINE
8
GRADE-FINISHED
10
690.000
20
-594.932
30
2596.000
11
688.586
21
-596.000
31
2596.000
0
LINE
8
GRADE-FINISHED
10
691.298
20
-594.000
30
2596.000
11
690.000
21
-594.932
31
2596.000
0
LINE
8
GRADE-FINISHED
10
485.416
20
-596.000
30
2596.000
11
485.435
21
-598.000
31
2596.000
0
LINE
8
GRADE-FINISHED
10
584.341
20
-596.000
30
2596.000
11
584.341
21
-598.000
31
2596.000
0
LINE
8
GRADE-FINISHED
10
688.000
20
-596.459
30
2596.000
11
686.126
21
-598.000
31
2596.000
0
LINE
8
GRADE-FINISHED
10
688.586
20
-596.000
30
2596.000
11
688.000
21
-596.459
31
2596.000
0
LINE
8
GRADE-FINISHED
10
485.435
20
-598.000
30
2596.000
11
485.456
21
-600.000
31
2596.000
0
LINE
8
GRADE-FINISHED
10
584.341
20
-598.000
30
2596.000
11
584.341
21
-600.000
31
2596.000
0
LINE
8
GRADE-FINISHED
10
684.000
20
-599.893
30
2596.000
11
683.885
21
-600.000
31
2596.000
0
LINE
8
GRADE-FINISHED
10
686.000
20
-598.108
30
2596.000
11
684.000
21
-599.893
31
2596.000
0
LINE
8
GRADE-FINISHED
10
686.126
20
-598.000
30
2596.000
11
686.000
21
-598.108
31
2596.000
0
LINE
8
GRADE-FINISHED
10
485.456
20
-600.000
30
2596.000
11
485.475
21
-602.000
31
2596.000
0
LINE
8
GRADE-FINISHED
10
584.341
20
-600.000
30
2596.000
11
584.341
21
-602.000
31
2596.000
0
LINE
8
GRADE-FINISHED
10
682.000
20
-601.832
30
2596.000
11
681.835
21
-602.000
31
2596.000
0
LINE
8
GRADE-FINISHED
10
683.885
20
-600.000
30
2596.000
11
682.000
21
-601.832
31
2596.000
0
LINE
8
GRADE-FINISHED
10
485.475
20
-602.000
30
2596.000
11
485.492
21
-604.000
31
2596.000
0
LINE
8
GRADE-FINISHED
10
584.341
20
-602.000
30
2596.000
11
584.341
21
-604.000
31
2596.000
0
LINE
8
GRADE-FINISHED
10
680.000
20
-603.946
30
2596.000
11
679.952
21
-604.000
31
2596.000
0
LINE
8
GRADE-FINISHED
10
681.835
20
-602.000
30
2596.000
11
680.000
21
-603.946
31
2596.000
0
LINE
8
GRADE-FINISHED
10
485.492
20
-604.000
30
2596.000
11
485.492
21
-606.000
31
2596.000
0
LINE
8
GRADE-FINISHED
10
546.000
20
-605.652
30
2596.000
11
544.208
21
-606.000
31
2596.000
0
LINE
8
GRADE-FINISHED
10
548.000
20
-605.383
30
2596.000
11
546.000
21
-605.652
31
2596.000
0
LINE
8
GRADE-FINISHED
10
550.000
20
-605.190
30
2596.000
11
548.000
21
-605.383
31
2596.000
0
LINE
8
GRADE-FINISHED
10
552.000
20
-605.044
30
2596.000
11
550.000
21
-605.190
31
2596.000
0
LINE
8
GRADE-FINISHED
10
554.000
20
-604.930
30
2596.000
11
552.000
21
-605.044
31
2596.000
0
LINE
8
GRADE-FINISHED
10
556.000
20
-604.838
30
2596.000
11
554.000
21
-604.930
31
2596.000
0
LINE
8
GRADE-FINISHED
10
558.000
20
-604.763
30
2596.000
11
556.000
21
-604.838
31
2596.000
0
LINE
8
GRADE-FINISHED
10
560.000
20
-604.700
30
2596.000
11
558.000
21
-604.763
31
2596.000
0
LINE
8
GRADE-FINISHED
10
562.000
20
-604.647
30
2596.000
11
560.000
21
-604.700
31
2596.000
0
LINE
8
GRADE-FINISHED
10
564.000
20
-604.601
30
2596.000
11
562.000
21
-604.647
31
2596.000
0
LINE
8
GRADE-FINISHED
10
566.000
20
-604.562
30
2596.000
11
564.000
21
-604.601
31
2596.000
0
LINE
8
GRADE-FINISHED
10
568.000
20
-604.527
30
2596.000
11
566.000
21
-604.562
31
2596.000
0
LINE
8
GRADE-FINISHED
10
570.000
20
-604.496
30
2596.000
11
568.000
21
-604.527
31
2596.000
0
LINE
8
GRADE-FINISHED
10
572.000
20
-604.469
30
2596.000
11
570.000
21
-604.496
31
2596.000
0
LINE
8
GRADE-FINISHED
10
574.000
20
-604.444
30
2596.000
11
572.000
21
-604.469
31
2596.000
0
LINE
8
GRADE-FINISHED
10
576.000
20
-604.422
30
2596.000
11
574.000
21
-604.444
31
2596.000
0
LINE
8
GRADE-FINISHED
10
578.000
20
-604.402
30
2596.000
11
576.000
21
-604.422
31
2596.000
0
LINE
8
GRADE-FINISHED
10
580.000
20
-604.384
30
2596.000
11
578.000
21
-604.402
31
2596.000
0
LINE
8
GRADE-FINISHED
10
582.000
20
-604.368
30
2596.000
11
580.000
21
-604.384
31
2596.000
0
LINE
8
GRADE-FINISHED
10
584.000
20
-604.352
30
2596.000
11
582.000
21
-604.368
31
2596.000
0
LINE
8
GRADE-FINISHED
10
584.341
20
-604.000
30
2596.000
11
584.000
21
-604.352
31
2596.000
0
LINE
8
GRADE-FINISHED
10
679.952
20
-604.000
30
2596.000
11
678.216
21
-606.000
31
2596.000
0
LINE
8
GRADE-FINISHED
10
485.492
20
-606.000
30
2596.000
11
485.492
21
-608.000
31
2596.000
0
LINE
8
GRADE-FINISHED
10
544.208
20
-606.000
30
2596.000
11
544.208
21
-608.000
31
2596.000
0
LINE
8
GRADE-FINISHED
10
678.000
20
-606.261
30
2596.000
11
676.612
21
-608.000
31
2596.000
0
LINE
8
GRADE-FINISHED
10
678.216
20
-606.000
30
2596.000
11
678.000
21
-606.261
31
2596.000
0
LINE
8
GRADE-FINISHED
10
485.492
20
-608.000
30
2596.000
11
485.492
21
-610.000
31
2596.000
0
LINE
8
GRADE-FINISHED
10
544.208
20
-608.000
30
2596.000
11
544.208
21
-610.000
31
2596.000
0
LINE
8
GRADE-FINISHED
10
676.000
20
-608.805
30
2596.000
11
675.124
21
-610.000
31
2596.000
0
LINE
8
GRADE-FINISHED
10
676.612
20
-608.000
30
2596.000
11
676.000
21
-608.805
31
2596.000
0
LINE
8
GRADE-FINISHED
10
485.492
20
-610.000
30
2596.000
11
485.496
21
-612.000
31
2596.000
0
LINE
8
GRADE-FINISHED
10
544.208
20
-610.000
30
2596.000
11
544.208
21
-612.000
31
2596.000
0
LINE
8
GRADE-FINISHED
10
674.000
20
-611.614
30
2596.000
11
673.741
21
-612.000
31
2596.000
0
LINE
8
GRADE-FINISHED
10
675.124
20
-610.000
30
2596.000
11
674.000
21
-611.614
31
2596.000
0
LINE
8
GRADE-FINISHED
10
485.496
20
-612.000
30
2596.000
11
485.501
21
-614.000
31
2596.000
0
LINE
8
GRADE-FINISHED
10
544.208
20
-612.000
30
2596.000
11
544.208
21
-614.000
31
2596.000
0
LINE
8
GRADE-FINISHED
10
673.741
20
-612.000
30
2596.000
11
672.451
21
-614.000
31
2596.000
0
LINE
8
GRADE-FINISHED
10
485.501
20
-614.000
30
2596.000
11
485.507
21
-616.000
31
2596.000
0
LINE
8
GRADE-FINISHED
10
544.208
20
-614.000
30
2596.000
11
544.208
21
-616.000
31
2596.000
0
LINE
8
GRADE-FINISHED
10
672.451
20
-614.000
30
2596.000
11
674.000
21
-614.995
31
2596.000
0
LINE
8
GRADE-FINISHED
10
674.923
20
-616.000
30
2596.000
11
674.000
21
-614.995
31
2596.000
0
LINE
8
GRADE-FINISHED
10
485.507
20
-616.000
30
2596.000
11
485.510
21
-618.000
31
2596.000
0
LINE
8
GRADE-FINISHED
10
544.208
20
-616.000
30
2596.000
11
544.208
21
-618.000
31
2596.000
0
LINE
8
GRADE-FINISHED
10
674.923
20
-616.000
30
2596.000
11
676.000
21
-617.037
31
2596.000
0
LINE
8
GRADE-FINISHED
10
676.765
20
-618.000
30
2596.000
11
676.000
21
-617.037
31
2596.000
0
LINE
8
GRADE-FINISHED
10
485.510
20
-618.000
30
2596.000
11
485.516
21
-620.000
31
2596.000
0
LINE
8
GRADE-FINISHED
10
544.208
20
-618.000
30
2596.000
11
546.000
21
-618.348
31
2596.000
0
LINE
8
GRADE-FINISHED
10
548.000
20
-618.617
30
2596.000
11
546.000
21
-618.348
31
2596.000
0
LINE
8
GRADE-FINISHED
10
550.000
20
-618.810
30
2596.000
11
548.000
21
-618.617
31
2596.000
0
LINE
8
GRADE-FINISHED
10
552.000
20
-618.956
30
2596.000
11
550.000
21
-618.810
31
2596.000
0
LINE
8
GRADE-FINISHED
10
554.000
20
-619.070
30
2596.000
11
552.000
21
-618.956
31
2596.000
0
LINE
8
GRADE-FINISHED
10
556.000
20
-619.162
30
2596.000
11
554.000
21
-619.070
31
2596.000
0
LINE
8
GRADE-FINISHED
10
558.000
20
-619.237
30
2596.000
11
556.000
21
-619.162
31
2596.000
0
LINE
8
GRADE-FINISHED
10
560.000
20
-619.300
30
2596.000
11
558.000
21
-619.237
31
2596.000
0
LINE
8
GRADE-FINISHED
10
562.000
20
-619.353
30
2596.000
11
560.000
21
-619.300
31
2596.000
0
LINE
8
GRADE-FINISHED
10
564.000
20
-619.399
30
2596.000
11
562.000
21
-619.353
31
2596.000
0
LINE
8
GRADE-FINISHED
10
566.000
20
-619.438
30
2596.000
11
564.000
21
-619.399
31
2596.000
0
LINE
8
GRADE-FINISHED
10
568.000
20
-619.473
30
2596.000
11
566.000
21
-619.438
31
2596.000
0
LINE
8
GRADE-FINISHED
10
570.000
20
-619.504
30
2596.000
11
568.000
21
-619.473
31
2596.000
0
LINE
8
GRADE-FINISHED
10
572.000
20
-619.531
30
2596.000
11
570.000
21
-619.504
31
2596.000
0
LINE
8
GRADE-FINISHED
10
574.000
20
-619.556
30
2596.000
11
572.000
21
-619.531
31
2596.000
0
LINE
8
GRADE-FINISHED
10
576.000
20
-619.578
30
2596.000
11
574.000
21
-619.556
31
2596.000
0
LINE
8
GRADE-FINISHED
10
578.000
20
-619.598
30
2596.000
11
576.000
21
-619.578
31
2596.000
0
LINE
8
GRADE-FINISHED
10
580.000
20
-619.616
30
2596.000
11
578.000
21
-619.598
31
2596.000
0
LINE
8
GRADE-FINISHED
10
582.000
20
-619.632
30
2596.000
11
580.000
21
-619.616
31
2596.000
0
LINE
8
GRADE-FINISHED
10
584.000
20
-619.648
30
2596.000
11
582.000
21
-619.632
31
2596.000
0
LINE
8
GRADE-FINISHED
10
584.341
20
-620.000
30
2596.000
11
584.000
21
-619.648
31
2596.000
0
LINE
8
GRADE-FINISHED
10
676.765
20
-618.000
30
2596.000
11
678.000
21
-619.273
31
2596.000
0
LINE
8
GRADE-FINISHED
10
678.800
20
-620.000
30
2596.000
11
678.000
21
-619.273
31
2596.000
0
LINE
8
GRADE-FINISHED
10
485.516
20
-620.000
30
2596.000
11
485.519
21
-622.000
31
2596.000
0
LINE
8
GRADE-FINISHED
10
584.341
20
-620.000
30
2596.000
11
584.341
21
-622.000
31
2596.000
0
LINE
8
GRADE-FINISHED
10
678.800
20
-620.000
30
2596.000
11
680.000
21
-620.923
31
2596.000
0
LINE
8
GRADE-FINISHED
10
681.050
20
-622.000
30
2596.000
11
680.000
21
-620.923
31
2596.000
0
LINE
8
GRADE-FINISHED
10
485.519
20
-622.000
30
2596.000
11
485.524
21
-624.000
31
2596.000
0
LINE
8
GRADE-FINISHED
10
584.341
20
-622.000
30
2596.000
11
584.341
21
-624.000
31
2596.000
0
LINE
8
GRADE-FINISHED
10
681.050
20
-622.000
30
2596.000
11
682.000
21
-623.187
31
2596.000
0
LINE
8
GRADE-FINISHED
10
682.684
20
-624.000
30
2596.000
11
682.000
21
-623.187
31
2596.000
0
LINE
8
GRADE-FINISHED
10
485.524
20
-624.000
30
2596.000
11
485.527
21
-626.000
31
2596.000
0
LINE
8
GRADE-FINISHED
10
584.341
20
-624.000
30
2596.000
11
584.341
21
-626.000
31
2596.000
0
LINE
8
GRADE-FINISHED
10
682.684
20
-624.000
30
2596.000
11
684.000
21
-625.250
31
2596.000
0
LINE
8
GRADE-FINISHED
10
684.811
20
-626.000
30
2596.000
11
684.000
21
-625.250
31
2596.000
0
LINE
8
GRADE-FINISHED
10
485.527
20
-626.000
30
2596.000
11
485.532
21
-628.000
31
2596.000
0
LINE
8
GRADE-FINISHED
10
584.341
20
-626.000
30
2596.000
11
584.341
21
-628.000
31
2596.000
0
LINE
8
GRADE-FINISHED
10
684.811
20
-626.000
30
2596.000
11
686.000
21
-626.815
31
2596.000
0
LINE
8
GRADE-FINISHED
10
688.000
20
-627.709
30
2596.000
11
686.000
21
-626.815
31
2596.000
0
LINE
8
GRADE-FINISHED
10
688.356
20
-628.000
30
2596.000
11
688.000
21
-627.709
31
2596.000
0
LINE
8
GRADE-FINISHED
10
485.532
20
-628.000
30
2596.000
11
485.537
21
-630.000
31
2596.000
0
LINE
8
GRADE-FINISHED
10
584.341
20
-628.000
30
2596.000
11
584.341
21
-630.000
31
2596.000
0
LINE
8
GRADE-FINISHED
10
688.356
20
-628.000
30
2596.000
11
689.785
21
-630.000
31
2596.000
0
LINE
8
GRADE-FINISHED
10
485.537
20
-630.000
30
2596.000
11
485.540
21
-632.000
31
2596.000
0
LINE
8
GRADE-FINISHED
10
584.341
20
-630.000
30
2596.000
11
584.341
21
-632.000
31
2596.000
0
LINE
8
GRADE-FINISHED
10
680.000
20
-631.468
30
2596.000
11
678.390
21
-632.000
31
2596.000
0
LINE
8
GRADE-FINISHED
10
682.000
20
-630.790
30
2596.000
11
680.000
21
-631.468
31
2596.000
0
LINE
8
GRADE-FINISHED
10
684.000
20
-630.978
30
2596.000
11
682.000
21
-630.790
31
2596.000
0
LINE
8
GRADE-FINISHED
10
686.000
20
-630.833
30
2596.000
11
684.000
21
-630.978
31
2596.000
0
LINE
8
GRADE-FINISHED
10
687.139
20
-632.000
30
2596.000
11
686.000
21
-630.833
31
2596.000
0
LINE
8
GRADE-FINISHED
10
689.785
20
-630.000
30
2596.000
11
690.000
21
-630.412
31
2596.000
0
LINE
8
GRADE-FINISHED
10
691.174
20
-632.000
30
2596.000
11
690.000
21
-630.412
31
2596.000
0
LINE
8
GRADE-FINISHED
10
485.540
20
-632.000
30
2596.000
11
485.545
21
-634.000
31
2596.000
0
LINE
8
GRADE-FINISHED
10
584.341
20
-632.000
30
2596.000
11
584.341
21
-634.000
31
2596.000
0
LINE
8
GRADE-FINISHED
10
674.000
20
-633.576
30
2596.000
11
672.538
21
-634.000
31
2596.000
0
LINE
8
GRADE-FINISHED
10
676.000
20
-633.105
30
2596.000
11
674.000
21
-633.576
31
2596.000
0
LINE
8
GRADE-FINISHED
10
678.000
20
-632.248
30
2596.000
11
676.000
21
-633.105
31
2596.000
0
LINE
8
GRADE-FINISHED
10
678.390
20
-632.000
30
2596.000
11
678.000
21
-632.248
31
2596.000
0
LINE
8
GRADE-FINISHED
10
687.139
20
-632.000
30
2596.000
11
688.000
21
-632.800
31
2596.000
0
LINE
8
GRADE-FINISHED
10
689.221
20
-634.000
30
2596.000
11
688.000
21
-632.800
31
2596.000
0
LINE
8
GRADE-FINISHED
10
691.174
20
-632.000
30
2596.000
11
692.000
21
-632.576
31
2596.000
0
LINE
8
GRADE-FINISHED
10
692.734
20
-634.000
30
2596.000
11
692.000
21
-632.576
31
2596.000
0
LINE
8
GRADE-FINISHED
10
485.545
20
-634.000
30
2596.000
11
485.548
21
-636.000
31
2596.000
0
LINE
8
GRADE-FINISHED
10
584.341
20
-634.000
30
2596.000
11
584.341
21
-636.000
31
2596.000
0
LINE
8
GRADE-FINISHED
10
672.000
20
-635.031
30
2596.000
11
670.942
21
-636.000
31
2596.000
0
LINE
8
GRADE-FINISHED
10
672.538
20
-634.000
30
2596.000
11
672.000
21
-635.031
31
2596.000
0
LINE
8
GRADE-FINISHED
10
689.221
20
-634.000
30
2596.000
11
690.000
21
-634.727
31
2596.000
0
LINE
8
GRADE-FINISHED
10
691.499
20
-636.000
30
2596.000
11
690.000
21
-634.727
31
2596.000
0
LINE
8
GRADE-FINISHED
10
692.734
20
-634.000
30
2596.000
11
692.433
21
-636.000
31
2596.000
0
LINE
8
GRADE-FINISHED
10
485.548
20
-636.000
30
2596.000
11
485.552
21
-638.000
31
2596.000
0
LINE
8
GRADE-FINISHED
10
584.341
20
-636.000
30
2596.000
11
584.341
21
-638.000
31
2596.000
0
LINE
8
GRADE-FINISHED
10
670.942
20
-636.000
30
2596.000
11
670.942
21
-638.000
31
2596.000
0
LINE
8
GRADE-FINISHED
10
691.499
20
-636.000
30
2596.000
11
691.118
21
-638.000
31
2596.000
0
LINE
8
GRADE-FINISHED
10
692.433
20
-636.000
30
2596.000
11
694.000
21
-637.927
31
2596.000
0
LINE
8
GRADE-FINISHED
10
694.067
20
-638.000
30
2596.000
11
694.000
21
-637.927
31
2596.000
0
LINE
8
GRADE-FINISHED
10
485.552
20
-638.000
30
2596.000
11
485.557
21
-640.000
31
2596.000
0
LINE
8
GRADE-FINISHED
10
584.341
20
-638.000
30
2596.000
11
584.341
21
-640.000
31
2596.000
0
LINE
8
GRADE-FINISHED
10
670.942
20
-638.000
30
2596.000
11
670.942
21
-640.000
31
2596.000
0
LINE
8
GRADE-FINISHED
10
690.000
20
-639.825
30
2596.000
11
689.863
21
-640.000
31
2596.000
0
LINE
8
GRADE-FINISHED
10
691.118
20
-638.000
30
2596.000
11
690.000
21
-639.825
31
2596.000
0
LINE
8
GRADE-FINISHED
10
694.000
20
-639.077
30
2596.000
11
693.836
21
-640.000
31
2596.000
0
LINE
8
GRADE-FINISHED
10
694.067
20
-638.000
30
2596.000
11
694.000
21
-639.077
31
2596.000
0
LINE
8
GRADE-FINISHED
10
485.557
20
-640.000
30
2596.000
11
485.561
21
-642.000
31
2596.000
0
LINE
8
GRADE-FINISHED
10
584.341
20
-640.000
30
2596.000
11
584.341
21
-642.000
31
2596.000
0
LINE
8
GRADE-FINISHED
10
670.942
20
-640.000
30
2596.000
11
670.942
21
-642.000
31
2596.000
0
LINE
8
GRADE-FINISHED
10
689.863
20
-640.000
30
2596.000
11
689.094
21
-642.000
31
2596.000
0
LINE
8
GRADE-FINISHED
10
693.836
20
-640.000
30
2596.000
11
693.452
21
-642.000
31
2596.000
0
LINE
8
GRADE-FINISHED
10
485.561
20
-642.000
30
2596.000
11
485.564
21
-644.000
31
2596.000
0
LINE
8
GRADE-FINISHED
10
584.341
20
-642.000
30
2596.000
11
584.341
21
-644.000
31
2596.000
0
LINE
8
GRADE-FINISHED
10
670.942
20
-642.000
30
2596.000
11
670.942
21
-644.000
31
2596.000
0
LINE
8
GRADE-FINISHED
10
689.094
20
-642.000
30
2596.000
11
688.869
21
-644.000
31
2596.000
0
LINE
8
GRADE-FINISHED
10
693.452
20
-642.000
30
2596.000
11
693.068
21
-644.000
31
2596.000
0
LINE
8
GRADE-FINISHED
10
485.564
20
-644.000
30
2596.000
11
485.568
21
-646.000
31
2596.000
0
LINE
8
GRADE-FINISHED
10
584.341
20
-644.000
30
2596.000
11
584.341
21
-646.000
31
2596.000
0
LINE
8
GRADE-FINISHED
10
670.942
20
-644.000
30
2596.000
11
670.942
21
-646.000
31
2596.000
0
LINE
8
GRADE-FINISHED
10
688.000
20
-645.522
30
2596.000
11
687.634
21
-646.000
31
2596.000
0
LINE
8
GRADE-FINISHED
10
688.869
20
-644.000
30
2596.000
11
688.000
21
-645.522
31
2596.000
0
LINE
8
GRADE-FINISHED
10
693.068
20
-644.000
30
2596.000
11
692.685
21
-646.000
31
2596.000
0
LINE
8
GRADE-FINISHED
10
485.568
20
-646.000
30
2596.000
11
485.572
21
-648.000
31
2596.000
0
LINE
8
GRADE-FINISHED
10
584.341
20
-646.000
30
2596.000
11
584.341
21
-648.000
31
2596.000
0
LINE
8
GRADE-FINISHED
10
670.942
20
-646.000
30
2596.000
11
670.942
21
-648.000
31
2596.000
0
LINE
8
GRADE-FINISHED
10
687.634
20
-646.000
30
2596.000
11
686.970
21
-648.000
31
2596.000
0
LINE
8
GRADE-FINISHED
10
692.685
20
-646.000
30
2596.000
11
692.274
21
-648.000
31
2596.000
0
LINE
8
GRADE-FINISHED
10
485.572
20
-648.000
30
2596.000
11
485.575
21
-650.000
31
2596.000
0
LINE
8
GRADE-FINISHED
10
584.341
20
-648.000
30
2596.000
11
584.341
21
-650.000
31
2596.000
0
LINE
8
GRADE-FINISHED
10
670.942
20
-648.000
30
2596.000
11
670.942
21
-650.000
31
2596.000
0
LINE
8
GRADE-FINISHED
10
686.970
20
-648.000
30
2596.000
11
686.687
21
-650.000
31
2596.000
0
LINE
8
GRADE-FINISHED
10
692.000
20
-649.429
30
2596.000
11
691.890
21
-650.000
31
2596.000
0
LINE
8
GRADE-FINISHED
10
692.274
20
-648.000
30
2596.000
11
692.000
21
-649.429
31
2596.000
0
LINE
8
GRADE-FINISHED
10
485.575
20
-650.000
30
2596.000
11
485.579
21
-652.000
31
2596.000
0
LINE
8
GRADE-FINISHED
10
584.341
20
-650.000
30
2596.000
11
584.341
21
-652.000
31
2596.000
0
LINE
8
GRADE-FINISHED
10
670.942
20
-650.000
30
2596.000
11
672.000
21
-652.000
31
2596.000
0
LINE
8
GRADE-FINISHED
10
686.000
20
-651.211
30
2596.000
11
685.398
21
-652.000
31
2596.000
0
LINE
8
GRADE-FINISHED
10
686.687
20
-650.000
30
2596.000
11
686.000
21
-651.211
31
2596.000
0
LINE
8
GRADE-FINISHED
10
691.890
20
-650.000
30
2596.000
11
691.507
21
-652.000
31
2596.000
0
LINE
8
GRADE-FINISHED
10
485.579
20
-652.000
30
2596.000
11
485.583
21
-654.000
31
2596.000
0
LINE
8
GRADE-FINISHED
10
584.341
20
-652.000
30
2596.000
11
584.341
21
-654.000
31
2596.000
0
LINE
8
GRADE-FINISHED
10
672.000
20
-652.000
30
2596.000
11
672.000
21
-652.000
31
2596.000
0
LINE
8
GRADE-FINISHED
10
673.680
20
-654.000
30
2596.000
11
672.000
21
-652.000
31
2596.000
0
LINE
8
GRADE-FINISHED
10
685.398
20
-652.000
30
2596.000
11
684.844
21
-654.000
31
2596.000
0
LINE
8
GRADE-FINISHED
10
691.507
20
-652.000
30
2596.000
11
691.096
21
-654.000
31
2596.000
0
LINE
8
GRADE-FINISHED
10
485.583
20
-654.000
30
2596.000
11
485.586
21
-656.000
31
2596.000
0
LINE
8
GRADE-FINISHED
10
584.341
20
-654.000
30
2596.000
11
584.341
21
-656.000
31
2596.000
0
LINE
8
GRADE-FINISHED
10
673.680
20
-654.000
30
2596.000
11
674.000
21
-654.364
31
2596.000
0
LINE
8
GRADE-FINISHED
10
675.440
20
-656.000
30
2596.000
11
674.000
21
-654.364
31
2596.000
0
LINE
8
GRADE-FINISHED
10
684.844
20
-654.000
30
2596.000
11
684.515
21
-656.000
31
2596.000
0
LINE
8
GRADE-FINISHED
10
691.096
20
-654.000
30
2596.000
11
690.712
21
-656.000
31
2596.000
0
LINE
8
GRADE-FINISHED
10
485.586
20
-656.000
30
2596.000
11
485.589
21
-658.000
31
2596.000
0
LINE
8
GRADE-FINISHED
10
584.341
20
-656.000
30
2596.000
11
584.341
21
-658.000
31
2596.000
0
LINE
8
GRADE-FINISHED
10
675.440
20
-656.000
30
2596.000
11
676.000
21
-656.667
31
2596.000
0
LINE
8
GRADE-FINISHED
10
677.120
20
-658.000
30
2596.000
11
676.000
21
-656.667
31
2596.000
0
LINE
8
GRADE-FINISHED
10
684.000
20
-656.903
30
2596.000
11
682.984
21
-658.000
31
2596.000
0
LINE
8
GRADE-FINISHED
10
684.515
20
-656.000
30
2596.000
11
684.000
21
-656.903
31
2596.000
0
LINE
8
GRADE-FINISHED
10
690.712
20
-656.000
30
2596.000
11
690.329
21
-658.000
31
2596.000
0
LINE
8
GRADE-FINISHED
10
485.589
20
-658.000
30
2596.000
11
485.593
21
-660.000
31
2596.000
0
LINE
8
GRADE-FINISHED
10
584.341
20
-658.000
30
2596.000
11
584.341
21
-660.000
31
2596.000
0
LINE
8
GRADE-FINISHED
10
677.120
20
-658.000
30
2596.000
11
678.000
21
-659.000
31
2596.000
0
LINE
8
GRADE-FINISHED
10
678.880
20
-660.000
30
2596.000
11
678.000
21
-659.000
31
2596.000
0
LINE
8
GRADE-FINISHED
10
682.984
20
-658.000
30
2596.000
11
682.398
21
-660.000
31
2596.000
0
LINE
8
GRADE-FINISHED
10
690.000
20
-659.714
30
2596.000
11
689.945
21
-660.000
31
2596.000
0
LINE
8
GRADE-FINISHED
10
690.329
20
-658.000
30
2596.000
11
690.000
21
-659.714
31
2596.000
0
LINE
8
GRADE-FINISHED
10
485.593
20
-660.000
30
2596.000
11
485.596
21
-662.000
31
2596.000
0
LINE
8
GRADE-FINISHED
10
584.341
20
-660.000
30
2596.000
11
584.341
21
-662.000
31
2596.000
0
LINE
8
GRADE-FINISHED
10
678.880
20
-660.000
30
2596.000
11
680.000
21
-661.333
31
2596.000
0
LINE
8
GRADE-FINISHED
10
680.583
20
-662.000
30
2596.000
11
680.000
21
-661.333
31
2596.000
0
LINE
8
GRADE-FINISHED
10
682.398
20
-660.000
30
2596.000
11
682.190
21
-662.000
31
2596.000
0
LINE
8
GRADE-FINISHED
10
689.945
20
-660.000
30
2596.000
11
689.534
21
-662.000
31
2596.000
0
LINE
8
GRADE-FINISHED
10
485.596
20
-662.000
30
2596.000
11
485.599
21
-664.000
31
2596.000
0
LINE
8
GRADE-FINISHED
10
584.341
20
-662.000
30
2596.000
11
584.341
21
-664.000
31
2596.000
0
LINE
8
GRADE-FINISHED
10
680.583
20
-662.000
30
2596.000
11
682.000
21
-662.354
31
2596.000
0
LINE
8
GRADE-FINISHED
10
682.190
20
-662.000
30
2596.000
11
682.000
21
-662.354
31
2596.000
0
LINE
8
GRADE-FINISHED
10
689.534
20
-662.000
30
2596.000
11
689.151
21
-664.000
31
2596.000
0
LINE
8
GRADE-FINISHED
10
485.599
20
-664.000
30
2596.000
11
485.602
21
-666.000
31
2596.000
0
LINE
8
GRADE-FINISHED
10
584.341
20
-664.000
30
2596.000
11
584.341
21
-666.000
31
2596.000
0
LINE
8
GRADE-FINISHED
10
689.151
20
-664.000
30
2596.000
11
688.966
21
-666.000
31
2596.000
0
LINE
8
GRADE-FINISHED
10
485.602
20
-666.000
30
2596.000
11
485.605
21
-668.000
31
2596.000
0
LINE
8
GRADE-FINISHED
10
584.341
20
-666.000
30
2596.000
11
584.341
21
-668.000
31
2596.000
0
LINE
8
GRADE-FINISHED
10
688.966
20
-666.000
30
2596.000
11
689.077
21
-668.000
31
2596.000
0
LINE
8
GRADE-FINISHED
10
708.000
20
-667.528
30
2596.000
11
706.776
21
-668.000
31
2596.000
0
LINE
8
GRADE-FINISHED
10
710.000
20
-666.955
30
2596.000
11
708.000
21
-667.528
31
2596.000
0
LINE
8
GRADE-FINISHED
10
710.479
20
-668.000
30
2596.000
11
710.000
21
-666.955
31
2596.000
0
LINE
8
GRADE-FINISHED
10
485.605
20
-668.000
30
2596.000
11
485.609
21
-670.000
31
2596.000
0
LINE
8
GRADE-FINISHED
10
584.341
20
-668.000
30
2596.000
11
584.341
21
-670.000
31
2596.000
0
LINE
8
GRADE-FINISHED
10
689.077
20
-668.000
30
2596.000
11
690.000
21
-668.774
31
2596.000
0
LINE
8
GRADE-FINISHED
10
691.187
20
-670.000
30
2596.000
11
690.000
21
-668.774
31
2596.000
0
LINE
8
GRADE-FINISHED
10
704.000
20
-669.318
30
2596.000
11
702.040
21
-670.000
31
2596.000
0
LINE
8
GRADE-FINISHED
10
706.000
20
-668.481
30
2596.000
11
704.000
21
-669.318
31
2596.000
0
LINE
8
GRADE-FINISHED
10
706.776
20
-668.000
30
2596.000
11
706.000
21
-668.481
31
2596.000
0
LINE
8
GRADE-FINISHED
10
710.000
20
-669.400
30
2596.000
11
709.441
21
-670.000
31
2596.000
0
LINE
8
GRADE-FINISHED
10
710.479
20
-668.000
30
2596.000
11
710.000
21
-669.400
31
2596.000
0
LINE
8
GRADE-FINISHED
10
485.609
20
-670.000
30
2596.000
11
485.611
21
-672.000
31
2596.000
0
LINE
8
GRADE-FINISHED
10
584.341
20
-670.000
30
2596.000
11
584.341
21
-672.000
31
2596.000
0
LINE
8
GRADE-FINISHED
10
691.187
20
-670.000
30
2596.000
11
691.838
21
-672.000
31
2596.000
0
LINE
8
GRADE-FINISHED
10
698.000
20
-671.241
30
2596.000
11
696.429
21
-672.000
31
2596.000
0
LINE
8
GRADE-FINISHED
10
700.000
20
-670.721
30
2596.000
11
698.000
21
-671.241
31
2596.000
0
LINE
8
GRADE-FINISHED
10
702.000
20
-670.045
30
2596.000
11
700.000
21
-670.721
31
2596.000
0
LINE
8
GRADE-FINISHED
10
702.040
20
-670.000
30
2596.000
11
702.000
21
-670.045
31
2596.000
0
LINE
8
GRADE-FINISHED
10
708.000
20
-671.506
30
2596.000
11
707.537
21
-672.000
31
2596.000
0
LINE
8
GRADE-FINISHED
10
709.441
20
-670.000
30
2596.000
11
708.000
21
-671.506
31
2596.000
0
LINE
8
GRADE-FINISHED
10
485.611
20
-672.000
30
2596.000
11
485.614
21
-674.000
31
2596.000
0
LINE
8
GRADE-FINISHED
10
584.341
20
-672.000
30
2596.000
11
584.341
21
-674.000
31
2596.000
0
LINE
8
GRADE-FINISHED
10
691.838
20
-672.000
30
2596.000
11
692.000
21
-672.154
31
2596.000
0
LINE
8
GRADE-FINISHED
10
694.000
20
-672.469
30
2596.000
11
692.000
21
-672.154
31
2596.000
0
LINE
8
GRADE-FINISHED
10
696.000
20
-672.239
30
2596.000
11
694.000
21
-672.469
31
2596.000
0
LINE
8
GRADE-FINISHED
10
696.429
20
-672.000
30
2596.000
11
696.000
21
-672.239
31
2596.000
0
LINE
8
GRADE-FINISHED
10
706.000
20
-673.605
30
2596.000
11
705.631
21
-674.000
31
2596.000
0
LINE
8
GRADE-FINISHED
10
707.537
20
-672.000
30
2596.000
11
706.000
21
-673.605
31
2596.000
0
LINE
8
GRADE-FINISHED
10
485.614
20
-674.000
30
2596.000
11
485.618
21
-676.000
31
2596.000
0
LINE
8
GRADE-FINISHED
10
584.341
20
-674.000
30
2596.000
11
584.341
21
-676.000
31
2596.000
0
LINE
8
GRADE-FINISHED
10
704.000
20
-675.702
30
2596.000
11
703.719
21
-676.000
31
2596.000
0
LINE
8
GRADE-FINISHED
10
705.631
20
-674.000
30
2596.000
11
704.000
21
-675.702
31
2596.000
0
LINE
8
GRADE-FINISHED
10
485.618
20
-676.000
30
2596.000
11
485.621
21
-678.000
31
2596.000
0
LINE
8
GRADE-FINISHED
10
584.341
20
-676.000
30
2596.000
11
584.341
21
-678.000
31
2596.000
0
LINE
8
GRADE-FINISHED
10
703.719
20
-676.000
30
2596.000
11
703.140
21
-678.000
31
2596.000
0
LINE
8
GRADE-FINISHED
10
485.621
20
-678.000
30
2596.000
11
485.623
21
-680.000
31
2596.000
0
LINE
8
GRADE-FINISHED
10
584.341
20
-678.000
30
2596.000
11
584.341
21
-680.000
31
2596.000
0
LINE
8
GRADE-FINISHED
10
700.000
20
-679.869
30
2596.000
11
699.874
21
-680.000
31
2596.000
0
LINE
8
GRADE-FINISHED
10
700.828
20
-680.000
30
2596.000
11
700.000
21
-679.869
31
2596.000
0
LINE
8
GRADE-FINISHED
10
703.140
20
-678.000
30
2596.000
11
702.312
21
-680.000
31
2596.000
0
LINE
8
GRADE-FINISHED
10
485.623
20
-680.000
30
2596.000
11
485.626
21
-682.000
31
2596.000
0
LINE
8
GRADE-FINISHED
10
584.341
20
-680.000
30
2596.000
11
584.341
21
-682.000
31
2596.000
0
LINE
8
GRADE-FINISHED
10
699.874
20
-680.000
30
2596.000
11
700.000
21
-681.571
31
2596.000
0
LINE
8
GRADE-FINISHED
10
700.828
20
-680.000
30
2596.000
11
702.000
21
-680.582
31
2596.000
0
LINE
8
GRADE-FINISHED
10
700.146
20
-682.000
30
2596.000
11
700.000
21
-681.571
31
2596.000
0
LINE
8
GRADE-FINISHED
10
702.312
20
-680.000
30
2596.000
11
702.000
21
-680.582
31
2596.000
0
LINE
8
GRADE-FINISHED
10
485.626
20
-682.000
30
2596.000
11
485.629
21
-684.000
31
2596.000
0
LINE
8
GRADE-FINISHED
10
584.341
20
-682.000
30
2596.000
11
584.341
21
-684.000
31
2596.000
0
LINE
8
GRADE-FINISHED
10
700.146
20
-682.000
30
2596.000
11
701.500
21
-684.000
31
2596.000
0
LINE
8
GRADE-FINISHED
10
720.000
20
-683.578
30
2596.000
11
718.830
21
-684.000
31
2596.000
0
LINE
8
GRADE-FINISHED
10
721.851
20
-684.000
30
2596.000
11
720.000
21
-683.578
31
2596.000
0
LINE
8
GRADE-FINISHED
10
485.629
20
-684.000
30
2596.000
11
485.630
21
-686.000
31
2596.000
0
LINE
8
GRADE-FINISHED
10
584.341
20
-684.000
30
2596.000
11
584.341
21
-686.000
31
2596.000
0
LINE
8
GRADE-FINISHED
10
701.500
20
-684.000
30
2596.000
11
702.000
21
-684.409
31
2596.000
0
LINE
8
GRADE-FINISHED
10
704.000
20
-685.818
30
2596.000
11
702.000
21
-684.409
31
2596.000
0
LINE
8
GRADE-FINISHED
10
704.167
20
-686.000
30
2596.000
11
704.000
21
-685.818
31
2596.000
0
LINE
8
GRADE-FINISHED
10
714.000
20
-685.486
30
2596.000
11
712.790
21
-686.000
31
2596.000
0
LINE
8
GRADE-FINISHED
10
716.000
20
-685.283
30
2596.000
11
714.000
21
-685.486
31
2596.000
0
LINE
8
GRADE-FINISHED
10
718.000
20
-684.595
30
2596.000
11
716.000
21
-685.283
31
2596.000
0
LINE
8
GRADE-FINISHED
10
718.830
20
-684.000
30
2596.000
11
718.000
21
-684.595
31
2596.000
0
LINE
8
GRADE-FINISHED
10
721.851
20
-684.000
30
2596.000
11
721.940
21
-686.000
31
2596.000
0
LINE
8
GRADE-FINISHED
10
485.630
20
-686.000
30
2596.000
11
485.630
21
-688.000
31
2596.000
0
LINE
8
GRADE-FINISHED
10
584.341
20
-686.000
30
2596.000
11
584.341
21
-688.000
31
2596.000
0
LINE
8
GRADE-FINISHED
10
704.167
20
-686.000
30
2596.000
11
705.185
21
-688.000
31
2596.000
0
LINE
8
GRADE-FINISHED
10
708.000
20
-687.114
30
2596.000
11
706.440
21
-688.000
31
2596.000
0
LINE
8
GRADE-FINISHED
10
710.000
20
-687.024
30
2596.000
11
708.000
21
-687.114
31
2596.000
0
LINE
8
GRADE-FINISHED
10
712.000
20
-686.637
30
2596.000
11
710.000
21
-687.024
31
2596.000
0
LINE
8
GRADE-FINISHED
10
712.790
20
-686.000
30
2596.000
11
712.000
21
-686.637
31
2596.000
0
LINE
8
GRADE-FINISHED
10
721.940
20
-686.000
30
2596.000
11
722.000
21
-686.133
31
2596.000
0
LINE
8
GRADE-FINISHED
10
723.302
20
-688.000
30
2596.000
11
722.000
21
-686.133
31
2596.000
0
LINE
8
GRADE-FINISHED
10
485.630
20
-688.000
30
2596.000
11
485.630
21
-690.000
31
2596.000
0
LINE
8
GRADE-FINISHED
10
584.341
20
-688.000
30
2596.000
11
584.341
21
-690.000
31
2596.000
0
LINE
8
GRADE-FINISHED
10
705.185
20
-688.000
30
2596.000
11
706.000
21
-688.232
31
2596.000
0
LINE
8
GRADE-FINISHED
10
706.440
20
-688.000
30
2596.000
11
706.000
21
-688.232
31
2596.000
0
LINE
8
GRADE-FINISHED
10
723.302
20
-688.000
30
2596.000
11
723.696
21
-690.000
31
2596.000
0
LINE
8
GRADE-FINISHED
10
485.630
20
-690.000
30
2596.000
11
485.630
21
-692.000
31
2596.000
0
LINE
8
GRADE-FINISHED
10
584.341
20
-690.000
30
2596.000
11
584.341
21
-692.000
31
2596.000
0
LINE
8
GRADE-FINISHED
10
723.696
20
-690.000
30
2596.000
11
724.000
21
-691.077
31
2596.000
0
LINE
8
GRADE-FINISHED
10
724.300
20
-692.000
30
2596.000
11
724.000
21
-691.077
31
2596.000
0
LINE
8
GRADE-FINISHED
10
485.630
20
-692.000
30
2596.000
11
485.630
21
-694.000
31
2596.000
0
LINE
8
GRADE-FINISHED
10
584.341
20
-692.000
30
2596.000
11
584.341
21
-694.000
31
2596.000
0
LINE
8
GRADE-FINISHED
10
724.300
20
-692.000
30
2596.000
11
725.073
21
-694.000
31
2596.000
0
LINE
8
GRADE-FINISHED
10
485.630
20
-694.000
30
2596.000
11
485.630
21
-696.000
31
2596.000
0
LINE
8
GRADE-FINISHED
10
584.341
20
-694.000
30
2596.000
11
584.341
21
-696.000
31
2596.000
0
LINE
8
GRADE-FINISHED
10
725.073
20
-694.000
30
2596.000
11
726.000
21
-695.900
31
2596.000
0
LINE
8
GRADE-FINISHED
10
726.054
20
-696.000
30
2596.000
11
726.000
21
-695.900
31
2596.000
0
LINE
8
GRADE-FINISHED
10
485.630
20
-696.000
30
2596.000
11
485.630
21
-698.000
31
2596.000
0
LINE
8
GRADE-FINISHED
10
584.341
20
-696.000
30
2596.000
11
584.341
21
-698.000
31
2596.000
0
LINE
8
GRADE-FINISHED
10
726.054
20
-696.000
30
2596.000
11
726.650
21
-698.000
31
2596.000
0
LINE
8
GRADE-FINISHED
10
485.630
20
-698.000
30
2596.000
11
485.630
21
-700.000
31
2596.000
0
LINE
8
GRADE-FINISHED
10
584.341
20
-698.000
30
2596.000
11
584.341
21
-700.000
31
2596.000
0
LINE
8
GRADE-FINISHED
10
726.650
20
-698.000
30
2596.000
11
726.950
21
-700.000
31
2596.000
0
LINE
8
GRADE-FINISHED
10
485.630
20
-700.000
30
2596.000
11
485.630
21
-702.000
31
2596.000
0
LINE
8
GRADE-FINISHED
10
584.341
20
-700.000
30
2596.000
11
584.341
21
-702.000
31
2596.000
0
LINE
8
GRADE-FINISHED
10
726.950
20
-700.000
30
2596.000
11
727.486
21
-702.000
31
2596.000
0
LINE
8
GRADE-FINISHED
10
485.630
20
-702.000
30
2596.000
11
485.630
21
-704.000
31
2596.000
0
LINE
8
GRADE-FINISHED
10
584.341
20
-702.000
30
2596.000
11
584.341
21
-704.000
31
2596.000
0
LINE
8
GRADE-FINISHED
10
727.486
20
-702.000
30
2596.000
11
727.737
21
-704.000
31
2596.000
0
LINE
8
GRADE-FINISHED
10
485.630
20
-704.000
30
2596.000
11
485.630
21
-706.000
31
2596.000
0
LINE
8
GRADE-FINISHED
10
584.341
20
-704.000
30
2596.000
11
584.341
21
-706.000
31
2596.000
0
LINE
8
GRADE-FINISHED
10
727.737
20
-704.000
30
2596.000
11
727.937
21
-706.000
31
2596.000
0
LINE
8
GRADE-FINISHED
10
485.630
20
-706.000
30
2596.000
11
485.630
21
-708.000
31
2596.000
0
LINE
8
GRADE-FINISHED
10
584.341
20
-706.000
30
2596.000
11
584.341
21
-708.000
31
2596.000
0
LINE
8
GRADE-FINISHED
10
727.937
20
-706.000
30
2596.000
11
728.000
21
-706.200
31
2596.000
0
LINE
8
GRADE-FINISHED
10
728.581
20
-708.000
30
2596.000
11
728.000
21
-706.200
31
2596.000
0
LINE
8
GRADE-FINISHED
10
485.630
20
-708.000
30
2596.000
11
486.000
21
-708.601
31
2596.000
0
LINE
8
GRADE-FINISHED
10
488.000
20
-709.075
30
2596.000
11
486.000
21
-708.601
31
2596.000
0
LINE
8
GRADE-FINISHED
10
490.000
20
-709.361
30
2596.000
11
488.000
21
-709.075
31
2596.000
0
LINE
8
GRADE-FINISHED
10
492.000
20
-709.361
30
2596.000
11
490.000
21
-709.361
31
2596.000
0
LINE
8
GRADE-FINISHED
10
494.000
20
-709.361
30
2596.000
11
492.000
21
-709.361
31
2596.000
0
LINE
8
GRADE-FINISHED
10
496.000
20
-709.361
30
2596.000
11
494.000
21
-709.361
31
2596.000
0
LINE
8
GRADE-FINISHED
10
498.000
20
-709.361
30
2596.000
11
496.000
21
-709.361
31
2596.000
0
LINE
8
GRADE-FINISHED
10
500.000
20
-709.361
30
2596.000
11
498.000
21
-709.361
31
2596.000
0
LINE
8
GRADE-FINISHED
10
502.000
20
-709.361
30
2596.000
11
500.000
21
-709.361
31
2596.000
0
LINE
8
GRADE-FINISHED
10
504.000
20
-709.361
30
2596.000
11
502.000
21
-709.361
31
2596.000
0
LINE
8
GRADE-FINISHED
10
506.000
20
-709.361
30
2596.000
11
504.000
21
-709.361
31
2596.000
0
LINE
8
GRADE-FINISHED
10
508.000
20
-709.361
30
2596.000
11
506.000
21
-709.361
31
2596.000
0
LINE
8
GRADE-FINISHED
10
510.000
20
-709.361
30
2596.000
11
508.000
21
-709.361
31
2596.000
0
LINE
8
GRADE-FINISHED
10
512.000
20
-709.361
30
2596.000
11
510.000
21
-709.361
31
2596.000
0
LINE
8
GRADE-FINISHED
10
514.000
20
-709.361
30
2596.000
11
512.000
21
-709.361
31
2596.000
0
LINE
8
GRADE-FINISHED
10
516.000
20
-709.361
30
2596.000
11
514.000
21
-709.361
31
2596.000
0
LINE
8
GRADE-FINISHED
10
518.000
20
-709.361
30
2596.000
11
516.000
21
-709.361
31
2596.000
0
LINE
8
GRADE-FINISHED
10
520.000
20
-709.361
30
2596.000
11
518.000
21
-709.361
31
2596.000
0
LINE
8
GRADE-FINISHED
10
522.000
20
-709.361
30
2596.000
11
520.000
21
-709.361
31
2596.000
0
LINE
8
GRADE-FINISHED
10
524.000
20
-709.361
30
2596.000
11
522.000
21
-709.361
31
2596.000
0
LINE
8
GRADE-FINISHED
10
526.000
20
-709.361
30
2596.000
11
524.000
21
-709.361
31
2596.000
0
LINE
8
GRADE-FINISHED
10
528.000
20
-709.361
30
2596.000
11
526.000
21
-709.361
31
2596.000
0
LINE
8
GRADE-FINISHED
10
530.000
20
-709.361
30
2596.000
11
528.000
21
-709.361
31
2596.000
0
LINE
8
GRADE-FINISHED
10
532.000
20
-709.361
30
2596.000
11
530.000
21
-709.361
31
2596.000
0
LINE
8
GRADE-FINISHED
10
534.000
20
-709.361
30
2596.000
11
532.000
21
-709.361
31
2596.000
0
LINE
8
GRADE-FINISHED
10
536.000
20
-709.361
30
2596.000
11
534.000
21
-709.361
31
2596.000
0
LINE
8
GRADE-FINISHED
10
538.000
20
-709.361
30
2596.000
11
536.000
21
-709.361
31
2596.000
0
LINE
8
GRADE-FINISHED
10
540.000
20
-709.361
30
2596.000
11
538.000
21
-709.361
31
2596.000
0
LINE
8
GRADE-FINISHED
10
542.000
20
-709.361
30
2596.000
11
540.000
21
-709.361
31
2596.000
0
LINE
8
GRADE-FINISHED
10
544.000
20
-709.361
30
2596.000
11
542.000
21
-709.361
31
2596.000
0
LINE
8
GRADE-FINISHED
10
546.000
20
-709.361
30
2596.000
11
544.000
21
-709.361
31
2596.000
0
LINE
8
GRADE-FINISHED
10
548.000
20
-709.361
30
2596.000
11
546.000
21
-709.361
31
2596.000
0
LINE
8
GRADE-FINISHED
10
550.000
20
-709.361
30
2596.000
11
548.000
21
-709.361
31
2596.000
0
LINE
8
GRADE-FINISHED
10
552.000
20
-709.361
30
2596.000
11
550.000
21
-709.361
31
2596.000
0
LINE
8
GRADE-FINISHED
10
554.000
20
-709.361
30
2596.000
11
552.000
21
-709.361
31
2596.000
0
LINE
8
GRADE-FINISHED
10
556.000
20
-709.361
30
2596.000
11
554.000
21
-709.361
31
2596.000
0
LINE
8
GRADE-FINISHED
10
558.000
20
-709.361
30
2596.000
11
556.000
21
-709.361
31
2596.000
0
LINE
8
GRADE-FINISHED
10
560.000
20
-709.361
30
2596.000
11
558.000
21
-709.361
31
2596.000
0
LINE
8
GRADE-FINISHED
10
562.000
20
-709.361
30
2596.000
11
560.000
21
-709.361
31
2596.000
0
LINE
8
GRADE-FINISHED
10
564.000
20
-709.361
30
2596.000
11
562.000
21
-709.361
31
2596.000
0
LINE
8
GRADE-FINISHED
10
566.000
20
-709.361
30
2596.000
11
564.000
21
-709.361
31
2596.000
0
LINE
8
GRADE-FINISHED
10
568.000
20
-709.361
30
2596.000
11
566.000
21
-709.361
31
2596.000
0
LINE
8
GRADE-FINISHED
10
570.000
20
-709.361
30
2596.000
11
568.000
21
-709.361
31
2596.000
0
LINE
8
GRADE-FINISHED
10
572.000
20
-709.361
30
2596.000
11
570.000
21
-709.361
31
2596.000
0
LINE
8
GRADE-FINISHED
10
574.000
20
-709.361
30
2596.000
11
572.000
21
-709.361
31
2596.000
0
LINE
8
GRADE-FINISHED
10
576.000
20
-709.361
30
2596.000
11
574.000
21
-709.361
31
2596.000
0
LINE
8
GRADE-FINISHED
10
578.000
20
-709.361
30
2596.000
11
576.000
21
-709.361
31
2596.000
0
LINE
8
GRADE-FINISHED
10
580.000
20
-709.361
30
2596.000
11
578.000
21
-709.361
31
2596.000
0
LINE
8
GRADE-FINISHED
10
582.000
20
-708.860
30
2596.000
11
580.000
21
-709.361
31
2596.000
0
LINE
8
GRADE-FINISHED
10
584.000
20
-708.527
30
2596.000
11
582.000
21
-708.860
31
2596.000
0
LINE
8
GRADE-FINISHED
10
584.341
20
-708.000
30
2596.000
11
584.000
21
-708.527
31
2596.000
0
LINE
8
GRADE-FINISHED
10
728.581
20
-708.000
30
2596.000
11
728.500
21
-710.000
31
2596.000
0
LINE
8
GRADE-FINISHED
10
728.500
20
-710.000
30
2596.000
11
728.867
21
-712.000
31
2596.000
0
LINE
8
GRADE-FINISHED
10
728.867
20
-712.000
30
2596.000
11
729.538
21
-714.000
31
2596.000
0
LINE
8
GRADE-FINISHED
10
729.538
20
-714.000
30
2596.000
11
730.000
21
-714.800
31
2596.000
0
LINE
8
GRADE-FINISHED
10
730.667
20
-716.000
30
2596.000
11
730.000
21
-714.800
31
2596.000
0
LINE
8
GRADE-FINISHED
10
730.667
20
-716.000
30
2596.000
11
731.586
21
-718.000
31
2596.000
0
LINE
8
GRADE-FINISHED
10
731.586
20
-718.000
30
2596.000
11
732.000
21
-719.000
31
2596.000
0
LINE
8
GRADE-FINISHED
10
732.414
20
-720.000
30
2596.000
11
732.000
21
-719.000
31
2596.000
0
LINE
8
GRADE-FINISHED
10
732.414
20
-720.000
30
2596.000
11
732.621
21
-722.000
31
2596.000
0
LINE
8
GRADE-FINISHED
10
732.621
20
-722.000
30
2596.000
11
732.786
21
-724.000
31
2596.000
0
LINE
8
GRADE-FINISHED
10
732.786
20
-724.000
30
2596.000
11
733.000
21
-726.000
31
2596.000
0
LINE
8
GRADE-FINISHED
10
733.000
20
-726.000
30
2596.000
11
733.286
21
-728.000
31
2596.000
0
LINE
8
GRADE-FINISHED
10
733.286
20
-728.000
30
2596.000
11
733.571
21
-730.000
31
2596.000
0
LINE
8
GRADE-FINISHED
10
733.571
20
-730.000
30
2596.000
11
734.000
21
-731.500
31
2596.000
0
LINE
8
GRADE-FINISHED
10
734.143
20
-732.000
30
2596.000
11
734.000
21
-731.500
31
2596.000
0
LINE
8
GRADE-FINISHED
10
734.143
20
-732.000
30
2596.000
11
734.640
21
-734.000
31
2596.000
0
LINE
8
GRADE-FINISHED
10
734.640
20
-734.000
30
2596.000
11
736.000
21
-735.259
31
2596.000
0
LINE
8
GRADE-FINISHED
10
736.870
20
-736.000
30
2596.000
11
736.000
21
-735.259
31
2596.000
0
LINE
8
GRADE-FINISHED
10
736.870
20
-736.000
30
2596.000
11
738.000
21
-736.578
31
2596.000
0
LINE
8
GRADE-FINISHED
10
740.000
20
-737.125
30
2596.000
11
738.000
21
-736.578
31
2596.000
0
LINE
8
GRADE-FINISHED
10
742.000
20
-737.542
30
2596.000
11
740.000
21
-737.125
31
2596.000
0
LINE
8
GRADE-FINISHED
10
742.449
20
-738.000
30
2596.000
11
742.000
21
-737.542
31
2596.000
0
LINE
8
GRADE-FINISHED
10
742.449
20
-738.000
30
2596.000
11
743.158
21
-740.000
31
2596.000
0
LINE
8
GRADE-FINISHED
10
743.158
20
-740.000
30
2596.000
11
743.833
21
-742.000
31
2596.000
0
LINE
8
GRADE-FINISHED
10
743.833
20
-742.000
30
2596.000
11
744.000
21
-742.164
31
2596.000
0
LINE
8
GRADE-FINISHED
10
746.000
20
-743.433
30
2596.000
11
744.000
21
-742.164
31
2596.000
0
LINE
8
GRADE-FINISHED
10
746.923
20
-744.000
30
2596.000
11
746.000
21
-743.433
31
2596.000
0
LINE
8
GRADE-FINISHED
10
746.923
20
-744.000
30
2596.000
11
748.000
21
-745.527
31
2596.000
0
LINE
8
GRADE-FINISHED
10
748.867
20
-746.000
30
2596.000
11
748.000
21
-745.527
31
2596.000
0
LINE
8
GRADE-FINISHED
10
748.867
20
-746.000
30
2596.000
11
749.312
21
-748.000
31
2596.000
0
LINE
8
GRADE-FINISHED
10
749.312
20
-748.000
30
2596.000
11
749.771
21
-750.000
31
2596.000
0
LINE
8
GRADE-FINISHED
10
749.771
20
-750.000
30
2596.000
11
749.944
21
-752.000
31
2596.000
0
LINE
8
GRADE-FINISHED
10
749.944
20
-752.000
30
2596.000
11
750.000
21
-754.000
31
2596.000
0
LINE
8
GRADE-FINISHED
10
750.000
20
-754.000
30
2596.000
11
750.000
21
-754.000
31
2596.000
0
LINE
8
GRADE-FINISHED
10
750.111
20
-756.000
30
2596.000
11
750.000
21
-754.000
31
2596.000
0
LINE
8
GRADE-FINISHED
10
750.111
20
-756.000
30
2596.000
11
750.632
21
-758.000
31
2596.000
0
LINE
8
GRADE-FINISHED
10
750.632
20
-758.000
30
2596.000
11
751.053
21
-760.000
31
2596.000
0
LINE
8
GRADE-FINISHED
10
751.053
20
-760.000
30
2596.000
11
751.500
21
-762.000
31
2596.000
0
LINE
8
GRADE-FINISHED
10
751.500
20
-762.000
30
2596.000
11
751.905
21
-764.000
31
2596.000
0
LINE
8
GRADE-FINISHED
10
751.905
20
-764.000
30
2596.000
11
752.000
21
-764.444
31
2596.000
0
LINE
8
GRADE-FINISHED
10
752.368
20
-766.000
30
2596.000
11
752.000
21
-764.444
31
2596.000
0
LINE
8
GRADE-FINISHED
10
752.368
20
-766.000
30
2596.000
11
752.850
21
-768.000
31
2596.000
0
LINE
8
GRADE-FINISHED
10
752.850
20
-768.000
30
2596.000
11
753.190
21
-770.000
31
2596.000
0
LINE
8
GRADE-FINISHED
10
753.190
20
-770.000
30
2596.000
11
753.467
21
-772.000
31
2596.000
0
LINE
8
GRADE-FINISHED
10
753.467
20
-772.000
30
2596.000
11
754.000
21
-774.000
31
2596.000
0
LINE
8
GRADE-FINISHED
10
754.000
20
-774.000
30
2596.000
11
754.000
21
-774.000
31
2596.000
0
LINE
8
GRADE-FINISHED
10
754.842
20
-776.000
30
2596.000
11
754.000
21
-774.000
31
2596.000
0
LINE
8
GRADE-FINISHED
10
754.842
20
-776.000
30
2596.000
11
755.500
21
-778.000
31
2596.000
0
LINE
8
GRADE-FINISHED
10
755.500
20
-778.000
30
2596.000
11
756.000
21
-779.286
31
2596.000
0
LINE
8
GRADE-FINISHED
10
756.286
20
-780.000
30
2596.000
11
756.000
21
-779.286
31
2596.000
0
LINE
8
GRADE-FINISHED
10
456.000
20
-381.667
30
2597.000
11
455.846
21
-382.000
31
2597.000
0
LINE
8
GRADE-FINISHED
10
456.769
20
-380.000
30
2597.000
11
456.000
21
-381.667
31
2597.000
0
LINE
8
GRADE-FINISHED
10
455.846
20
-382.000
30
2597.000
11
454.923
21
-384.000
31
2597.000
0
LINE
8
GRADE-FINISHED
10
454.000
20
-386.000
30
2597.000
11
454.000
21
-386.000
31
2597.000
0
LINE
8
GRADE-FINISHED
10
454.923
20
-384.000
30
2597.000
11
454.000
21
-386.000
31
2597.000
0
LINE
8
GRADE-FINISHED
10
454.000
20
-386.000
30
2597.000
11
453.143
21
-388.000
31
2597.000
0
LINE
8
GRADE-FINISHED
10
453.143
20
-388.000
30
2597.000
11
452.286
21
-390.000
31
2597.000
0
LINE
8
GRADE-FINISHED
10
452.000
20
-390.667
30
2597.000
11
451.385
21
-392.000
31
2597.000
0
LINE
8
GRADE-FINISHED
10
452.286
20
-390.000
30
2597.000
11
452.000
21
-390.667
31
2597.000
0
LINE
8
GRADE-FINISHED
10
451.385
20
-392.000
30
2597.000
11
450.462
21
-394.000
31
2597.000
0
LINE
8
GRADE-FINISHED
10
450.000
20
-395.000
30
2597.000
11
449.571
21
-396.000
31
2597.000
0
LINE
8
GRADE-FINISHED
10
450.462
20
-394.000
30
2597.000
11
450.000
21
-395.000
31
2597.000
0
LINE
8
GRADE-FINISHED
10
449.571
20
-396.000
30
2597.000
11
448.714
21
-398.000
31
2597.000
0
LINE
8
GRADE-FINISHED
10
448.000
20
-399.429
30
2597.000
11
447.714
21
-400.000
31
2597.000
0
LINE
8
GRADE-FINISHED
10
448.714
20
-398.000
30
2597.000
11
448.000
21
-399.429
31
2597.000
0
LINE
8
GRADE-FINISHED
10
447.714
20
-400.000
30
2597.000
11
446.857
21
-402.000
31
2597.000
0
LINE
8
GRADE-FINISHED
10
446.000
20
-404.000
30
2597.000
11
446.000
21
-404.000
31
2597.000
0
LINE
8
GRADE-FINISHED
10
446.857
20
-402.000
30
2597.000
11
446.000
21
-404.000
31
2597.000
0
LINE
8
GRADE-FINISHED
10
460.000
20
-403.875
30
2597.000
11
459.833
21
-404.000
31
2597.000
0
LINE
8
GRADE-FINISHED
10
460.667
20
-404.000
30
2597.000
11
460.000
21
-403.875
31
2597.000
0
LINE
8
GRADE-FINISHED
10
446.000
20
-404.000
30
2597.000
11
445.077
21
-406.000
31
2597.000
0
LINE
8
GRADE-FINISHED
10
458.000
20
-405.375
30
2597.000
11
457.091
21
-406.000
31
2597.000
0
LINE
8
GRADE-FINISHED
10
459.833
20
-404.000
30
2597.000
11
458.000
21
-405.375
31
2597.000
0
LINE
8
GRADE-FINISHED
10
460.667
20
-404.000
30
2597.000
11
462.000
21
-405.333
31
2597.000
0
LINE
8
GRADE-FINISHED
10
462.667
20
-406.000
30
2597.000
11
462.000
21
-405.333
31
2597.000
0
LINE
8
GRADE-FINISHED
10
445.077
20
-406.000
30
2597.000
11
444.250
21
-408.000
31
2597.000
0
LINE
8
GRADE-FINISHED
10
456.000
20
-406.800
30
2597.000
11
454.364
21
-408.000
31
2597.000
0
LINE
8
GRADE-FINISHED
10
457.091
20
-406.000
30
2597.000
11
456.000
21
-406.800
31
2597.000
0
LINE
8
GRADE-FINISHED
10
462.667
20
-406.000
30
2597.000
11
463.000
21
-408.000
31
2597.000
0
LINE
8
GRADE-FINISHED
10
444.000
20
-409.000
30
2597.000
11
443.800
21
-410.000
31
2597.000
0
LINE
8
GRADE-FINISHED
10
444.250
20
-408.000
30
2597.000
11
444.000
21
-409.000
31
2597.000
0
LINE
8
GRADE-FINISHED
10
452.000
20
-409.647
30
2597.000
11
451.538
21
-410.000
31
2597.000
0
LINE
8
GRADE-FINISHED
10
454.000
20
-408.267
30
2597.000
11
452.000
21
-409.647
31
2597.000
0
LINE
8
GRADE-FINISHED
10
454.364
20
-408.000
30
2597.000
11
454.000
21
-408.267
31
2597.000
0
LINE
8
GRADE-FINISHED
10
463.000
20
-408.000
30
2597.000
11
463.333
21
-410.000
31
2597.000
0
LINE
8
GRADE-FINISHED
10
443.800
20
-410.000
30
2597.000
11
443.667
21
-412.000
31
2597.000
0
LINE
8
GRADE-FINISHED
10
450.000
20
-411.176
30
2597.000
11
448.833
21
-412.000
31
2597.000
0
LINE
8
GRADE-FINISHED
10
451.538
20
-410.000
30
2597.000
11
450.000
21
-411.176
31
2597.000
0
LINE
8
GRADE-FINISHED
10
463.333
20
-410.000
30
2597.000
11
463.500
21
-412.000
31
2597.000
0
LINE
8
GRADE-FINISHED
10
443.667
20
-412.000
30
2597.000
11
443.667
21
-414.000
31
2597.000
0
LINE
8
GRADE-FINISHED
10
448.000
20
-412.625
30
2597.000
11
446.167
21
-414.000
31
2597.000
0
LINE
8
GRADE-FINISHED
10
448.833
20
-412.000
30
2597.000
11
448.000
21
-412.625
31
2597.000
0
LINE
8
GRADE-FINISHED
10
463.500
20
-412.000
30
2597.000
11
464.000
21
-412.500
31
2597.000
0
LINE
8
GRADE-FINISHED
10
466.000
20
-413.000
30
2597.000
11
464.000
21
-412.500
31
2597.000
0
LINE
8
GRADE-FINISHED
10
468.000
20
-413.500
30
2597.000
11
466.000
21
-413.000
31
2597.000
0
LINE
8
GRADE-FINISHED
10
470.000
20
-414.000
30
2597.000
11
468.000
21
-413.500
31
2597.000
0
LINE
8
GRADE-FINISHED
10
443.667
20
-414.000
30
2597.000
11
444.000
21
-414.400
31
2597.000
0
LINE
8
GRADE-FINISHED
10
446.000
20
-414.118
30
2597.000
11
444.000
21
-414.400
31
2597.000
0
LINE
8
GRADE-FINISHED
10
446.167
20
-414.000
30
2597.000
11
446.000
21
-414.118
31
2597.000
0
LINE
8
GRADE-FINISHED
10
470.000
20
-414.000
30
2597.000
11
470.000
21
-414.000
31
2597.000
0
LINE
8
GRADE-FINISHED
10
472.000
20
-414.000
30
2597.000
11
470.000
21
-414.000
31
2597.000
0
LINE
8
GRADE-FINISHED
10
474.000
20
-414.500
30
2597.000
11
472.000
21
-414.000
31
2597.000
0
LINE
8
GRADE-FINISHED
10
476.000
20
-415.000
30
2597.000
11
474.000
21
-414.500
31
2597.000
0
LINE
8
GRADE-FINISHED
10
478.000
20
-416.000
30
2597.000
11
476.000
21
-415.000
31
2597.000
0
LINE
8
GRADE-FINISHED
10
478.000
20
-416.000
30
2597.000
11
478.000
21
-416.000
31
2597.000
0
LINE
8
GRADE-FINISHED
10
478.800
20
-418.000
30
2597.000
11
478.000
21
-416.000
31
2597.000
0
LINE
8
GRADE-FINISHED
10
478.800
20
-418.000
30
2597.000
11
478.667
21
-420.000
31
2597.000
0
LINE
8
GRADE-FINISHED
10
478.667
20
-420.000
30
2597.000
11
478.667
21
-422.000
31
2597.000
0
LINE
8
GRADE-FINISHED
10
478.667
20
-422.000
30
2597.000
11
478.667
21
-424.000
31
2597.000
0
LINE
8
GRADE-FINISHED
10
478.667
20
-424.000
30
2597.000
11
478.667
21
-426.000
31
2597.000
0
LINE
8
GRADE-FINISHED
10
478.667
20
-426.000
30
2597.000
11
478.667
21
-428.000
31
2597.000
0
LINE
8
GRADE-FINISHED
10
478.667
20
-428.000
30
2597.000
11
478.400
21
-430.000
31
2597.000
0
LINE
8
GRADE-FINISHED
10
478.400
20
-430.000
30
2597.000
11
478.400
21
-432.000
31
2597.000
0
LINE
8
GRADE-FINISHED
10
478.400
20
-432.000
30
2597.000
11
478.333
21
-434.000
31
2597.000
0
LINE
8
GRADE-FINISHED
10
478.333
20
-434.000
30
2597.000
11
478.333
21
-436.000
31
2597.000
0
LINE
8
GRADE-FINISHED
10
478.333
20
-436.000
30
2597.000
11
480.000
21
-436.271
31
2597.000
0
LINE
8
GRADE-FINISHED
10
482.000
20
-436.477
30
2597.000
11
480.000
21
-436.271
31
2597.000
0
LINE
8
GRADE-FINISHED
10
484.000
20
-436.668
30
2597.000
11
482.000
21
-436.477
31
2597.000
0
LINE
8
GRADE-FINISHED
10
486.000
20
-436.816
30
2597.000
11
484.000
21
-436.668
31
2597.000
0
LINE
8
GRADE-FINISHED
10
488.000
20
-436.878
30
2597.000
11
486.000
21
-436.816
31
2597.000
0
LINE
8
GRADE-FINISHED
10
490.000
20
-436.858
30
2597.000
11
488.000
21
-436.878
31
2597.000
0
LINE
8
GRADE-FINISHED
10
492.000
20
-436.858
30
2597.000
11
490.000
21
-436.858
31
2597.000
0
LINE
8
GRADE-FINISHED
10
494.000
20
-436.837
30
2597.000
11
492.000
21
-436.858
31
2597.000
0
LINE
8
GRADE-FINISHED
10
496.000
20
-436.898
30
2597.000
11
494.000
21
-436.837
31
2597.000
0
LINE
8
GRADE-FINISHED
10
498.000
20
-436.952
30
2597.000
11
496.000
21
-436.898
31
2597.000
0
LINE
8
GRADE-FINISHED
10
500.000
20
-437.001
30
2597.000
11
498.000
21
-436.952
31
2597.000
0
LINE
8
GRADE-FINISHED
10
502.000
20
-437.031
30
2597.000
11
500.000
21
-437.001
31
2597.000
0
LINE
8
GRADE-FINISHED
10
504.000
20
-437.060
30
2597.000
11
502.000
21
-437.031
31
2597.000
0
LINE
8
GRADE-FINISHED
10
506.000
20
-437.087
30
2597.000
11
504.000
21
-437.060
31
2597.000
0
LINE
8
GRADE-FINISHED
10
508.000
20
-437.112
30
2597.000
11
506.000
21
-437.087
31
2597.000
0
LINE
8
GRADE-FINISHED
10
510.000
20
-437.136
30
2597.000
11
508.000
21
-437.112
31
2597.000
0
LINE
8
GRADE-FINISHED
10
512.000
20
-437.159
30
2597.000
11
510.000
21
-437.136
31
2597.000
0
LINE
8
GRADE-FINISHED
10
514.000
20
-437.191
30
2597.000
11
512.000
21
-437.159
31
2597.000
0
LINE
8
GRADE-FINISHED
10
516.000
20
-437.211
30
2597.000
11
514.000
21
-437.191
31
2597.000
0
LINE
8
GRADE-FINISHED
10
518.000
20
-437.230
30
2597.000
11
516.000
21
-437.211
31
2597.000
0
LINE
8
GRADE-FINISHED
10
520.000
20
-437.248
30
2597.000
11
518.000
21
-437.230
31
2597.000
0
LINE
8
GRADE-FINISHED
10
522.000
20
-437.265
30
2597.000
11
520.000
21
-437.248
31
2597.000
0
LINE
8
GRADE-FINISHED
10
524.000
20
-437.290
30
2597.000
11
522.000
21
-437.265
31
2597.000
0
LINE
8
GRADE-FINISHED
10
526.000
20
-437.305
30
2597.000
11
524.000
21
-437.290
31
2597.000
0
LINE
8
GRADE-FINISHED
10
528.000
20
-437.313
30
2597.000
11
526.000
21
-437.305
31
2597.000
0
LINE
8
GRADE-FINISHED
10
530.000
20
-437.327
30
2597.000
11
528.000
21
-437.313
31
2597.000
0
LINE
8
GRADE-FINISHED
10
532.000
20
-437.334
30
2597.000
11
530.000
21
-437.327
31
2597.000
0
LINE
8
GRADE-FINISHED
10
534.000
20
-437.341
30
2597.000
11
532.000
21
-437.334
31
2597.000
0
LINE
8
GRADE-FINISHED
10
536.000
20
-437.354
30
2597.000
11
534.000
21
-437.341
31
2597.000
0
LINE
8
GRADE-FINISHED
10
538.000
20
-437.354
30
2597.000
11
536.000
21
-437.354
31
2597.000
0
LINE
8
GRADE-FINISHED
10
540.000
20
-437.354
30
2597.000
11
538.000
21
-437.354
31
2597.000
0
LINE
8
GRADE-FINISHED
10
542.000
20
-437.354
30
2597.000
11
540.000
21
-437.354
31
2597.000
0
LINE
8
GRADE-FINISHED
10
544.000
20
-437.354
30
2597.000
11
542.000
21
-437.354
31
2597.000
0
LINE
8
GRADE-FINISHED
10
546.000
20
-437.361
30
2597.000
11
544.000
21
-437.354
31
2597.000
0
LINE
8
GRADE-FINISHED
10
548.000
20
-437.361
30
2597.000
11
546.000
21
-437.361
31
2597.000
0
LINE
8
GRADE-FINISHED
10
550.000
20
-437.361
30
2597.000
11
548.000
21
-437.361
31
2597.000
0
LINE
8
GRADE-FINISHED
10
552.000
20
-437.361
30
2597.000
11
550.000
21
-437.361
31
2597.000
0
LINE
8
GRADE-FINISHED
10
554.000
20
-437.361
30
2597.000
11
552.000
21
-437.361
31
2597.000
0
LINE
8
GRADE-FINISHED
10
556.000
20
-437.361
30
2597.000
11
554.000
21
-437.361
31
2597.000
0
LINE
8
GRADE-FINISHED
10
558.000
20
-437.361
30
2597.000
11
556.000
21
-437.361
31
2597.000
0
LINE
8
GRADE-FINISHED
10
560.000
20
-437.361
30
2597.000
11
558.000
21
-437.361
31
2597.000
0
LINE
8
GRADE-FINISHED
10
562.000
20
-437.361
30
2597.000
11
560.000
21
-437.361
31
2597.000
0
LINE
8
GRADE-FINISHED
10
564.000
20
-437.361
30
2597.000
11
562.000
21
-437.361
31
2597.000
0
LINE
8
GRADE-FINISHED
10
566.000
20
-437.361
30
2597.000
11
564.000
21
-437.361
31
2597.000
0
LINE
8
GRADE-FINISHED
10
568.000
20
-437.361
30
2597.000
11
566.000
21
-437.361
31
2597.000
0
LINE
8
GRADE-FINISHED
10
570.000
20
-437.361
30
2597.000
11
568.000
21
-437.361
31
2597.000
0
LINE
8
GRADE-FINISHED
10
572.000
20
-437.361
30
2597.000
11
570.000
21
-437.361
31
2597.000
0
LINE
8
GRADE-FINISHED
10
574.000
20
-437.361
30
2597.000
11
572.000
21
-437.361
31
2597.000
0
LINE
8
GRADE-FINISHED
10
576.000
20
-437.361
30
2597.000
11
574.000
21
-437.361
31
2597.000
0
LINE
8
GRADE-FINISHED
10
578.000
20
-437.361
30
2597.000
11
576.000
21
-437.361
31
2597.000
0
LINE
8
GRADE-FINISHED
10
580.000
20
-437.361
30
2597.000
11
578.000
21
-437.361
31
2597.000
0
LINE
8
GRADE-FINISHED
10
582.000
20
-437.361
30
2597.000
11
580.000
21
-437.361
31
2597.000
0
LINE
8
GRADE-FINISHED
10
584.000
20
-437.361
30
2597.000
11
582.000
21
-437.361
31
2597.000
0
LINE
8
GRADE-FINISHED
10
586.000
20
-437.367
30
2597.000
11
584.000
21
-437.361
31
2597.000
0
LINE
8
GRADE-FINISHED
10
588.000
20
-437.407
30
2597.000
11
586.000
21
-437.367
31
2597.000
0
LINE
8
GRADE-FINISHED
10
590.000
20
-437.447
30
2597.000
11
588.000
21
-437.407
31
2597.000
0
LINE
8
GRADE-FINISHED
10
592.000
20
-437.487
30
2597.000
11
590.000
21
-437.447
31
2597.000
0
LINE
8
GRADE-FINISHED
10
594.000
20
-437.527
30
2597.000
11
592.000
21
-437.487
31
2597.000
0
LINE
8
GRADE-FINISHED
10
596.000
20
-437.567
30
2597.000
11
594.000
21
-437.527
31
2597.000
0
LINE
8
GRADE-FINISHED
10
598.000
20
-437.607
30
2597.000
11
596.000
21
-437.567
31
2597.000
0
LINE
8
GRADE-FINISHED
10
600.000
20
-437.647
30
2597.000
11
598.000
21
-437.607
31
2597.000
0
LINE
8
GRADE-FINISHED
10
602.000
20
-437.687
30
2597.000
11
600.000
21
-437.647
31
2597.000
0
LINE
8
GRADE-FINISHED
10
604.000
20
-437.727
30
2597.000
11
602.000
21
-437.687
31
2597.000
0
LINE
8
GRADE-FINISHED
10
606.000
20
-437.767
30
2597.000
11
604.000
21
-437.727
31
2597.000
0
LINE
8
GRADE-FINISHED
10
608.000
20
-437.807
30
2597.000
11
606.000
21
-437.767
31
2597.000
0
LINE
8
GRADE-FINISHED
10
610.000
20
-437.847
30
2597.000
11
608.000
21
-437.807
31
2597.000
0
LINE
8
GRADE-FINISHED
10
612.000
20
-437.887
30
2597.000
11
610.000
21
-437.847
31
2597.000
0
LINE
8
GRADE-FINISHED
10
614.000
20
-437.927
30
2597.000
11
612.000
21
-437.887
31
2597.000
0
LINE
8
GRADE-FINISHED
10
616.000
20
-437.967
30
2597.000
11
614.000
21
-437.927
31
2597.000
0
LINE
8
GRADE-FINISHED
10
617.635
20
-438.000
30
2597.000
11
616.000
21
-437.967
31
2597.000
0
LINE
8
GRADE-FINISHED
10
617.635
20
-438.000
30
2597.000
11
617.635
21
-440.000
31
2597.000
0
LINE
8
GRADE-FINISHED
10
617.635
20
-440.000
30
2597.000
11
617.635
21
-442.000
31
2597.000
0
LINE
8
GRADE-FINISHED
10
617.635
20
-442.000
30
2597.000
11
617.635
21
-444.000
31
2597.000
0
LINE
8
GRADE-FINISHED
10
617.635
20
-444.000
30
2597.000
11
617.635
21
-446.000
31
2597.000
0
LINE
8
GRADE-FINISHED
10
617.635
20
-446.000
30
2597.000
11
617.635
21
-448.000
31
2597.000
0
LINE
8
GRADE-FINISHED
10
617.635
20
-448.000
30
2597.000
11
617.635
21
-450.000
31
2597.000
0
LINE
8
GRADE-FINISHED
10
617.635
20
-450.000
30
2597.000
11
617.635
21
-452.000
31
2597.000
0
LINE
8
GRADE-FINISHED
10
617.635
20
-452.000
30
2597.000
11
617.635
21
-454.000
31
2597.000
0
LINE
8
GRADE-FINISHED
10
472.000
20
-456.000
30
2597.000
11
472.000
21
-456.000
31
2597.000
0
LINE
8
GRADE-FINISHED
10
474.000
20
-456.000
30
2597.000
11
472.000
21
-456.000
31
2597.000
0
LINE
8
GRADE-FINISHED
10
474.000
20
-456.000
30
2597.000
11
474.000
21
-456.000
31
2597.000
0
LINE
8
GRADE-FINISHED
10
617.635
20
-454.000
30
2597.000
11
617.635
21
-456.000
31
2597.000
0
LINE
8
GRADE-FINISHED
10
462.000
20
-458.000
30
2597.000
11
462.000
21
-458.000
31
2597.000
0
LINE
8
GRADE-FINISHED
10
464.000
20
-458.000
30
2597.000
11
462.000
21
-458.000
31
2597.000
0
LINE
8
GRADE-FINISHED
10
466.000
20
-458.000
30
2597.000
11
464.000
21
-458.000
31
2597.000
0
LINE
8
GRADE-FINISHED
10
468.000
20
-458.000
30
2597.000
11
466.000
21
-458.000
31
2597.000
0
LINE
8
GRADE-FINISHED
10
470.000
20
-458.000
30
2597.000
11
468.000
21
-458.000
31
2597.000
0
LINE
8
GRADE-FINISHED
10
472.000
20
-456.000
30
2597.000
11
470.000
21
-458.000
31
2597.000
0
LINE
8
GRADE-FINISHED
10
474.000
20
-456.000
30
2597.000
11
474.000
21
-458.000
31
2597.000
0
LINE
8
GRADE-FINISHED
10
617.635
20
-456.000
30
2597.000
11
617.635
21
-458.000
31
2597.000
0
LINE
8
GRADE-FINISHED
10
452.000
20
-460.000
30
2597.000
11
452.000
21
-460.000
31
2597.000
0
LINE
8
GRADE-FINISHED
10
454.000
20
-460.000
30
2597.000
11
452.000
21
-460.000
31
2597.000
0
LINE
8
GRADE-FINISHED
10
456.000
20
-460.000
30
2597.000
11
454.000
21
-460.000
31
2597.000
0
LINE
8
GRADE-FINISHED
10
458.000
20
-460.000
30
2597.000
11
456.000
21
-460.000
31
2597.000
0
LINE
8
GRADE-FINISHED
10
460.000
20
-460.000
30
2597.000
11
458.000
21
-460.000
31
2597.000
0
LINE
8
GRADE-FINISHED
10
462.000
20
-458.000
30
2597.000
11
460.000
21
-460.000
31
2597.000
0
LINE
8
GRADE-FINISHED
10
474.000
20
-458.000
30
2597.000
11
474.000
21
-460.000
31
2597.000
0
LINE
8
GRADE-FINISHED
10
617.635
20
-458.000
30
2597.000
11
617.635
21
-460.000
31
2597.000
0
LINE
8
GRADE-FINISHED
10
452.000
20
-460.000
30
2597.000
11
452.000
21
-460.000
31
2597.000
0
LINE
8
GRADE-FINISHED
10
454.000
20
-460.000
30
2597.000
11
452.000
21
-460.000
31
2597.000
0
LINE
8
GRADE-FINISHED
10
456.000
20
-460.000
30
2597.000
11
454.000
21
-460.000
31
2597.000
0
LINE
8
GRADE-FINISHED
10
458.000
20
-460.000
30
2597.000
11
456.000
21
-460.000
31
2597.000
0
LINE
8
GRADE-FINISHED
10
460.000
20
-460.000
30
2597.000
11
458.000
21
-460.000
31
2597.000
0
LINE
8
GRADE-FINISHED
10
462.000
20
-460.000
30
2597.000
11
460.000
21
-460.000
31
2597.000
0
LINE
8
GRADE-FINISHED
10
464.000
20
-462.000
30
2597.000
11
462.000
21
-460.000
31
2597.000
0
LINE
8
GRADE-FINISHED
10
474.000
20
-460.000
30
2597.000
11
474.000
21
-462.000
31
2597.000
0
LINE
8
GRADE-FINISHED
10
617.635
20
-460.000
30
2597.000
11
617.635
21
-462.000
31
2597.000
0
LINE
8
GRADE-FINISHED
10
464.000
20
-462.000
30
2597.000
11
464.000
21
-464.000
31
2597.000
0
LINE
8
GRADE-FINISHED
10
474.000
20
-462.000
30
2597.000
11
474.000
21
-464.000
31
2597.000
0
LINE
8
GRADE-FINISHED
10
617.635
20
-462.000
30
2597.000
11
617.635
21
-464.000
31
2597.000
0
LINE
8
GRADE-FINISHED
10
464.000
20
-464.000
30
2597.000
11
464.000
21
-466.000
31
2597.000
0
LINE
8
GRADE-FINISHED
10
474.000
20
-464.000
30
2597.000
11
474.000
21
-466.000
31
2597.000
0
LINE
8
GRADE-FINISHED
10
617.635
20
-464.000
30
2597.000
11
617.635
21
-466.000
31
2597.000
0
LINE
8
GRADE-FINISHED
10
464.000
20
-466.000
30
2597.000
11
464.000
21
-468.000
31
2597.000
0
LINE
8
GRADE-FINISHED
10
474.000
20
-466.000
30
2597.000
11
474.000
21
-468.000
31
2597.000
0
LINE
8
GRADE-FINISHED
10
617.635
20
-466.000
30
2597.000
11
617.635
21
-468.000
31
2597.000
0
LINE
8
GRADE-FINISHED
10
464.000
20
-468.000
30
2597.000
11
464.000
21
-470.000
31
2597.000
0
LINE
8
GRADE-FINISHED
10
474.000
20
-468.000
30
2597.000
11
474.000
21
-470.000
31
2597.000
0
LINE
8
GRADE-FINISHED
10
617.635
20
-468.000
30
2597.000
11
617.635
21
-470.000
31
2597.000
0
LINE
8
GRADE-FINISHED
10
464.000
20
-470.000
30
2597.000
11
464.000
21
-470.000
31
2597.000
0
LINE
8
GRADE-FINISHED
10
466.000
20
-472.000
30
2597.000
11
464.000
21
-470.000
31
2597.000
0
LINE
8
GRADE-FINISHED
10
474.000
20
-470.000
30
2597.000
11
474.000
21
-472.000
31
2597.000
0
LINE
8
GRADE-FINISHED
10
617.635
20
-470.000
30
2597.000
11
617.635
21
-472.000
31
2597.000
0
LINE
8
GRADE-FINISHED
10
466.000
20
-472.000
30
2597.000
11
466.000
21
-474.000
31
2597.000
0
LINE
8
GRADE-FINISHED
10
474.000
20
-472.000
30
2597.000
11
474.000
21
-474.000
31
2597.000
0
LINE
8
GRADE-FINISHED
10
617.635
20
-472.000
30
2597.000
11
617.635
21
-474.000
31
2597.000
0
LINE
8
GRADE-FINISHED
10
466.000
20
-474.000
30
2597.000
11
466.000
21
-476.000
31
2597.000
0
LINE
8
GRADE-FINISHED
10
474.000
20
-474.000
30
2597.000
11
474.000
21
-476.000
31
2597.000
0
LINE
8
GRADE-FINISHED
10
617.635
20
-474.000
30
2597.000
11
617.635
21
-476.000
31
2597.000
0
LINE
8
GRADE-FINISHED
10
466.000
20
-476.000
30
2597.000
11
466.000
21
-478.000
31
2597.000
0
LINE
8
GRADE-FINISHED
10
474.000
20
-476.000
30
2597.000
11
474.000
21
-478.000
31
2597.000
0
LINE
8
GRADE-FINISHED
10
617.635
20
-476.000
30
2597.000
11
617.635
21
-478.000
31
2597.000
0
LINE
8
GRADE-FINISHED
10
466.000
20
-478.000
30
2597.000
11
466.000
21
-480.000
31
2597.000
0
LINE
8
GRADE-FINISHED
10
474.000
20
-478.000
30
2597.000
11
474.000
21
-480.000
31
2597.000
0
LINE
8
GRADE-FINISHED
10
617.635
20
-478.000
30
2597.000
11
617.635
21
-480.000
31
2597.000
0
LINE
8
GRADE-FINISHED
10
466.000
20
-480.000
30
2597.000
11
466.000
21
-482.000
31
2597.000
0
LINE
8
GRADE-FINISHED
10
474.000
20
-480.000
30
2597.000
11
474.000
21
-482.000
31
2597.000
0
LINE
8
GRADE-FINISHED
10
617.635
20
-480.000
30
2597.000
11
617.635
21
-482.000
31
2597.000
0
LINE
8
GRADE-FINISHED
10
466.000
20
-482.000
30
2597.000
11
466.000
21
-484.000
31
2597.000
0
LINE
8
GRADE-FINISHED
10
474.000
20
-482.000
30
2597.000
11
474.000
21
-484.000
31
2597.000
0
LINE
8
GRADE-FINISHED
10
617.635
20
-482.000
30
2597.000
11
617.635
21
-484.000
31
2597.000
0
LINE
8
GRADE-FINISHED
10
466.000
20
-484.000
30
2597.000
11
466.000
21
-486.000
31
2597.000
0
LINE
8
GRADE-FINISHED
10
474.000
20
-484.000
30
2597.000
11
474.000
21
-486.000
31
2597.000
0
LINE
8
GRADE-FINISHED
10
617.635
20
-484.000
30
2597.000
11
617.635
21
-486.000
31
2597.000
0
LINE
8
GRADE-FINISHED
10
466.000
20
-486.000
30
2597.000
11
466.000
21
-486.000
31
2597.000
0
LINE
8
GRADE-FINISHED
10
468.000
20
-488.000
30
2597.000
11
466.000
21
-486.000
31
2597.000
0
LINE
8
GRADE-FINISHED
10
474.000
20
-486.000
30
2597.000
11
476.000
21
-488.000
31
2597.000
0
LINE
8
GRADE-FINISHED
10
478.000
20
-488.000
30
2597.000
11
476.000
21
-488.000
31
2597.000
0
LINE
8
GRADE-FINISHED
10
478.000
20
-488.000
30
2597.000
11
478.000
21
-488.000
31
2597.000
0
LINE
8
GRADE-FINISHED
10
617.635
20
-486.000
30
2597.000
11
617.635
21
-488.000
31
2597.000
0
LINE
8
GRADE-FINISHED
10
468.000
20
-488.000
30
2597.000
11
468.000
21
-490.000
31
2597.000
0
LINE
8
GRADE-FINISHED
10
476.000
20
-488.000
30
2597.000
11
474.000
21
-490.000
31
2597.000
0
LINE
8
GRADE-FINISHED
10
478.000
20
-488.000
30
2597.000
11
476.000
21
-488.000
31
2597.000
0
LINE
8
GRADE-FINISHED
10
478.000
20
-488.000
30
2597.000
11
478.000
21
-488.000
31
2597.000
0
LINE
8
GRADE-FINISHED
10
617.635
20
-488.000
30
2597.000
11
618.000
21
-488.046
31
2597.000
0
LINE
8
GRADE-FINISHED
10
620.000
20
-488.296
30
2597.000
11
618.000
21
-488.046
31
2597.000
0
LINE
8
GRADE-FINISHED
10
622.000
20
-488.546
30
2597.000
11
620.000
21
-488.296
31
2597.000
0
LINE
8
GRADE-FINISHED
10
624.000
20
-488.796
30
2597.000
11
622.000
21
-488.546
31
2597.000
0
LINE
8
GRADE-FINISHED
10
626.000
20
-489.046
30
2597.000
11
624.000
21
-488.796
31
2597.000
0
LINE
8
GRADE-FINISHED
10
628.000
20
-489.296
30
2597.000
11
626.000
21
-489.046
31
2597.000
0
LINE
8
GRADE-FINISHED
10
630.000
20
-489.546
30
2597.000
11
628.000
21
-489.296
31
2597.000
0
LINE
8
GRADE-FINISHED
10
632.000
20
-489.796
30
2597.000
11
630.000
21
-489.546
31
2597.000
0
LINE
8
GRADE-FINISHED
10
633.635
20
-490.000
30
2597.000
11
632.000
21
-489.796
31
2597.000
0
LINE
8
GRADE-FINISHED
10
468.000
20
-490.000
30
2597.000
11
468.000
21
-492.000
31
2597.000
0
LINE
8
GRADE-FINISHED
10
470.000
20
-490.000
30
2597.000
11
468.000
21
-492.000
31
2597.000
0
LINE
8
GRADE-FINISHED
10
472.000
20
-490.000
30
2597.000
11
470.000
21
-490.000
31
2597.000
0
LINE
8
GRADE-FINISHED
10
474.000
20
-490.000
30
2597.000
11
472.000
21
-490.000
31
2597.000
0
LINE
8
GRADE-FINISHED
10
474.000
20
-490.000
30
2597.000
11
474.000
21
-490.000
31
2597.000
0
LINE
8
GRADE-FINISHED
10
633.635
20
-490.000
30
2597.000
11
634.000
21
-490.046
31
2597.000
0
LINE
8
GRADE-FINISHED
10
636.000
20
-490.306
30
2597.000
11
634.000
21
-490.046
31
2597.000
0
LINE
8
GRADE-FINISHED
10
638.000
20
-490.651
30
2597.000
11
636.000
21
-490.306
31
2597.000
0
LINE
8
GRADE-FINISHED
10
640.000
20
-491.052
30
2597.000
11
638.000
21
-490.651
31
2597.000
0
LINE
8
GRADE-FINISHED
10
642.000
20
-491.523
30
2597.000
11
640.000
21
-491.052
31
2597.000
0
LINE
8
GRADE-FINISHED
10
643.716
20
-492.000
30
2597.000
11
642.000
21
-491.523
31
2597.000
0
LINE
8
GRADE-FINISHED
10
468.000
20
-492.000
30
2597.000
11
468.000
21
-492.000
31
2597.000
0
LINE
8
GRADE-FINISHED
10
468.000
20
-492.000
30
2597.000
11
468.000
21
-492.000
31
2597.000
0
LINE
8
GRADE-FINISHED
10
643.716
20
-492.000
30
2597.000
11
644.000
21
-492.083
31
2597.000
0
LINE
8
GRADE-FINISHED
10
646.000
20
-492.735
30
2597.000
11
644.000
21
-492.083
31
2597.000
0
LINE
8
GRADE-FINISHED
10
648.000
20
-493.522
30
2597.000
11
646.000
21
-492.735
31
2597.000
0
LINE
8
GRADE-FINISHED
10
649.044
20
-494.000
30
2597.000
11
648.000
21
-493.522
31
2597.000
0
LINE
8
GRADE-FINISHED
10
649.044
20
-494.000
30
2597.000
11
650.000
21
-494.458
31
2597.000
0
LINE
8
GRADE-FINISHED
10
652.000
20
-495.571
30
2597.000
11
650.000
21
-494.458
31
2597.000
0
LINE
8
GRADE-FINISHED
10
652.669
20
-496.000
30
2597.000
11
652.000
21
-495.571
31
2597.000
0
LINE
8
GRADE-FINISHED
10
652.669
20
-496.000
30
2597.000
11
654.000
21
-496.880
31
2597.000
0
LINE
8
GRADE-FINISHED
10
655.462
20
-498.000
30
2597.000
11
654.000
21
-496.880
31
2597.000
0
LINE
8
GRADE-FINISHED
10
655.462
20
-498.000
30
2597.000
11
656.000
21
-498.422
31
2597.000
0
LINE
8
GRADE-FINISHED
10
657.787
20
-500.000
30
2597.000
11
656.000
21
-498.422
31
2597.000
0
LINE
8
GRADE-FINISHED
10
657.787
20
-500.000
30
2597.000
11
658.000
21
-500.192
31
2597.000
0
LINE
8
GRADE-FINISHED
10
659.821
20
-502.000
30
2597.000
11
658.000
21
-500.192
31
2597.000
0
LINE
8
GRADE-FINISHED
10
659.821
20
-502.000
30
2597.000
11
660.000
21
-502.180
31
2597.000
0
LINE
8
GRADE-FINISHED
10
661.663
20
-504.000
30
2597.000
11
660.000
21
-502.180
31
2597.000
0
LINE
8
GRADE-FINISHED
10
661.663
20
-504.000
30
2597.000
11
662.000
21
-504.372
31
2597.000
0
LINE
8
GRADE-FINISHED
10
663.372
20
-506.000
30
2597.000
11
662.000
21
-504.372
31
2597.000
0
LINE
8
GRADE-FINISHED
10
663.372
20
-506.000
30
2597.000
11
664.000
21
-508.000
31
2597.000
0
LINE
8
GRADE-FINISHED
10
664.000
20
-508.000
30
2597.000
11
664.000
21
-508.000
31
2597.000
0
LINE
8
GRADE-FINISHED
10
666.000
20
-510.000
30
2597.000
11
664.000
21
-508.000
31
2597.000
0
LINE
8
GRADE-FINISHED
10
666.000
20
-510.000
30
2597.000
11
666.000
21
-512.000
31
2597.000
0
LINE
8
GRADE-FINISHED
10
666.000
20
-512.000
30
2597.000
11
666.000
21
-512.000
31
2597.000
0
LINE
8
GRADE-FINISHED
10
668.000
20
-514.000
30
2597.000
11
666.000
21
-512.000
31
2597.000
0
LINE
8
GRADE-FINISHED
10
668.000
20
-514.000
30
2597.000
11
668.000
21
-516.000
31
2597.000
0
LINE
8
GRADE-FINISHED
10
668.000
20
-516.000
30
2597.000
11
668.000
21
-516.000
31
2597.000
0
LINE
8
GRADE-FINISHED
10
670.000
20
-518.000
30
2597.000
11
668.000
21
-516.000
31
2597.000
0
LINE
8
GRADE-FINISHED
10
670.000
20
-518.000
30
2597.000
11
670.000
21
-518.000
31
2597.000
0
LINE
8
GRADE-FINISHED
10
672.000
20
-520.000
30
2597.000
11
670.000
21
-518.000
31
2597.000
0
LINE
8
GRADE-FINISHED
10
672.000
20
-520.000
30
2597.000
11
672.000
21
-522.000
31
2597.000
0
LINE
8
GRADE-FINISHED
10
672.000
20
-522.000
30
2597.000
11
672.000
21
-522.000
31
2597.000
0
LINE
8
GRADE-FINISHED
10
674.000
20
-524.000
30
2597.000
11
672.000
21
-522.000
31
2597.000
0
LINE
8
GRADE-FINISHED
10
674.000
20
-524.000
30
2597.000
11
674.000
21
-526.000
31
2597.000
0
LINE
8
GRADE-FINISHED
10
674.000
20
-526.000
30
2597.000
11
674.000
21
-526.000
31
2597.000
0
LINE
8
GRADE-FINISHED
10
676.000
20
-528.000
30
2597.000
11
674.000
21
-526.000
31
2597.000
0
LINE
8
GRADE-FINISHED
10
676.000
20
-528.000
30
2597.000
11
676.000
21
-528.000
31
2597.000
0
LINE
8
GRADE-FINISHED
10
678.000
20
-530.000
30
2597.000
11
676.000
21
-528.000
31
2597.000
0
LINE
8
GRADE-FINISHED
10
678.000
20
-530.000
30
2597.000
11
678.000
21
-532.000
31
2597.000
0
LINE
8
GRADE-FINISHED
10
678.000
20
-532.000
30
2597.000
11
678.000
21
-532.000
31
2597.000
0
LINE
8
GRADE-FINISHED
10
680.000
20
-534.000
30
2597.000
11
678.000
21
-532.000
31
2597.000
0
LINE
8
GRADE-FINISHED
10
680.000
20
-534.000
30
2597.000
11
680.000
21
-536.000
31
2597.000
0
LINE
8
GRADE-FINISHED
10
680.000
20
-536.000
30
2597.000
11
680.000
21
-536.000
31
2597.000
0
LINE
8
GRADE-FINISHED
10
682.000
20
-538.000
30
2597.000
11
680.000
21
-536.000
31
2597.000
0
LINE
8
GRADE-FINISHED
10
682.000
20
-538.000
30
2597.000
11
682.000
21
-538.000
31
2597.000
0
LINE
8
GRADE-FINISHED
10
684.000
20
-540.000
30
2597.000
11
682.000
21
-538.000
31
2597.000
0
LINE
8
GRADE-FINISHED
10
684.000
20
-540.000
30
2597.000
11
684.000
21
-540.000
31
2597.000
0
LINE
8
GRADE-FINISHED
10
686.000
20
-540.000
30
2597.000
11
684.000
21
-540.000
31
2597.000
0
LINE
8
GRADE-FINISHED
10
688.000
20
-540.020
30
2597.000
11
686.000
21
-540.000
31
2597.000
0
LINE
8
GRADE-FINISHED
10
688.664
20
-542.000
30
2597.000
11
688.000
21
-540.020
31
2597.000
0
LINE
8
GRADE-FINISHED
10
688.664
20
-542.000
30
2597.000
11
690.000
21
-542.981
31
2597.000
0
LINE
8
GRADE-FINISHED
10
692.000
20
-543.858
30
2597.000
11
690.000
21
-542.981
31
2597.000
0
LINE
8
GRADE-FINISHED
10
692.208
20
-544.000
30
2597.000
11
692.000
21
-543.858
31
2597.000
0
LINE
8
GRADE-FINISHED
10
692.208
20
-544.000
30
2597.000
11
694.000
21
-545.193
31
2597.000
0
LINE
8
GRADE-FINISHED
10
694.807
20
-546.000
30
2597.000
11
694.000
21
-545.193
31
2597.000
0
LINE
8
GRADE-FINISHED
10
694.807
20
-546.000
30
2597.000
11
696.000
21
-547.199
31
2597.000
0
LINE
8
GRADE-FINISHED
10
696.797
20
-548.000
30
2597.000
11
696.000
21
-547.199
31
2597.000
0
LINE
8
GRADE-FINISHED
10
696.797
20
-548.000
30
2597.000
11
697.625
21
-550.000
31
2597.000
0
LINE
8
GRADE-FINISHED
10
697.625
20
-550.000
30
2597.000
11
698.000
21
-550.568
31
2597.000
0
LINE
8
GRADE-FINISHED
10
698.945
20
-552.000
30
2597.000
11
698.000
21
-550.568
31
2597.000
0
LINE
8
GRADE-FINISHED
10
698.945
20
-552.000
30
2597.000
11
699.773
21
-554.000
31
2597.000
0
LINE
8
GRADE-FINISHED
10
699.773
20
-554.000
30
2597.000
11
700.000
21
-554.386
31
2597.000
0
LINE
8
GRADE-FINISHED
10
700.949
20
-556.000
30
2597.000
11
700.000
21
-554.386
31
2597.000
0
LINE
8
GRADE-FINISHED
10
700.949
20
-556.000
30
2597.000
11
701.777
21
-558.000
31
2597.000
0
LINE
8
GRADE-FINISHED
10
701.777
20
-558.000
30
2597.000
11
702.000
21
-558.385
31
2597.000
0
LINE
8
GRADE-FINISHED
10
702.935
20
-560.000
30
2597.000
11
702.000
21
-558.385
31
2597.000
0
LINE
8
GRADE-FINISHED
10
702.935
20
-560.000
30
2597.000
11
704.000
21
-561.101
31
2597.000
0
LINE
8
GRADE-FINISHED
10
704.869
20
-562.000
30
2597.000
11
704.000
21
-561.101
31
2597.000
0
LINE
8
GRADE-FINISHED
10
704.869
20
-562.000
30
2597.000
11
705.698
21
-564.000
31
2597.000
0
LINE
8
GRADE-FINISHED
10
705.698
20
-564.000
30
2597.000
11
706.000
21
-564.524
31
2597.000
0
LINE
8
GRADE-FINISHED
10
706.852
20
-566.000
30
2597.000
11
706.000
21
-564.524
31
2597.000
0
LINE
8
GRADE-FINISHED
10
706.852
20
-566.000
30
2597.000
11
707.680
21
-568.000
31
2597.000
0
LINE
8
GRADE-FINISHED
10
707.680
20
-568.000
30
2597.000
11
708.000
21
-568.555
31
2597.000
0
LINE
8
GRADE-FINISHED
10
708.833
20
-570.000
30
2597.000
11
708.000
21
-568.555
31
2597.000
0
LINE
8
GRADE-FINISHED
10
708.833
20
-570.000
30
2597.000
11
710.000
21
-571.209
31
2597.000
0
LINE
8
GRADE-FINISHED
10
710.763
20
-572.000
30
2597.000
11
710.000
21
-571.209
31
2597.000
0
LINE
8
GRADE-FINISHED
10
710.763
20
-572.000
30
2597.000
11
711.591
21
-574.000
31
2597.000
0
LINE
8
GRADE-FINISHED
10
711.591
20
-574.000
30
2597.000
11
711.591
21
-576.000
31
2597.000
0
LINE
8
GRADE-FINISHED
10
711.591
20
-576.000
30
2597.000
11
710.763
21
-578.000
31
2597.000
0
LINE
8
GRADE-FINISHED
10
704.000
20
-579.815
30
2597.000
11
703.775
21
-580.000
31
2597.000
0
LINE
8
GRADE-FINISHED
10
706.000
20
-579.703
30
2597.000
11
704.000
21
-579.815
31
2597.000
0
LINE
8
GRADE-FINISHED
10
708.000
20
-579.591
30
2597.000
11
706.000
21
-579.703
31
2597.000
0
LINE
8
GRADE-FINISHED
10
710.000
20
-578.763
30
2597.000
11
708.000
21
-579.591
31
2597.000
0
LINE
8
GRADE-FINISHED
10
710.763
20
-578.000
30
2597.000
11
710.000
21
-578.763
31
2597.000
0
LINE
8
GRADE-FINISHED
10
703.775
20
-580.000
30
2597.000
11
703.124
21
-582.000
31
2597.000
0
LINE
8
GRADE-FINISHED
10
703.124
20
-582.000
30
2597.000
11
702.790
21
-584.000
31
2597.000
0
LINE
8
GRADE-FINISHED
10
702.790
20
-584.000
30
2597.000
11
702.455
21
-586.000
31
2597.000
0
LINE
8
GRADE-FINISHED
10
702.455
20
-586.000
30
2597.000
11
702.121
21
-588.000
31
2597.000
0
LINE
8
GRADE-FINISHED
10
702.000
20
-588.722
30
2597.000
11
701.786
21
-590.000
31
2597.000
0
LINE
8
GRADE-FINISHED
10
702.121
20
-588.000
30
2597.000
11
702.000
21
-588.722
31
2597.000
0
LINE
8
GRADE-FINISHED
10
701.786
20
-590.000
30
2597.000
11
701.452
21
-592.000
31
2597.000
0
LINE
8
GRADE-FINISHED
10
701.452
20
-592.000
30
2597.000
11
701.117
21
-594.000
31
2597.000
0
LINE
8
GRADE-FINISHED
10
701.117
20
-594.000
30
2597.000
11
700.783
21
-596.000
31
2597.000
0
LINE
8
GRADE-FINISHED
10
700.783
20
-596.000
30
2597.000
11
700.449
21
-598.000
31
2597.000
0
LINE
8
GRADE-FINISHED
10
700.449
20
-598.000
30
2597.000
11
700.114
21
-600.000
31
2597.000
0
LINE
8
GRADE-FINISHED
10
700.000
20
-600.683
30
2597.000
11
698.198
21
-602.000
31
2597.000
0
LINE
8
GRADE-FINISHED
10
700.114
20
-600.000
30
2597.000
11
700.000
21
-600.683
31
2597.000
0
LINE
8
GRADE-FINISHED
10
696.000
20
-603.713
30
2597.000
11
695.647
21
-604.000
31
2597.000
0
LINE
8
GRADE-FINISHED
10
698.000
20
-602.150
30
2597.000
11
696.000
21
-603.713
31
2597.000
0
LINE
8
GRADE-FINISHED
10
698.198
20
-602.000
30
2597.000
11
698.000
21
-602.150
31
2597.000
0
LINE
8
GRADE-FINISHED
10
694.000
20
-605.384
30
2597.000
11
693.296
21
-606.000
31
2597.000
0
LINE
8
GRADE-FINISHED
10
695.647
20
-604.000
30
2597.000
11
694.000
21
-605.384
31
2597.000
0
LINE
8
GRADE-FINISHED
10
692.000
20
-607.174
30
2597.000
11
691.123
21
-608.000
31
2597.000
0
LINE
8
GRADE-FINISHED
10
693.296
20
-606.000
30
2597.000
11
692.000
21
-607.174
31
2597.000
0
LINE
8
GRADE-FINISHED
10
690.000
20
-609.096
30
2597.000
11
689.108
21
-610.000
31
2597.000
0
LINE
8
GRADE-FINISHED
10
691.123
20
-608.000
30
2597.000
11
690.000
21
-609.096
31
2597.000
0
LINE
8
GRADE-FINISHED
10
688.000
20
-611.165
30
2597.000
11
687.234
21
-612.000
31
2597.000
0
LINE
8
GRADE-FINISHED
10
689.108
20
-610.000
30
2597.000
11
688.000
21
-611.165
31
2597.000
0
LINE
8
GRADE-FINISHED
10
686.000
20
-613.398
30
2597.000
11
685.487
21
-614.000
31
2597.000
0
LINE
8
GRADE-FINISHED
10
687.234
20
-612.000
30
2597.000
11
686.000
21
-613.398
31
2597.000
0
LINE
8
GRADE-FINISHED
10
684.000
20
-615.816
30
2597.000
11
683.854
21
-616.000
31
2597.000
0
LINE
8
GRADE-FINISHED
10
685.487
20
-614.000
30
2597.000
11
684.000
21
-615.816
31
2597.000
0
LINE
8
GRADE-FINISHED
10
683.854
20
-616.000
30
2597.000
11
683.564
21
-618.000
31
2597.000
0
LINE
8
GRADE-FINISHED
10
683.564
20
-618.000
30
2597.000
11
684.000
21
-618.577
31
2597.000
0
LINE
8
GRADE-FINISHED
10
684.699
20
-620.000
30
2597.000
11
684.000
21
-618.577
31
2597.000
0
LINE
8
GRADE-FINISHED
10
684.699
20
-620.000
30
2597.000
11
685.857
21
-622.000
31
2597.000
0
LINE
8
GRADE-FINISHED
10
685.857
20
-622.000
30
2597.000
11
686.000
21
-622.150
31
2597.000
0
LINE
8
GRADE-FINISHED
10
687.947
20
-624.000
30
2597.000
11
686.000
21
-622.150
31
2597.000
0
LINE
8
GRADE-FINISHED
10
687.947
20
-624.000
30
2597.000
11
688.000
21
-624.037
31
2597.000
0
LINE
8
GRADE-FINISHED
10
690.000
20
-624.980
30
2597.000
11
688.000
21
-624.037
31
2597.000
0
LINE
8
GRADE-FINISHED
10
690.912
20
-626.000
30
2597.000
11
690.000
21
-624.980
31
2597.000
0
LINE
8
GRADE-FINISHED
10
690.912
20
-626.000
30
2597.000
11
691.881
21
-628.000
31
2597.000
0
LINE
8
GRADE-FINISHED
10
691.881
20
-628.000
30
2597.000
11
692.000
21
-628.242
31
2597.000
0
LINE
8
GRADE-FINISHED
10
693.074
20
-630.000
30
2597.000
11
692.000
21
-628.242
31
2597.000
0
LINE
8
GRADE-FINISHED
10
684.000
20
-631.956
30
2597.000
11
683.697
21
-632.000
31
2597.000
0
LINE
8
GRADE-FINISHED
10
686.000
20
-631.802
30
2597.000
11
684.000
21
-631.956
31
2597.000
0
LINE
8
GRADE-FINISHED
10
686.194
20
-632.000
30
2597.000
11
686.000
21
-631.802
31
2597.000
0
LINE
8
GRADE-FINISHED
10
693.074
20
-630.000
30
2597.000
11
694.000
21
-630.758
31
2597.000
0
LINE
8
GRADE-FINISHED
10
694.631
20
-632.000
30
2597.000
11
694.000
21
-630.758
31
2597.000
0
LINE
8
GRADE-FINISHED
10
683.697
20
-632.000
30
2597.000
11
683.442
21
-634.000
31
2597.000
0
LINE
8
GRADE-FINISHED
10
686.194
20
-632.000
30
2597.000
11
688.000
21
-633.679
31
2597.000
0
LINE
8
GRADE-FINISHED
10
688.326
20
-634.000
30
2597.000
11
688.000
21
-633.679
31
2597.000
0
LINE
8
GRADE-FINISHED
10
694.631
20
-632.000
30
2597.000
11
694.318
21
-634.000
31
2597.000
0
LINE
8
GRADE-FINISHED
10
683.442
20
-634.000
30
2597.000
11
683.442
21
-636.000
31
2597.000
0
LINE
8
GRADE-FINISHED
10
688.326
20
-634.000
30
2597.000
11
690.000
21
-635.562
31
2597.000
0
LINE
8
GRADE-FINISHED
10
690.516
20
-636.000
30
2597.000
11
690.000
21
-635.562
31
2597.000
0
LINE
8
GRADE-FINISHED
10
694.000
20
-634.367
30
2597.000
11
693.283
21
-636.000
31
2597.000
0
LINE
8
GRADE-FINISHED
10
694.318
20
-634.000
30
2597.000
11
694.000
21
-634.367
31
2597.000
0
LINE
8
GRADE-FINISHED
10
683.442
20
-636.000
30
2597.000
11
683.442
21
-638.000
31
2597.000
0
LINE
8
GRADE-FINISHED
10
690.516
20
-636.000
30
2597.000
11
690.043
21
-638.000
31
2597.000
0
LINE
8
GRADE-FINISHED
10
693.283
20
-636.000
30
2597.000
11
694.000
21
-636.882
31
2597.000
0
LINE
8
GRADE-FINISHED
10
695.032
20
-638.000
30
2597.000
11
694.000
21
-636.882
31
2597.000
0
LINE
8
GRADE-FINISHED
10
683.442
20
-638.000
30
2597.000
11
683.442
21
-640.000
31
2597.000
0
LINE
8
GRADE-FINISHED
10
690.000
20
-638.070
30
2597.000
11
688.498
21
-640.000
31
2597.000
0
LINE
8
GRADE-FINISHED
10
690.043
20
-638.000
30
2597.000
11
690.000
21
-638.070
31
2597.000
0
LINE
8
GRADE-FINISHED
10
695.032
20
-638.000
30
2597.000
11
696.000
21
-639.654
31
2597.000
0
LINE
8
GRADE-FINISHED
10
696.306
20
-640.000
30
2597.000
11
696.000
21
-639.654
31
2597.000
0
LINE
8
GRADE-FINISHED
10
683.442
20
-640.000
30
2597.000
11
683.442
21
-642.000
31
2597.000
0
LINE
8
GRADE-FINISHED
10
688.498
20
-640.000
30
2597.000
11
688.292
21
-642.000
31
2597.000
0
LINE
8
GRADE-FINISHED
10
696.306
20
-640.000
30
2597.000
11
696.192
21
-642.000
31
2597.000
0
LINE
8
GRADE-FINISHED
10
683.442
20
-642.000
30
2597.000
11
683.442
21
-644.000
31
2597.000
0
LINE
8
GRADE-FINISHED
10
688.000
20
-643.445
30
2597.000
11
687.188
21
-644.000
31
2597.000
0
LINE
8
GRADE-FINISHED
10
688.292
20
-642.000
30
2597.000
11
688.000
21
-643.445
31
2597.000
0
LINE
8
GRADE-FINISHED
10
696.000
20
-643.000
30
2597.000
11
695.808
21
-644.000
31
2597.000
0
LINE
8
GRADE-FINISHED
10
696.192
20
-642.000
30
2597.000
11
696.000
21
-643.000
31
2597.000
0
LINE
8
GRADE-FINISHED
10
683.442
20
-644.000
30
2597.000
11
683.442
21
-646.000
31
2597.000
0
LINE
8
GRADE-FINISHED
10
687.188
20
-644.000
30
2597.000
11
686.278
21
-646.000
31
2597.000
0
LINE
8
GRADE-FINISHED
10
695.808
20
-644.000
30
2597.000
11
695.425
21
-646.000
31
2597.000
0
LINE
8
GRADE-FINISHED
10
683.442
20
-646.000
30
2597.000
11
683.442
21
-648.000
31
2597.000
0
LINE
8
GRADE-FINISHED
10
686.278
20
-646.000
30
2597.000
11
686.165
21
-648.000
31
2597.000
0
LINE
8
GRADE-FINISHED
10
695.425
20
-646.000
30
2597.000
11
695.014
21
-648.000
31
2597.000
0
LINE
8
GRADE-FINISHED
10
683.442
20
-648.000
30
2597.000
11
683.442
21
-650.000
31
2597.000
0
LINE
8
GRADE-FINISHED
10
686.000
20
-648.795
30
2597.000
11
684.252
21
-650.000
31
2597.000
0
LINE
8
GRADE-FINISHED
10
686.165
20
-648.000
30
2597.000
11
686.000
21
-648.795
31
2597.000
0
LINE
8
GRADE-FINISHED
10
695.014
20
-648.000
30
2597.000
11
694.630
21
-650.000
31
2597.000
0
LINE
8
GRADE-FINISHED
10
683.442
20
-650.000
30
2597.000
11
683.442
21
-652.000
31
2597.000
0
LINE
8
GRADE-FINISHED
10
684.252
20
-650.000
30
2597.000
11
684.060
21
-652.000
31
2597.000
0
LINE
8
GRADE-FINISHED
10
694.630
20
-650.000
30
2597.000
11
694.247
21
-652.000
31
2597.000
0
LINE
8
GRADE-FINISHED
10
683.442
20
-652.000
30
2597.000
11
683.442
21
-654.000
31
2597.000
0
LINE
8
GRADE-FINISHED
10
684.060
20
-652.000
30
2597.000
11
684.036
21
-654.000
31
2597.000
0
LINE
8
GRADE-FINISHED
10
694.000
20
-653.200
30
2597.000
11
693.836
21
-654.000
31
2597.000
0
LINE
8
GRADE-FINISHED
10
694.247
20
-652.000
30
2597.000
11
694.000
21
-653.200
31
2597.000
0
LINE
8
GRADE-FINISHED
10
683.442
20
-654.000
30
2597.000
11
684.000
21
-654.167
31
2597.000
0
LINE
8
GRADE-FINISHED
10
684.036
20
-654.000
30
2597.000
11
684.000
21
-654.167
31
2597.000
0
LINE
8
GRADE-FINISHED
10
693.836
20
-654.000
30
2597.000
11
693.452
21
-656.000
31
2597.000
0
LINE
8
GRADE-FINISHED
10
693.452
20
-656.000
30
2597.000
11
693.068
21
-658.000
31
2597.000
0
LINE
8
GRADE-FINISHED
10
693.068
20
-658.000
30
2597.000
11
692.820
21
-660.000
31
2597.000
0
LINE
8
GRADE-FINISHED
10
692.820
20
-660.000
30
2597.000
11
692.667
21
-662.000
31
2597.000
0
LINE
8
GRADE-FINISHED
10
692.667
20
-662.000
30
2597.000
11
694.000
21
-663.667
31
2597.000
0
LINE
8
GRADE-FINISHED
10
694.308
20
-664.000
30
2597.000
11
694.000
21
-663.667
31
2597.000
0
LINE
8
GRADE-FINISHED
10
694.308
20
-664.000
30
2597.000
11
695.562
21
-666.000
31
2597.000
0
LINE
8
GRADE-FINISHED
10
710.000
20
-665.968
30
2597.000
11
709.918
21
-666.000
31
2597.000
0
LINE
8
GRADE-FINISHED
10
712.000
20
-665.413
30
2597.000
11
710.000
21
-665.968
31
2597.000
0
LINE
8
GRADE-FINISHED
10
714.000
20
-665.203
30
2597.000
11
712.000
21
-665.413
31
2597.000
0
LINE
8
GRADE-FINISHED
10
716.000
20
-665.945
30
2597.000
11
714.000
21
-665.203
31
2597.000
0
LINE
8
GRADE-FINISHED
10
716.065
20
-666.000
30
2597.000
11
716.000
21
-665.945
31
2597.000
0
LINE
8
GRADE-FINISHED
10
695.562
20
-666.000
30
2597.000
11
696.000
21
-667.400
31
2597.000
0
LINE
8
GRADE-FINISHED
10
696.162
20
-668.000
30
2597.000
11
696.000
21
-667.400
31
2597.000
0
LINE
8
GRADE-FINISHED
10
706.000
20
-667.496
30
2597.000
11
704.735
21
-668.000
31
2597.000
0
LINE
8
GRADE-FINISHED
10
708.000
20
-666.740
30
2597.000
11
706.000
21
-667.496
31
2597.000
0
LINE
8
GRADE-FINISHED
10
709.918
20
-666.000
30
2597.000
11
708.000
21
-666.740
31
2597.000
0
LINE
8
GRADE-FINISHED
10
712.000
20
-666.492
30
2597.000
11
710.936
21
-668.000
31
2597.000
0
LINE
8
GRADE-FINISHED
10
714.000
20
-667.979
30
2597.000
11
712.000
21
-666.492
31
2597.000
0
LINE
8
GRADE-FINISHED
10
716.000
20
-666.068
30
2597.000
11
714.000
21
-667.979
31
2597.000
0
LINE
8
GRADE-FINISHED
10
716.065
20
-666.000
30
2597.000
11
716.000
21
-666.068
31
2597.000
0
LINE
8
GRADE-FINISHED
10
696.162
20
-668.000
30
2597.000
11
696.667
21
-670.000
31
2597.000
0
LINE
8
GRADE-FINISHED
10
700.000
20
-669.543
30
2597.000
11
699.106
21
-670.000
31
2597.000
0
LINE
8
GRADE-FINISHED
10
702.000
20
-668.028
30
2597.000
11
700.000
21
-669.543
31
2597.000
0
LINE
8
GRADE-FINISHED
10
704.000
20
-668.349
30
2597.000
11
702.000
21
-668.028
31
2597.000
0
LINE
8
GRADE-FINISHED
10
704.735
20
-668.000
30
2597.000
11
704.000
21
-668.349
31
2597.000
0
LINE
8
GRADE-FINISHED
10
710.936
20
-668.000
30
2597.000
11
710.629
21
-670.000
31
2597.000
0
LINE
8
GRADE-FINISHED
10
696.667
20
-670.000
30
2597.000
11
698.000
21
-670.256
31
2597.000
0
LINE
8
GRADE-FINISHED
10
699.106
20
-670.000
30
2597.000
11
698.000
21
-670.256
31
2597.000
0
LINE
8
GRADE-FINISHED
10
710.000
20
-670.655
30
2597.000
11
708.709
21
-672.000
31
2597.000
0
LINE
8
GRADE-FINISHED
10
710.629
20
-670.000
30
2597.000
11
710.000
21
-670.655
31
2597.000
0
LINE
8
GRADE-FINISHED
10
708.000
20
-672.738
30
2597.000
11
706.789
21
-674.000
31
2597.000
0
LINE
8
GRADE-FINISHED
10
708.709
20
-672.000
30
2597.000
11
708.000
21
-672.738
31
2597.000
0
LINE
8
GRADE-FINISHED
10
706.000
20
-675.190
30
2597.000
11
705.236
21
-676.000
31
2597.000
0
LINE
8
GRADE-FINISHED
10
706.789
20
-674.000
30
2597.000
11
706.000
21
-675.190
31
2597.000
0
LINE
8
GRADE-FINISHED
10
705.236
20
-676.000
30
2597.000
11
705.140
21
-678.000
31
2597.000
0
LINE
8
GRADE-FINISHED
10
705.140
20
-678.000
30
2597.000
11
704.475
21
-680.000
31
2597.000
0
LINE
8
GRADE-FINISHED
10
704.475
20
-680.000
30
2597.000
11
705.062
21
-682.000
31
2597.000
0
LINE
8
GRADE-FINISHED
10
722.000
20
-681.703
30
2597.000
11
721.517
21
-682.000
31
2597.000
0
LINE
8
GRADE-FINISHED
10
724.000
20
-681.845
30
2597.000
11
722.000
21
-681.703
31
2597.000
0
LINE
8
GRADE-FINISHED
10
724.310
20
-682.000
30
2597.000
11
724.000
21
-681.845
31
2597.000
0
LINE
8
GRADE-FINISHED
10
705.062
20
-682.000
30
2597.000
11
706.000
21
-682.682
31
2597.000
0
LINE
8
GRADE-FINISHED
10
707.184
20
-684.000
30
2597.000
11
706.000
21
-682.682
31
2597.000
0
LINE
8
GRADE-FINISHED
10
718.000
20
-683.681
30
2597.000
11
717.309
21
-684.000
31
2597.000
0
LINE
8
GRADE-FINISHED
10
720.000
20
-682.898
30
2597.000
11
718.000
21
-683.681
31
2597.000
0
LINE
8
GRADE-FINISHED
10
721.517
20
-682.000
30
2597.000
11
720.000
21
-682.898
31
2597.000
0
LINE
8
GRADE-FINISHED
10
724.310
20
-682.000
30
2597.000
11
725.077
21
-684.000
31
2597.000
0
LINE
8
GRADE-FINISHED
10
707.184
20
-684.000
30
2597.000
11
708.000
21
-685.818
31
2597.000
0
LINE
8
GRADE-FINISHED
10
708.074
20
-686.000
30
2597.000
11
708.000
21
-685.818
31
2597.000
0
LINE
8
GRADE-FINISHED
10
712.000
20
-685.561
30
2597.000
11
711.182
21
-686.000
31
2597.000
0
LINE
8
GRADE-FINISHED
10
714.000
20
-684.961
30
2597.000
11
712.000
21
-685.561
31
2597.000
0
LINE
8
GRADE-FINISHED
10
716.000
20
-684.660
30
2597.000
11
714.000
21
-684.961
31
2597.000
0
LINE
8
GRADE-FINISHED
10
717.309
20
-684.000
30
2597.000
11
716.000
21
-684.660
31
2597.000
0
LINE
8
GRADE-FINISHED
10
725.077
20
-684.000
30
2597.000
11
726.000
21
-685.231
31
2597.000
0
LINE
8
GRADE-FINISHED
10
726.682
20
-686.000
30
2597.000
11
726.000
21
-685.231
31
2597.000
0
LINE
8
GRADE-FINISHED
10
708.074
20
-686.000
30
2597.000
11
710.000
21
-686.350
31
2597.000
0
LINE
8
GRADE-FINISHED
10
711.182
20
-686.000
30
2597.000
11
710.000
21
-686.350
31
2597.000
0
LINE
8
GRADE-FINISHED
10
726.682
20
-686.000
30
2597.000
11
727.739
21
-688.000
31
2597.000
0
LINE
8
GRADE-FINISHED
10
727.739
20
-688.000
30
2597.000
11
728.000
21
-688.923
31
2597.000
0
LINE
8
GRADE-FINISHED
10
728.359
20
-690.000
30
2597.000
11
728.000
21
-688.923
31
2597.000
0
LINE
8
GRADE-FINISHED
10
728.359
20
-690.000
30
2597.000
11
729.268
21
-692.000
31
2597.000
0
LINE
8
GRADE-FINISHED
10
729.268
20
-692.000
30
2597.000
11
730.000
21
-693.364
31
2597.000
0
LINE
8
GRADE-FINISHED
10
730.378
20
-694.000
30
2597.000
11
730.000
21
-693.364
31
2597.000
0
LINE
8
GRADE-FINISHED
10
730.378
20
-694.000
30
2597.000
11
731.474
21
-696.000
31
2597.000
0
LINE
8
GRADE-FINISHED
10
731.474
20
-696.000
30
2597.000
11
731.700
21
-698.000
31
2597.000
0
LINE
8
GRADE-FINISHED
10
731.700
20
-698.000
30
2597.000
11
732.000
21
-699.500
31
2597.000
0
LINE
8
GRADE-FINISHED
10
732.114
20
-700.000
30
2597.000
11
732.000
21
-699.500
31
2597.000
0
LINE
8
GRADE-FINISHED
10
732.114
20
-700.000
30
2597.000
11
732.865
21
-702.000
31
2597.000
0
LINE
8
GRADE-FINISHED
10
732.865
20
-702.000
30
2597.000
11
733.086
21
-704.000
31
2597.000
0
LINE
8
GRADE-FINISHED
10
733.086
20
-704.000
30
2597.000
11
734.000
21
-705.882
31
2597.000
0
LINE
8
GRADE-FINISHED
10
734.063
20
-706.000
30
2597.000
11
734.000
21
-705.882
31
2597.000
0
LINE
8
GRADE-FINISHED
10
734.063
20
-706.000
30
2597.000
11
734.968
21
-708.000
31
2597.000
0
LINE
8
GRADE-FINISHED
10
734.968
20
-708.000
30
2597.000
11
735.067
21
-710.000
31
2597.000
0
LINE
8
GRADE-FINISHED
10
735.067
20
-710.000
30
2597.000
11
736.000
21
-712.000
31
2597.000
0
LINE
8
GRADE-FINISHED
10
736.000
20
-712.000
30
2597.000
11
736.000
21
-712.000
31
2597.000
0
LINE
8
GRADE-FINISHED
10
736.828
20
-714.000
30
2597.000
11
736.000
21
-712.000
31
2597.000
0
LINE
8
GRADE-FINISHED
10
736.828
20
-714.000
30
2597.000
11
737.655
21
-716.000
31
2597.000
0
LINE
8
GRADE-FINISHED
10
737.655
20
-716.000
30
2597.000
11
738.000
21
-716.909
31
2597.000
0
LINE
8
GRADE-FINISHED
10
738.414
20
-718.000
30
2597.000
11
738.000
21
-716.909
31
2597.000
0
LINE
8
GRADE-FINISHED
10
738.414
20
-718.000
30
2597.000
11
739.241
21
-720.000
31
2597.000
0
LINE
8
GRADE-FINISHED
10
739.241
20
-720.000
30
2597.000
11
739.571
21
-722.000
31
2597.000
0
LINE
8
GRADE-FINISHED
10
739.571
20
-722.000
30
2597.000
11
739.857
21
-724.000
31
2597.000
0
LINE
8
GRADE-FINISHED
10
739.857
20
-724.000
30
2597.000
11
740.000
21
-725.000
31
2597.000
0
LINE
8
GRADE-FINISHED
10
740.143
20
-726.000
30
2597.000
11
740.000
21
-725.000
31
2597.000
0
LINE
8
GRADE-FINISHED
10
740.143
20
-726.000
30
2597.000
11
740.429
21
-728.000
31
2597.000
0
LINE
8
GRADE-FINISHED
10
740.429
20
-728.000
30
2597.000
11
740.867
21
-730.000
31
2597.000
0
LINE
8
GRADE-FINISHED
10
740.867
20
-730.000
30
2597.000
11
741.071
21
-732.000
31
2597.000
0
LINE
8
GRADE-FINISHED
10
741.071
20
-732.000
30
2597.000
11
742.000
21
-732.929
31
2597.000
0
LINE
8
GRADE-FINISHED
10
744.000
20
-733.805
30
2597.000
11
742.000
21
-732.929
31
2597.000
0
LINE
8
GRADE-FINISHED
10
744.258
20
-734.000
30
2597.000
11
744.000
21
-733.805
31
2597.000
0
LINE
8
GRADE-FINISHED
10
744.258
20
-734.000
30
2597.000
11
745.425
21
-736.000
31
2597.000
0
LINE
8
GRADE-FINISHED
10
745.425
20
-736.000
30
2597.000
11
745.632
21
-738.000
31
2597.000
0
LINE
8
GRADE-FINISHED
10
745.632
20
-738.000
30
2597.000
11
745.789
21
-740.000
31
2597.000
0
LINE
8
GRADE-FINISHED
10
745.789
20
-740.000
30
2597.000
11
746.000
21
-740.941
31
2597.000
0
LINE
8
GRADE-FINISHED
10
746.214
20
-742.000
30
2597.000
11
746.000
21
-740.941
31
2597.000
0
LINE
8
GRADE-FINISHED
10
746.214
20
-742.000
30
2597.000
11
748.000
21
-743.128
31
2597.000
0
LINE
8
GRADE-FINISHED
10
750.000
20
-743.219
30
2597.000
11
748.000
21
-743.128
31
2597.000
0
LINE
8
GRADE-FINISHED
10
752.000
20
-742.979
30
2597.000
11
750.000
21
-743.219
31
2597.000
0
LINE
8
GRADE-FINISHED
10
754.000
20
-742.929
30
2597.000
11
752.000
21
-742.979
31
2597.000
0
LINE
8
GRADE-FINISHED
10
755.429
20
-744.000
30
2597.000
11
754.000
21
-742.929
31
2597.000
0
LINE
8
GRADE-FINISHED
10
755.429
20
-744.000
30
2597.000
11
755.545
21
-746.000
31
2597.000
0
LINE
8
GRADE-FINISHED
10
755.545
20
-746.000
30
2597.000
11
755.600
21
-748.000
31
2597.000
0
LINE
8
GRADE-FINISHED
10
755.600
20
-748.000
30
2597.000
11
755.680
21
-750.000
31
2597.000
0
LINE
8
GRADE-FINISHED
10
755.680
20
-750.000
30
2597.000
11
755.727
21
-752.000
31
2597.000
0
LINE
8
GRADE-FINISHED
10
755.727
20
-752.000
30
2597.000
11
755.833
21
-754.000
31
2597.000
0
LINE
8
GRADE-FINISHED
10
755.833
20
-754.000
30
2597.000
11
755.935
21
-756.000
31
2597.000
0
LINE
8
GRADE-FINISHED
10
755.935
20
-756.000
30
2597.000
11
756.000
21
-756.667
31
2597.000
0
LINE
8
GRADE-FINISHED
10
756.400
20
-758.000
30
2597.000
11
756.000
21
-756.667
31
2597.000
0
LINE
8
GRADE-FINISHED
10
756.400
20
-758.000
30
2597.000
11
757.200
21
-760.000
31
2597.000
0
LINE
8
GRADE-FINISHED
10
757.200
20
-760.000
30
2597.000
11
757.619
21
-762.000
31
2597.000
0
LINE
8
GRADE-FINISHED
10
757.619
20
-762.000
30
2597.000
11
757.778
21
-764.000
31
2597.000
0
LINE
8
GRADE-FINISHED
10
757.778
20
-764.000
30
2597.000
11
757.939
21
-766.000
31
2597.000
0
LINE
8
GRADE-FINISHED
10
757.939
20
-766.000
30
2597.000
11
758.000
21
-766.500
31
2597.000
0
LINE
8
GRADE-FINISHED
10
758.667
20
-768.000
30
2597.000
11
758.000
21
-766.500
31
2597.000
0
LINE
8
GRADE-FINISHED
10
758.667
20
-768.000
30
2597.000
11
759.467
21
-770.000
31
2597.000
0
LINE
8
GRADE-FINISHED
10
759.467
20
-770.000
30
2597.000
11
759.810
21
-772.000
31
2597.000
0
LINE
8
GRADE-FINISHED
10
759.810
20
-772.000
30
2597.000
11
760.000
21
-774.000
31
2597.000
0
LINE
8
GRADE-FINISHED
10
760.000
20
-774.000
30
2597.000
11
760.000
21
-774.000
31
2597.000
0
LINE
8
GRADE-FINISHED
10
761.385
20
-776.000
30
2597.000
11
760.000
21
-774.000
31
2597.000
0
LINE
8
GRADE-FINISHED
10
761.385
20
-776.000
30
2597.000
11
761.826
21
-778.000
31
2597.000
0
LINE
8
GRADE-FINISHED
10
761.826
20
-778.000
30
2597.000
11
762.000
21
-780.000
31
2597.000
0
LINE
8
GRADE-FINISHED
10
518.000
20
-380.000
30
2598.000
11
518.000
21
-382.000
31
2598.000
0
LINE
8
GRADE-FINISHED
10
518.000
20
-382.000
30
2598.000
11
518.000
21
-382.000
31
2598.000
0
LINE
8
GRADE-FINISHED
10
520.000
20
-384.000
30
2598.000
11
518.000
21
-382.000
31
2598.000
0
LINE
8
GRADE-FINISHED
10
520.000
20
-384.000
30
2598.000
11
520.000
21
-386.000
31
2598.000
0
LINE
8
GRADE-FINISHED
10
520.000
20
-386.000
30
2598.000
11
520.000
21
-386.000
31
2598.000
0
LINE
8
GRADE-FINISHED
10
522.000
20
-388.000
30
2598.000
11
520.000
21
-386.000
31
2598.000
0
LINE
8
GRADE-FINISHED
10
522.000
20
-388.000
30
2598.000
11
522.000
21
-390.000
31
2598.000
0
LINE
8
GRADE-FINISHED
10
522.000
20
-390.000
30
2598.000
11
522.000
21
-390.000
31
2598.000
0
LINE
8
GRADE-FINISHED
10
524.000
20
-392.000
30
2598.000
11
522.000
21
-390.000
31
2598.000
0
LINE
8
GRADE-FINISHED
10
524.000
20
-392.000
30
2598.000
11
524.000
21
-394.000
31
2598.000
0
LINE
8
GRADE-FINISHED
10
524.000
20
-394.000
30
2598.000
11
524.000
21
-394.000
31
2598.000
0
LINE
8
GRADE-FINISHED
10
526.000
20
-396.000
30
2598.000
11
524.000
21
-394.000
31
2598.000
0
LINE
8
GRADE-FINISHED
10
526.000
20
-396.000
30
2598.000
11
526.000
21
-398.000
31
2598.000
0
LINE
8
GRADE-FINISHED
10
526.000
20
-398.000
30
2598.000
11
526.000
21
-398.000
31
2598.000
0
LINE
8
GRADE-FINISHED
10
528.000
20
-400.000
30
2598.000
11
526.000
21
-398.000
31
2598.000
0
LINE
8
GRADE-FINISHED
10
528.000
20
-400.000
30
2598.000
11
528.000
21
-400.000
31
2598.000
0
LINE
8
GRADE-FINISHED
10
530.000
20
-402.000
30
2598.000
11
528.000
21
-400.000
31
2598.000
0
LINE
8
GRADE-FINISHED
10
530.000
20
-402.000
30
2598.000
11
530.000
21
-402.000
31
2598.000
0
LINE
8
GRADE-FINISHED
10
532.000
20
-404.000
30
2598.000
11
530.000
21
-402.000
31
2598.000
0
LINE
8
GRADE-FINISHED
10
532.000
20
-404.000
30
2598.000
11
532.000
21
-404.000
31
2598.000
0
LINE
8
GRADE-FINISHED
10
534.000
20
-406.000
30
2598.000
11
532.000
21
-404.000
31
2598.000
0
LINE
8
GRADE-FINISHED
10
534.000
20
-406.000
30
2598.000
11
534.000
21
-406.000
31
2598.000
0
LINE
8
GRADE-FINISHED
10
535.333
20
-408.000
30
2598.000
11
534.000
21
-406.000
31
2598.000
0
LINE
8
GRADE-FINISHED
10
535.333
20
-408.000
30
2598.000
11
536.000
21
-408.667
31
2598.000
0
LINE
8
GRADE-FINISHED
10
538.000
20
-410.000
30
2598.000
11
536.000
21
-408.667
31
2598.000
0
LINE
8
GRADE-FINISHED
10
538.000
20
-410.000
30
2598.000
11
538.000
21
-410.000
31
2598.000
0
LINE
8
GRADE-FINISHED
10
540.000
20
-412.000
30
2598.000
11
538.000
21
-410.000
31
2598.000
0
LINE
8
GRADE-FINISHED
10
540.000
20
-412.000
30
2598.000
11
540.000
21
-412.000
31
2598.000
0
LINE
8
GRADE-FINISHED
10
541.333
20
-414.000
30
2598.000
11
540.000
21
-412.000
31
2598.000
0
LINE
8
GRADE-FINISHED
10
541.333
20
-414.000
30
2598.000
11
542.000
21
-415.000
31
2598.000
0
LINE
8
GRADE-FINISHED
10
542.667
20
-416.000
30
2598.000
11
542.000
21
-415.000
31
2598.000
0
LINE
8
GRADE-FINISHED
10
542.667
20
-416.000
30
2598.000
11
544.000
21
-417.333
31
2598.000
0
LINE
8
GRADE-FINISHED
10
545.000
20
-418.000
30
2598.000
11
544.000
21
-417.333
31
2598.000
0
LINE
8
GRADE-FINISHED
10
545.000
20
-418.000
30
2598.000
11
546.000
21
-418.667
31
2598.000
0
LINE
8
GRADE-FINISHED
10
548.000
20
-420.000
30
2598.000
11
546.000
21
-418.667
31
2598.000
0
LINE
8
GRADE-FINISHED
10
548.000
20
-420.000
30
2598.000
11
548.000
21
-420.000
31
2598.000
0
LINE
8
GRADE-FINISHED
10
550.000
20
-421.600
30
2598.000
11
548.000
21
-420.000
31
2598.000
0
LINE
8
GRADE-FINISHED
10
552.000
20
-422.000
30
2598.000
11
550.000
21
-421.600
31
2598.000
0
LINE
8
GRADE-FINISHED
10
552.000
20
-422.000
30
2598.000
11
552.000
21
-422.000
31
2598.000
0
LINE
8
GRADE-FINISHED
10
554.000
20
-424.000
30
2598.000
11
552.000
21
-422.000
31
2598.000
0
LINE
8
GRADE-FINISHED
10
554.000
20
-424.000
30
2598.000
11
554.000
21
-424.000
31
2598.000
0
LINE
8
GRADE-FINISHED
10
556.000
20
-424.000
30
2598.000
11
554.000
21
-424.000
31
2598.000
0
LINE
8
GRADE-FINISHED
10
558.000
20
-424.000
30
2598.000
11
556.000
21
-424.000
31
2598.000
0
LINE
8
GRADE-FINISHED
10
560.000
20
-424.000
30
2598.000
11
558.000
21
-424.000
31
2598.000
0
LINE
8
GRADE-FINISHED
10
562.000
20
-426.000
30
2598.000
11
560.000
21
-424.000
31
2598.000
0
LINE
8
GRADE-FINISHED
10
562.000
20
-426.000
30
2598.000
11
562.000
21
-426.000
31
2598.000
0
LINE
8
GRADE-FINISHED
10
564.000
20
-426.000
30
2598.000
11
562.000
21
-426.000
31
2598.000
0
LINE
8
GRADE-FINISHED
10
566.000
20
-426.000
30
2598.000
11
564.000
21
-426.000
31
2598.000
0
LINE
8
GRADE-FINISHED
10
568.000
20
-428.000
30
2598.000
11
566.000
21
-426.000
31
2598.000
0
LINE
8
GRADE-FINISHED
10
568.000
20
-428.000
30
2598.000
11
568.000
21
-428.000
31
2598.000
0
LINE
8
GRADE-FINISHED
10
570.000
20
-428.000
30
2598.000
11
568.000
21
-428.000
31
2598.000
0
LINE
8
GRADE-FINISHED
10
572.000
20
-428.000
30
2598.000
11
570.000
21
-428.000
31
2598.000
0
LINE
8
GRADE-FINISHED
10
574.000
20
-430.000
30
2598.000
11
572.000
21
-428.000
31
2598.000
0
LINE
8
GRADE-FINISHED
10
574.000
20
-430.000
30
2598.000
11
574.000
21
-430.000
31
2598.000
0
LINE
8
GRADE-FINISHED
10
576.000
20
-431.273
30
2598.000
11
574.000
21
-430.000
31
2598.000
0
LINE
8
GRADE-FINISHED
10
578.000
20
-431.467
30
2598.000
11
576.000
21
-431.273
31
2598.000
0
LINE
8
GRADE-FINISHED
10
579.143
20
-432.000
30
2598.000
11
578.000
21
-431.467
31
2598.000
0
LINE
8
GRADE-FINISHED
10
579.143
20
-432.000
30
2598.000
11
580.000
21
-433.200
31
2598.000
0
LINE
8
GRADE-FINISHED
10
580.308
20
-434.000
30
2598.000
11
580.000
21
-433.200
31
2598.000
0
LINE
8
GRADE-FINISHED
10
580.308
20
-434.000
30
2598.000
11
582.000
21
-434.512
31
2598.000
0
LINE
8
GRADE-FINISHED
10
584.000
20
-434.837
30
2598.000
11
582.000
21
-434.512
31
2598.000
0
LINE
8
GRADE-FINISHED
10
586.000
20
-435.065
30
2598.000
11
584.000
21
-434.837
31
2598.000
0
LINE
8
GRADE-FINISHED
10
588.000
20
-435.227
30
2598.000
11
586.000
21
-435.065
31
2598.000
0
LINE
8
GRADE-FINISHED
10
590.000
20
-435.362
30
2598.000
11
588.000
21
-435.227
31
2598.000
0
LINE
8
GRADE-FINISHED
10
592.000
20
-435.469
30
2598.000
11
590.000
21
-435.362
31
2598.000
0
LINE
8
GRADE-FINISHED
10
594.000
20
-435.527
30
2598.000
11
592.000
21
-435.469
31
2598.000
0
LINE
8
GRADE-FINISHED
10
596.000
20
-435.567
30
2598.000
11
594.000
21
-435.527
31
2598.000
0
LINE
8
GRADE-FINISHED
10
598.000
20
-435.607
30
2598.000
11
596.000
21
-435.567
31
2598.000
0
LINE
8
GRADE-FINISHED
10
600.000
20
-435.647
30
2598.000
11
598.000
21
-435.607
31
2598.000
0
LINE
8
GRADE-FINISHED
10
602.000
20
-435.687
30
2598.000
11
600.000
21
-435.647
31
2598.000
0
LINE
8
GRADE-FINISHED
10
604.000
20
-435.727
30
2598.000
11
602.000
21
-435.687
31
2598.000
0
LINE
8
GRADE-FINISHED
10
606.000
20
-435.767
30
2598.000
11
604.000
21
-435.727
31
2598.000
0
LINE
8
GRADE-FINISHED
10
608.000
20
-435.807
30
2598.000
11
606.000
21
-435.767
31
2598.000
0
LINE
8
GRADE-FINISHED
10
610.000
20
-435.847
30
2598.000
11
608.000
21
-435.807
31
2598.000
0
LINE
8
GRADE-FINISHED
10
612.000
20
-435.887
30
2598.000
11
610.000
21
-435.847
31
2598.000
0
LINE
8
GRADE-FINISHED
10
614.000
20
-435.927
30
2598.000
11
612.000
21
-435.887
31
2598.000
0
LINE
8
GRADE-FINISHED
10
616.000
20
-435.967
30
2598.000
11
614.000
21
-435.927
31
2598.000
0
LINE
8
GRADE-FINISHED
10
617.635
20
-436.000
30
2598.000
11
616.000
21
-435.967
31
2598.000
0
LINE
8
GRADE-FINISHED
10
617.635
20
-436.000
30
2598.000
11
618.000
21
-436.007
31
2598.000
0
LINE
8
GRADE-FINISHED
10
620.000
20
-436.047
30
2598.000
11
618.000
21
-436.007
31
2598.000
0
LINE
8
GRADE-FINISHED
10
622.000
20
-436.087
30
2598.000
11
620.000
21
-436.047
31
2598.000
0
LINE
8
GRADE-FINISHED
10
623.913
20
-438.000
30
2598.000
11
622.000
21
-436.087
31
2598.000
0
LINE
8
GRADE-FINISHED
10
623.913
20
-438.000
30
2598.000
11
623.913
21
-440.000
31
2598.000
0
LINE
8
GRADE-FINISHED
10
623.913
20
-440.000
30
2598.000
11
624.000
21
-440.089
31
2598.000
0
LINE
8
GRADE-FINISHED
10
626.000
20
-440.167
30
2598.000
11
624.000
21
-440.089
31
2598.000
0
LINE
8
GRADE-FINISHED
10
628.000
20
-440.207
30
2598.000
11
626.000
21
-440.167
31
2598.000
0
LINE
8
GRADE-FINISHED
10
630.000
20
-440.247
30
2598.000
11
628.000
21
-440.207
31
2598.000
0
LINE
8
GRADE-FINISHED
10
631.753
20
-442.000
30
2598.000
11
630.000
21
-440.247
31
2598.000
0
LINE
8
GRADE-FINISHED
10
631.753
20
-442.000
30
2598.000
11
631.753
21
-444.000
31
2598.000
0
LINE
8
GRADE-FINISHED
10
631.753
20
-444.000
30
2598.000
11
632.000
21
-444.252
31
2598.000
0
LINE
8
GRADE-FINISHED
10
633.713
20
-446.000
30
2598.000
11
632.000
21
-444.252
31
2598.000
0
LINE
8
GRADE-FINISHED
10
633.713
20
-446.000
30
2598.000
11
633.713
21
-448.000
31
2598.000
0
LINE
8
GRADE-FINISHED
10
633.713
20
-448.000
30
2598.000
11
634.000
21
-448.293
31
2598.000
0
LINE
8
GRADE-FINISHED
10
635.673
20
-450.000
30
2598.000
11
634.000
21
-448.293
31
2598.000
0
LINE
8
GRADE-FINISHED
10
635.673
20
-450.000
30
2598.000
11
636.000
21
-450.334
31
2598.000
0
LINE
8
GRADE-FINISHED
10
637.633
20
-452.000
30
2598.000
11
636.000
21
-450.334
31
2598.000
0
LINE
8
GRADE-FINISHED
10
637.633
20
-452.000
30
2598.000
11
637.633
21
-454.000
31
2598.000
0
LINE
8
GRADE-FINISHED
10
637.633
20
-454.000
30
2598.000
11
638.000
21
-454.375
31
2598.000
0
LINE
8
GRADE-FINISHED
10
639.593
20
-456.000
30
2598.000
11
638.000
21
-454.375
31
2598.000
0
LINE
8
GRADE-FINISHED
10
639.593
20
-456.000
30
2598.000
11
639.593
21
-458.000
31
2598.000
0
LINE
8
GRADE-FINISHED
10
639.593
20
-458.000
30
2598.000
11
640.000
21
-458.416
31
2598.000
0
LINE
8
GRADE-FINISHED
10
641.553
20
-460.000
30
2598.000
11
640.000
21
-458.416
31
2598.000
0
LINE
8
GRADE-FINISHED
10
641.553
20
-460.000
30
2598.000
11
642.000
21
-460.456
31
2598.000
0
LINE
8
GRADE-FINISHED
10
643.513
20
-462.000
30
2598.000
11
642.000
21
-460.456
31
2598.000
0
LINE
8
GRADE-FINISHED
10
643.513
20
-462.000
30
2598.000
11
643.513
21
-464.000
31
2598.000
0
LINE
8
GRADE-FINISHED
10
643.513
20
-464.000
30
2598.000
11
644.000
21
-464.497
31
2598.000
0
LINE
8
GRADE-FINISHED
10
645.473
20
-466.000
30
2598.000
11
644.000
21
-464.497
31
2598.000
0
LINE
8
GRADE-FINISHED
10
645.473
20
-466.000
30
2598.000
11
645.473
21
-468.000
31
2598.000
0
LINE
8
GRADE-FINISHED
10
645.473
20
-468.000
30
2598.000
11
646.000
21
-468.538
31
2598.000
0
LINE
8
GRADE-FINISHED
10
647.433
20
-470.000
30
2598.000
11
646.000
21
-468.538
31
2598.000
0
LINE
8
GRADE-FINISHED
10
647.433
20
-470.000
30
2598.000
11
647.433
21
-472.000
31
2598.000
0
LINE
8
GRADE-FINISHED
10
647.433
20
-472.000
30
2598.000
11
648.000
21
-472.579
31
2598.000
0
LINE
8
GRADE-FINISHED
10
649.393
20
-474.000
30
2598.000
11
648.000
21
-472.579
31
2598.000
0
LINE
8
GRADE-FINISHED
10
649.393
20
-474.000
30
2598.000
11
650.000
21
-474.620
31
2598.000
0
LINE
8
GRADE-FINISHED
10
651.353
20
-476.000
30
2598.000
11
650.000
21
-474.620
31
2598.000
0
LINE
8
GRADE-FINISHED
10
651.353
20
-476.000
30
2598.000
11
651.353
21
-478.000
31
2598.000
0
LINE
8
GRADE-FINISHED
10
651.353
20
-478.000
30
2598.000
11
652.000
21
-478.661
31
2598.000
0
LINE
8
GRADE-FINISHED
10
653.313
20
-480.000
30
2598.000
11
652.000
21
-478.661
31
2598.000
0
LINE
8
GRADE-FINISHED
10
653.313
20
-480.000
30
2598.000
11
653.313
21
-482.000
31
2598.000
0
LINE
8
GRADE-FINISHED
10
653.313
20
-482.000
30
2598.000
11
654.000
21
-482.701
31
2598.000
0
LINE
8
GRADE-FINISHED
10
655.273
20
-484.000
30
2598.000
11
654.000
21
-482.701
31
2598.000
0
LINE
8
GRADE-FINISHED
10
655.273
20
-484.000
30
2598.000
11
656.000
21
-484.742
31
2598.000
0
LINE
8
GRADE-FINISHED
10
657.233
20
-486.000
30
2598.000
11
656.000
21
-484.742
31
2598.000
0
LINE
8
GRADE-FINISHED
10
657.233
20
-486.000
30
2598.000
11
657.422
21
-488.000
31
2598.000
0
LINE
8
GRADE-FINISHED
10
657.422
20
-488.000
30
2598.000
11
658.000
21
-488.570
31
2598.000
0
LINE
8
GRADE-FINISHED
10
659.430
20
-490.000
30
2598.000
11
658.000
21
-488.570
31
2598.000
0
LINE
8
GRADE-FINISHED
10
659.430
20
-490.000
30
2598.000
11
659.507
21
-492.000
31
2598.000
0
LINE
8
GRADE-FINISHED
10
659.507
20
-492.000
30
2598.000
11
660.000
21
-492.492
31
2598.000
0
LINE
8
GRADE-FINISHED
10
661.508
20
-494.000
30
2598.000
11
660.000
21
-492.492
31
2598.000
0
LINE
8
GRADE-FINISHED
10
661.508
20
-494.000
30
2598.000
11
662.000
21
-494.495
31
2598.000
0
LINE
8
GRADE-FINISHED
10
663.495
20
-496.000
30
2598.000
11
662.000
21
-494.495
31
2598.000
0
LINE
8
GRADE-FINISHED
10
663.495
20
-496.000
30
2598.000
11
663.590
21
-498.000
31
2598.000
0
LINE
8
GRADE-FINISHED
10
663.590
20
-498.000
30
2598.000
11
664.000
21
-498.416
31
2598.000
0
LINE
8
GRADE-FINISHED
10
665.562
20
-500.000
30
2598.000
11
664.000
21
-498.416
31
2598.000
0
LINE
8
GRADE-FINISHED
10
665.562
20
-500.000
30
2598.000
11
665.675
21
-502.000
31
2598.000
0
LINE
8
GRADE-FINISHED
10
665.675
20
-502.000
30
2598.000
11
666.000
21
-502.332
31
2598.000
0
LINE
8
GRADE-FINISHED
10
667.633
20
-504.000
30
2598.000
11
666.000
21
-502.332
31
2598.000
0
LINE
8
GRADE-FINISHED
10
667.633
20
-504.000
30
2598.000
11
668.000
21
-504.377
31
2598.000
0
LINE
8
GRADE-FINISHED
10
669.579
20
-506.000
30
2598.000
11
668.000
21
-504.377
31
2598.000
0
LINE
8
GRADE-FINISHED
10
669.579
20
-506.000
30
2598.000
11
669.708
21
-508.000
31
2598.000
0
LINE
8
GRADE-FINISHED
10
669.708
20
-508.000
30
2598.000
11
670.000
21
-508.302
31
2598.000
0
LINE
8
GRADE-FINISHED
10
671.644
20
-510.000
30
2598.000
11
670.000
21
-508.302
31
2598.000
0
LINE
8
GRADE-FINISHED
10
671.644
20
-510.000
30
2598.000
11
671.785
21
-512.000
31
2598.000
0
LINE
8
GRADE-FINISHED
10
671.785
20
-512.000
30
2598.000
11
672.000
21
-512.223
31
2598.000
0
LINE
8
GRADE-FINISHED
10
673.713
20
-514.000
30
2598.000
11
672.000
21
-512.223
31
2598.000
0
LINE
8
GRADE-FINISHED
10
673.713
20
-514.000
30
2598.000
11
673.866
21
-516.000
31
2598.000
0
LINE
8
GRADE-FINISHED
10
673.866
20
-516.000
30
2598.000
11
674.000
21
-516.140
31
2598.000
0
LINE
8
GRADE-FINISHED
10
675.785
20
-518.000
30
2598.000
11
674.000
21
-516.140
31
2598.000
0
LINE
8
GRADE-FINISHED
10
675.785
20
-518.000
30
2598.000
11
676.000
21
-518.225
31
2598.000
0
LINE
8
GRADE-FINISHED
10
677.697
20
-520.000
30
2598.000
11
676.000
21
-518.225
31
2598.000
0
LINE
8
GRADE-FINISHED
10
677.697
20
-520.000
30
2598.000
11
677.860
21
-522.000
31
2598.000
0
LINE
8
GRADE-FINISHED
10
677.860
20
-522.000
30
2598.000
11
678.000
21
-522.147
31
2598.000
0
LINE
8
GRADE-FINISHED
10
679.766
20
-524.000
30
2598.000
11
678.000
21
-522.147
31
2598.000
0
LINE
8
GRADE-FINISHED
10
679.766
20
-524.000
30
2598.000
11
679.938
21
-526.000
31
2598.000
0
LINE
8
GRADE-FINISHED
10
679.938
20
-526.000
30
2598.000
11
680.000
21
-526.065
31
2598.000
0
LINE
8
GRADE-FINISHED
10
681.838
20
-528.000
30
2598.000
11
680.000
21
-526.065
31
2598.000
0
LINE
8
GRADE-FINISHED
10
681.838
20
-528.000
30
2598.000
11
682.000
21
-528.171
31
2598.000
0
LINE
8
GRADE-FINISHED
10
683.731
20
-530.000
30
2598.000
11
682.000
21
-528.171
31
2598.000
0
LINE
8
GRADE-FINISHED
10
683.731
20
-530.000
30
2598.000
11
683.939
21
-532.000
31
2598.000
0
LINE
8
GRADE-FINISHED
10
683.939
20
-532.000
30
2598.000
11
684.000
21
-532.060
31
2598.000
0
LINE
8
GRADE-FINISHED
10
685.940
20
-534.000
30
2598.000
11
684.000
21
-532.060
31
2598.000
0
LINE
8
GRADE-FINISHED
10
685.940
20
-534.000
30
2598.000
11
686.000
21
-536.000
31
2598.000
0
LINE
8
GRADE-FINISHED
10
686.000
20
-536.000
30
2598.000
11
686.000
21
-536.000
31
2598.000
0
LINE
8
GRADE-FINISHED
10
688.000
20
-538.000
30
2598.000
11
686.000
21
-536.000
31
2598.000
0
LINE
8
GRADE-FINISHED
10
688.000
20
-538.000
30
2598.000
11
688.000
21
-538.000
31
2598.000
0
LINE
8
GRADE-FINISHED
10
689.995
20
-540.000
30
2598.000
11
688.000
21
-538.000
31
2598.000
0
LINE
8
GRADE-FINISHED
10
689.995
20
-540.000
30
2598.000
11
690.000
21
-540.009
31
2598.000
0
LINE
8
GRADE-FINISHED
10
692.000
20
-541.810
30
2598.000
11
690.000
21
-540.009
31
2598.000
0
LINE
8
GRADE-FINISHED
10
692.433
20
-542.000
30
2598.000
11
692.000
21
-541.810
31
2598.000
0
LINE
8
GRADE-FINISHED
10
692.433
20
-542.000
30
2598.000
11
694.000
21
-542.922
31
2598.000
0
LINE
8
GRADE-FINISHED
10
695.947
20
-544.000
30
2598.000
11
694.000
21
-542.922
31
2598.000
0
LINE
8
GRADE-FINISHED
10
695.947
20
-544.000
30
2598.000
11
696.000
21
-544.053
31
2598.000
0
LINE
8
GRADE-FINISHED
10
697.925
20
-546.000
30
2598.000
11
696.000
21
-544.053
31
2598.000
0
LINE
8
GRADE-FINISHED
10
697.925
20
-546.000
30
2598.000
11
698.000
21
-546.076
31
2598.000
0
LINE
8
GRADE-FINISHED
10
698.797
20
-548.000
30
2598.000
11
698.000
21
-546.076
31
2598.000
0
LINE
8
GRADE-FINISHED
10
698.797
20
-548.000
30
2598.000
11
700.000
21
-549.824
31
2598.000
0
LINE
8
GRADE-FINISHED
10
700.116
20
-550.000
30
2598.000
11
700.000
21
-549.824
31
2598.000
0
LINE
8
GRADE-FINISHED
10
700.116
20
-550.000
30
2598.000
11
700.945
21
-552.000
31
2598.000
0
LINE
8
GRADE-FINISHED
10
700.945
20
-552.000
30
2598.000
11
702.000
21
-553.795
31
2598.000
0
LINE
8
GRADE-FINISHED
10
702.120
20
-554.000
30
2598.000
11
702.000
21
-553.795
31
2598.000
0
LINE
8
GRADE-FINISHED
10
702.120
20
-554.000
30
2598.000
11
702.949
21
-556.000
31
2598.000
0
LINE
8
GRADE-FINISHED
10
702.949
20
-556.000
30
2598.000
11
704.000
21
-557.816
31
2598.000
0
LINE
8
GRADE-FINISHED
10
704.107
20
-558.000
30
2598.000
11
704.000
21
-557.816
31
2598.000
0
LINE
8
GRADE-FINISHED
10
704.107
20
-558.000
30
2598.000
11
706.000
21
-559.958
31
2598.000
0
LINE
8
GRADE-FINISHED
10
706.041
20
-560.000
30
2598.000
11
706.000
21
-559.958
31
2598.000
0
LINE
8
GRADE-FINISHED
10
706.041
20
-560.000
30
2598.000
11
706.869
21
-562.000
31
2598.000
0
LINE
8
GRADE-FINISHED
10
706.869
20
-562.000
30
2598.000
11
708.000
21
-563.959
31
2598.000
0
LINE
8
GRADE-FINISHED
10
708.023
20
-564.000
30
2598.000
11
708.000
21
-563.959
31
2598.000
0
LINE
8
GRADE-FINISHED
10
708.023
20
-564.000
30
2598.000
11
708.852
21
-566.000
31
2598.000
0
LINE
8
GRADE-FINISHED
10
708.852
20
-566.000
30
2598.000
11
710.000
21
-567.992
31
2598.000
0
LINE
8
GRADE-FINISHED
10
710.005
20
-568.000
30
2598.000
11
710.000
21
-567.992
31
2598.000
0
LINE
8
GRADE-FINISHED
10
710.005
20
-568.000
30
2598.000
11
711.854
21
-570.000
31
2598.000
0
LINE
8
GRADE-FINISHED
10
711.854
20
-570.000
30
2598.000
11
712.000
21
-570.158
31
2598.000
0
LINE
8
GRADE-FINISHED
10
712.763
20
-572.000
30
2598.000
11
712.000
21
-570.158
31
2598.000
0
LINE
8
GRADE-FINISHED
10
712.763
20
-572.000
30
2598.000
11
713.591
21
-574.000
31
2598.000
0
LINE
8
GRADE-FINISHED
10
713.591
20
-574.000
30
2598.000
11
713.591
21
-576.000
31
2598.000
0
LINE
8
GRADE-FINISHED
10
713.591
20
-576.000
30
2598.000
11
712.763
21
-578.000
31
2598.000
0
LINE
8
GRADE-FINISHED
10
712.000
20
-579.842
30
2598.000
11
711.842
21
-580.000
31
2598.000
0
LINE
8
GRADE-FINISHED
10
712.763
20
-578.000
30
2598.000
11
712.000
21
-579.842
31
2598.000
0
LINE
8
GRADE-FINISHED
10
706.000
20
-581.703
30
2598.000
11
705.582
21
-582.000
31
2598.000
0
LINE
8
GRADE-FINISHED
10
708.000
20
-581.591
30
2598.000
11
706.000
21
-581.703
31
2598.000
0
LINE
8
GRADE-FINISHED
10
710.000
20
-580.763
30
2598.000
11
708.000
21
-581.591
31
2598.000
0
LINE
8
GRADE-FINISHED
10
711.842
20
-580.000
30
2598.000
11
710.000
21
-580.763
31
2598.000
0
LINE
8
GRADE-FINISHED
10
705.582
20
-582.000
30
2598.000
11
705.816
21
-584.000
31
2598.000
0
LINE
8
GRADE-FINISHED
10
705.816
20
-584.000
30
2598.000
11
705.640
21
-586.000
31
2598.000
0
LINE
8
GRADE-FINISHED
10
705.640
20
-586.000
30
2598.000
11
705.094
21
-588.000
31
2598.000
0
LINE
8
GRADE-FINISHED
10
704.000
20
-588.722
30
2598.000
11
703.786
21
-590.000
31
2598.000
0
LINE
8
GRADE-FINISHED
10
705.094
20
-588.000
30
2598.000
11
704.000
21
-588.722
31
2598.000
0
LINE
8
GRADE-FINISHED
10
703.786
20
-590.000
30
2598.000
11
703.585
21
-592.000
31
2598.000
0
LINE
8
GRADE-FINISHED
10
703.585
20
-592.000
30
2598.000
11
703.399
21
-594.000
31
2598.000
0
LINE
8
GRADE-FINISHED
10
703.399
20
-594.000
30
2598.000
11
703.149
21
-596.000
31
2598.000
0
LINE
8
GRADE-FINISHED
10
703.149
20
-596.000
30
2598.000
11
702.795
21
-598.000
31
2598.000
0
LINE
8
GRADE-FINISHED
10
702.795
20
-598.000
30
2598.000
11
702.255
21
-600.000
31
2598.000
0
LINE
8
GRADE-FINISHED
10
702.000
20
-600.683
30
2598.000
11
701.780
21
-602.000
31
2598.000
0
LINE
8
GRADE-FINISHED
10
702.255
20
-600.000
30
2598.000
11
702.000
21
-600.683
31
2598.000
0
LINE
8
GRADE-FINISHED
10
701.780
20
-602.000
30
2598.000
11
701.445
21
-604.000
31
2598.000
0
LINE
8
GRADE-FINISHED
10
701.445
20
-604.000
30
2598.000
11
701.111
21
-606.000
31
2598.000
0
LINE
8
GRADE-FINISHED
10
701.111
20
-606.000
30
2598.000
11
700.777
21
-608.000
31
2598.000
0
LINE
8
GRADE-FINISHED
10
700.777
20
-608.000
30
2598.000
11
700.442
21
-610.000
31
2598.000
0
LINE
8
GRADE-FINISHED
10
700.442
20
-610.000
30
2598.000
11
700.108
21
-612.000
31
2598.000
0
LINE
8
GRADE-FINISHED
10
700.000
20
-612.644
30
2598.000
11
698.522
21
-614.000
31
2598.000
0
LINE
8
GRADE-FINISHED
10
700.108
20
-612.000
30
2598.000
11
700.000
21
-612.644
31
2598.000
0
LINE
8
GRADE-FINISHED
10
698.000
20
-614.494
30
2598.000
11
696.462
21
-616.000
31
2598.000
0
LINE
8
GRADE-FINISHED
10
698.522
20
-614.000
30
2598.000
11
698.000
21
-614.494
31
2598.000
0
LINE
8
GRADE-FINISHED
10
696.000
20
-617.775
30
2598.000
11
695.942
21
-618.000
31
2598.000
0
LINE
8
GRADE-FINISHED
10
696.462
20
-616.000
30
2598.000
11
696.000
21
-617.775
31
2598.000
0
LINE
8
GRADE-FINISHED
10
695.942
20
-618.000
30
2598.000
11
695.942
21
-620.000
31
2598.000
0
LINE
8
GRADE-FINISHED
10
695.942
20
-620.000
30
2598.000
11
695.942
21
-622.000
31
2598.000
0
LINE
8
GRADE-FINISHED
10
695.942
20
-622.000
30
2598.000
11
695.942
21
-624.000
31
2598.000
0
LINE
8
GRADE-FINISHED
10
695.942
20
-624.000
30
2598.000
11
695.942
21
-626.000
31
2598.000
0
LINE
8
GRADE-FINISHED
10
695.942
20
-626.000
30
2598.000
11
695.970
21
-628.000
31
2598.000
0
LINE
8
GRADE-FINISHED
10
695.970
20
-628.000
30
2598.000
11
696.000
21
-628.028
31
2598.000
0
LINE
8
GRADE-FINISHED
10
697.334
20
-630.000
30
2598.000
11
696.000
21
-628.028
31
2598.000
0
LINE
8
GRADE-FINISHED
10
697.334
20
-630.000
30
2598.000
11
696.801
21
-632.000
31
2598.000
0
LINE
8
GRADE-FINISHED
10
696.000
20
-633.919
30
2598.000
11
695.992
21
-634.000
31
2598.000
0
LINE
8
GRADE-FINISHED
10
696.801
20
-632.000
30
2598.000
11
696.000
21
-633.919
31
2598.000
0
LINE
8
GRADE-FINISHED
10
695.992
20
-634.000
30
2598.000
11
695.942
21
-636.000
31
2598.000
0
LINE
8
GRADE-FINISHED
10
695.942
20
-636.000
30
2598.000
11
695.996
21
-638.000
31
2598.000
0
LINE
8
GRADE-FINISHED
10
695.996
20
-638.000
30
2598.000
11
696.000
21
-638.008
31
2598.000
0
LINE
8
GRADE-FINISHED
10
697.760
20
-640.000
30
2598.000
11
696.000
21
-638.008
31
2598.000
0
LINE
8
GRADE-FINISHED
10
697.760
20
-640.000
30
2598.000
11
698.000
21
-640.653
31
2598.000
0
LINE
8
GRADE-FINISHED
10
699.023
20
-642.000
30
2598.000
11
698.000
21
-640.653
31
2598.000
0
LINE
8
GRADE-FINISHED
10
699.023
20
-642.000
30
2598.000
11
698.762
21
-644.000
31
2598.000
0
LINE
8
GRADE-FINISHED
10
698.762
20
-644.000
30
2598.000
11
698.312
21
-646.000
31
2598.000
0
LINE
8
GRADE-FINISHED
10
698.000
20
-646.800
30
2598.000
11
697.753
21
-648.000
31
2598.000
0
LINE
8
GRADE-FINISHED
10
698.312
20
-646.000
30
2598.000
11
698.000
21
-646.800
31
2598.000
0
LINE
8
GRADE-FINISHED
10
697.753
20
-648.000
30
2598.000
11
697.505
21
-650.000
31
2598.000
0
LINE
8
GRADE-FINISHED
10
697.505
20
-650.000
30
2598.000
11
697.372
21
-652.000
31
2598.000
0
LINE
8
GRADE-FINISHED
10
742.000
20
-650.000
30
2598.000
11
740.000
21
-652.000
31
2598.000
0
LINE
8
GRADE-FINISHED
10
744.000
20
-652.000
30
2598.000
11
742.000
21
-650.000
31
2598.000
0
LINE
8
GRADE-FINISHED
10
697.372
20
-652.000
30
2598.000
11
697.121
21
-654.000
31
2598.000
0
LINE
8
GRADE-FINISHED
10
740.000
20
-652.000
30
2598.000
11
738.000
21
-654.000
31
2598.000
0
LINE
8
GRADE-FINISHED
10
740.000
20
-652.000
30
2598.000
11
740.000
21
-652.000
31
2598.000
0
LINE
8
GRADE-FINISHED
10
744.000
20
-652.000
30
2598.000
11
744.000
21
-652.000
31
2598.000
0
LINE
8
GRADE-FINISHED
10
746.000
20
-654.000
30
2598.000
11
744.000
21
-652.000
31
2598.000
0
LINE
8
GRADE-FINISHED
10
697.121
20
-654.000
30
2598.000
11
696.597
21
-656.000
31
2598.000
0
LINE
8
GRADE-FINISHED
10
738.000
20
-654.000
30
2598.000
11
736.000
21
-656.000
31
2598.000
0
LINE
8
GRADE-FINISHED
10
738.000
20
-654.000
30
2598.000
11
738.000
21
-654.000
31
2598.000
0
LINE
8
GRADE-FINISHED
10
746.000
20
-654.000
30
2598.000
11
746.000
21
-654.000
31
2598.000
0
LINE
8
GRADE-FINISHED
10
748.000
20
-656.000
30
2598.000
11
746.000
21
-654.000
31
2598.000
0
LINE
8
GRADE-FINISHED
10
696.597
20
-656.000
30
2598.000
11
697.357
21
-658.000
31
2598.000
0
LINE
8
GRADE-FINISHED
10
736.000
20
-656.000
30
2598.000
11
734.000
21
-658.000
31
2598.000
0
LINE
8
GRADE-FINISHED
10
736.000
20
-656.000
30
2598.000
11
736.000
21
-656.000
31
2598.000
0
LINE
8
GRADE-FINISHED
10
748.000
20
-656.000
30
2598.000
11
748.000
21
-656.000
31
2598.000
0
LINE
8
GRADE-FINISHED
10
750.000
20
-658.000
30
2598.000
11
748.000
21
-656.000
31
2598.000
0
LINE
8
GRADE-FINISHED
10
697.357
20
-658.000
30
2598.000
11
698.000
21
-658.750
31
2598.000
0
LINE
8
GRADE-FINISHED
10
699.000
20
-660.000
30
2598.000
11
698.000
21
-658.750
31
2598.000
0
LINE
8
GRADE-FINISHED
10
734.000
20
-658.000
30
2598.000
11
732.000
21
-660.000
31
2598.000
0
LINE
8
GRADE-FINISHED
10
734.000
20
-658.000
30
2598.000
11
734.000
21
-658.000
31
2598.000
0
LINE
8
GRADE-FINISHED
10
750.000
20
-658.000
30
2598.000
11
750.000
21
-658.000
31
2598.000
0
LINE
8
GRADE-FINISHED
10
752.000
20
-660.000
30
2598.000
11
750.000
21
-658.000
31
2598.000
0
LINE
8
GRADE-FINISHED
10
699.000
20
-660.000
30
2598.000
11
700.000
21
-662.000
31
2598.000
0
LINE
8
GRADE-FINISHED
10
732.000
20
-660.000
30
2598.000
11
731.231
21
-662.000
31
2598.000
0
LINE
8
GRADE-FINISHED
10
732.000
20
-660.000
30
2598.000
11
732.000
21
-660.000
31
2598.000
0
LINE
8
GRADE-FINISHED
10
752.000
20
-660.000
30
2598.000
11
752.000
21
-660.000
31
2598.000
0
LINE
8
GRADE-FINISHED
10
754.000
20
-662.000
30
2598.000
11
752.000
21
-660.000
31
2598.000
0
LINE
8
GRADE-FINISHED
10
700.000
20
-662.000
30
2598.000
11
700.000
21
-662.000
31
2598.000
0
LINE
8
GRADE-FINISHED
10
700.486
20
-664.000
30
2598.000
11
700.000
21
-662.000
31
2598.000
0
LINE
8
GRADE-FINISHED
10
730.000
20
-662.542
30
2598.000
11
728.677
21
-664.000
31
2598.000
0
LINE
8
GRADE-FINISHED
10
731.231
20
-662.000
30
2598.000
11
730.000
21
-662.542
31
2598.000
0
LINE
8
GRADE-FINISHED
10
754.000
20
-662.000
30
2598.000
11
754.000
21
-664.000
31
2598.000
0
LINE
8
GRADE-FINISHED
10
700.486
20
-664.000
30
2598.000
11
701.861
21
-666.000
31
2598.000
0
LINE
8
GRADE-FINISHED
10
708.000
20
-665.918
30
2598.000
11
707.867
21
-666.000
31
2598.000
0
LINE
8
GRADE-FINISHED
10
710.000
20
-665.178
30
2598.000
11
708.000
21
-665.918
31
2598.000
0
LINE
8
GRADE-FINISHED
10
712.000
20
-664.641
30
2598.000
11
710.000
21
-665.178
31
2598.000
0
LINE
8
GRADE-FINISHED
10
714.000
20
-664.373
30
2598.000
11
712.000
21
-664.641
31
2598.000
0
LINE
8
GRADE-FINISHED
10
716.000
20
-664.110
30
2598.000
11
714.000
21
-664.373
31
2598.000
0
LINE
8
GRADE-FINISHED
10
718.000
20
-665.412
30
2598.000
11
716.000
21
-664.110
31
2598.000
0
LINE
8
GRADE-FINISHED
10
718.213
20
-666.000
30
2598.000
11
718.000
21
-665.412
31
2598.000
0
LINE
8
GRADE-FINISHED
10
728.000
20
-665.333
30
2598.000
11
727.241
21
-666.000
31
2598.000
0
LINE
8
GRADE-FINISHED
10
728.677
20
-664.000
30
2598.000
11
728.000
21
-665.333
31
2598.000
0
LINE
8
GRADE-FINISHED
10
754.000
20
-664.000
30
2598.000
11
754.000
21
-666.000
31
2598.000
0
LINE
8
GRADE-FINISHED
10
701.861
20
-666.000
30
2598.000
11
702.000
21
-666.028
31
2598.000
0
LINE
8
GRADE-FINISHED
10
704.000
20
-666.802
30
2598.000
11
702.000
21
-666.028
31
2598.000
0
LINE
8
GRADE-FINISHED
10
706.000
20
-666.684
30
2598.000
11
704.000
21
-666.802
31
2598.000
0
LINE
8
GRADE-FINISHED
10
707.867
20
-666.000
30
2598.000
11
706.000
21
-666.684
31
2598.000
0
LINE
8
GRADE-FINISHED
10
712.000
20
-667.139
30
2598.000
11
711.393
21
-668.000
31
2598.000
0
LINE
8
GRADE-FINISHED
10
713.147
20
-668.000
30
2598.000
11
712.000
21
-667.139
31
2598.000
0
LINE
8
GRADE-FINISHED
10
718.000
20
-666.250
30
2598.000
11
716.353
21
-668.000
31
2598.000
0
LINE
8
GRADE-FINISHED
10
718.213
20
-666.000
30
2598.000
11
718.000
21
-666.250
31
2598.000
0
LINE
8
GRADE-FINISHED
10
727.241
20
-666.000
30
2598.000
11
728.000
21
-668.000
31
2598.000
0
LINE
8
GRADE-FINISHED
10
728.000
20
-668.000
30
2598.000
11
728.000
21
-668.000
31
2598.000
0
LINE
8
GRADE-FINISHED
10
754.000
20
-666.000
30
2598.000
11
754.000
21
-666.000
31
2598.000
0
LINE
8
GRADE-FINISHED
10
756.000
20
-668.000
30
2598.000
11
754.000
21
-666.000
31
2598.000
0
LINE
8
GRADE-FINISHED
10
711.393
20
-668.000
30
2598.000
11
711.771
21
-670.000
31
2598.000
0
LINE
8
GRADE-FINISHED
10
713.147
20
-668.000
30
2598.000
11
714.000
21
-668.880
31
2598.000
0
LINE
8
GRADE-FINISHED
10
716.000
20
-668.169
30
2598.000
11
714.000
21
-668.880
31
2598.000
0
LINE
8
GRADE-FINISHED
10
716.353
20
-668.000
30
2598.000
11
716.000
21
-668.169
31
2598.000
0
LINE
8
GRADE-FINISHED
10
728.000
20
-668.000
30
2598.000
11
729.200
21
-670.000
31
2598.000
0
LINE
8
GRADE-FINISHED
10
754.000
20
-670.000
30
2598.000
11
754.000
21
-670.000
31
2598.000
0
LINE
8
GRADE-FINISHED
10
756.000
20
-668.000
30
2598.000
11
754.000
21
-670.000
31
2598.000
0
LINE
8
GRADE-FINISHED
10
710.000
20
-671.845
30
2598.000
11
709.851
21
-672.000
31
2598.000
0
LINE
8
GRADE-FINISHED
10
711.771
20
-670.000
30
2598.000
11
710.000
21
-671.845
31
2598.000
0
LINE
8
GRADE-FINISHED
10
729.200
20
-670.000
30
2598.000
11
730.000
21
-671.429
31
2598.000
0
LINE
8
GRADE-FINISHED
10
730.348
20
-672.000
30
2598.000
11
730.000
21
-671.429
31
2598.000
0
LINE
8
GRADE-FINISHED
10
754.000
20
-670.000
30
2598.000
11
754.000
21
-672.000
31
2598.000
0
LINE
8
GRADE-FINISHED
10
708.000
20
-673.929
30
2598.000
11
707.931
21
-674.000
31
2598.000
0
LINE
8
GRADE-FINISHED
10
709.851
20
-672.000
30
2598.000
11
708.000
21
-673.929
31
2598.000
0
LINE
8
GRADE-FINISHED
10
730.348
20
-672.000
30
2598.000
11
731.565
21
-674.000
31
2598.000
0
LINE
8
GRADE-FINISHED
10
754.000
20
-672.000
30
2598.000
11
754.000
21
-674.000
31
2598.000
0
LINE
8
GRADE-FINISHED
10
707.931
20
-674.000
30
2598.000
11
707.218
21
-676.000
31
2598.000
0
LINE
8
GRADE-FINISHED
10
731.565
20
-674.000
30
2598.000
11
732.000
21
-675.250
31
2598.000
0
LINE
8
GRADE-FINISHED
10
732.214
20
-676.000
30
2598.000
11
732.000
21
-675.250
31
2598.000
0
LINE
8
GRADE-FINISHED
10
752.000
20
-676.000
30
2598.000
11
752.000
21
-676.000
31
2598.000
0
LINE
8
GRADE-FINISHED
10
754.000
20
-674.000
30
2598.000
11
752.000
21
-676.000
31
2598.000
0
LINE
8
GRADE-FINISHED
10
707.218
20
-676.000
30
2598.000
11
707.583
21
-678.000
31
2598.000
0
LINE
8
GRADE-FINISHED
10
732.000
20
-676.150
30
2598.000
11
730.391
21
-678.000
31
2598.000
0
LINE
8
GRADE-FINISHED
10
732.214
20
-676.000
30
2598.000
11
732.000
21
-676.150
31
2598.000
0
LINE
8
GRADE-FINISHED
10
752.000
20
-676.000
30
2598.000
11
752.000
21
-676.000
31
2598.000
0
LINE
8
GRADE-FINISHED
10
754.000
20
-678.000
30
2598.000
11
752.000
21
-676.000
31
2598.000
0
LINE
8
GRADE-FINISHED
10
707.583
20
-678.000
30
2598.000
11
708.000
21
-679.200
31
2598.000
0
LINE
8
GRADE-FINISHED
10
708.625
20
-680.000
30
2598.000
11
708.000
21
-679.200
31
2598.000
0
LINE
8
GRADE-FINISHED
10
728.000
20
-679.774
30
2598.000
11
727.125
21
-680.000
31
2598.000
0
LINE
8
GRADE-FINISHED
10
730.000
20
-678.643
30
2598.000
11
728.000
21
-679.774
31
2598.000
0
LINE
8
GRADE-FINISHED
10
730.391
20
-678.000
30
2598.000
11
730.000
21
-678.643
31
2598.000
0
LINE
8
GRADE-FINISHED
10
754.000
20
-678.000
30
2598.000
11
754.000
21
-678.000
31
2598.000
0
LINE
8
GRADE-FINISHED
10
756.000
20
-678.000
30
2598.000
11
754.000
21
-678.000
31
2598.000
0
LINE
8
GRADE-FINISHED
10
758.000
20
-680.000
30
2598.000
11
756.000
21
-678.000
31
2598.000
0
LINE
8
GRADE-FINISHED
10
708.625
20
-680.000
30
2598.000
11
710.000
21
-681.692
31
2598.000
0
LINE
8
GRADE-FINISHED
10
710.148
20
-682.000
30
2598.000
11
710.000
21
-681.692
31
2598.000
0
LINE
8
GRADE-FINISHED
10
722.000
20
-680.996
30
2598.000
11
720.368
21
-682.000
31
2598.000
0
LINE
8
GRADE-FINISHED
10
724.000
20
-680.121
30
2598.000
11
722.000
21
-680.996
31
2598.000
0
LINE
8
GRADE-FINISHED
10
726.000
20
-680.300
30
2598.000
11
724.000
21
-680.121
31
2598.000
0
LINE
8
GRADE-FINISHED
10
727.125
20
-680.000
30
2598.000
11
728.000
21
-682.000
31
2598.000
0
LINE
8
GRADE-FINISHED
10
728.000
20
-682.000
30
2598.000
11
726.000
21
-680.300
31
2598.000
0
LINE
8
GRADE-FINISHED
10
728.000
20
-682.000
30
2598.000
11
728.000
21
-682.000
31
2598.000
0
LINE
8
GRADE-FINISHED
10
758.000
20
-680.000
30
2598.000
11
758.000
21
-682.000
31
2598.000
0
LINE
8
GRADE-FINISHED
10
710.148
20
-682.000
30
2598.000
11
710.963
21
-684.000
31
2598.000
0
LINE
8
GRADE-FINISHED
10
718.000
20
-683.111
30
2598.000
11
716.074
21
-684.000
31
2598.000
0
LINE
8
GRADE-FINISHED
10
720.000
20
-682.218
30
2598.000
11
718.000
21
-683.111
31
2598.000
0
LINE
8
GRADE-FINISHED
10
720.368
20
-682.000
30
2598.000
11
720.000
21
-682.218
31
2598.000
0
LINE
8
GRADE-FINISHED
10
728.000
20
-682.000
30
2598.000
11
728.000
21
-682.000
31
2598.000
0
LINE
8
GRADE-FINISHED
10
728.000
20
-682.000
30
2598.000
11
728.000
21
-682.000
31
2598.000
0
LINE
8
GRADE-FINISHED
10
758.000
20
-682.000
30
2598.000
11
758.000
21
-682.000
31
2598.000
0
LINE
8
GRADE-FINISHED
10
760.000
20
-684.000
30
2598.000
11
758.000
21
-682.000
31
2598.000
0
LINE
8
GRADE-FINISHED
10
710.963
20
-684.000
30
2598.000
11
712.000
21
-684.341
31
2598.000
0
LINE
8
GRADE-FINISHED
10
714.000
20
-684.436
30
2598.000
11
712.000
21
-684.341
31
2598.000
0
LINE
8
GRADE-FINISHED
10
716.000
20
-684.037
30
2598.000
11
714.000
21
-684.436
31
2598.000
0
LINE
8
GRADE-FINISHED
10
716.074
20
-684.000
30
2598.000
11
716.000
21
-684.037
31
2598.000
0
LINE
8
GRADE-FINISHED
10
760.000
20
-684.000
30
2598.000
11
760.000
21
-684.000
31
2598.000
0
LINE
8
GRADE-FINISHED
10
762.000
20
-686.000
30
2598.000
11
760.000
21
-684.000
31
2598.000
0
LINE
8
GRADE-FINISHED
10
762.000
20
-686.000
30
2598.000
11
762.000
21
-688.000
31
2598.000
0
LINE
8
GRADE-FINISHED
10
734.000
20
-690.000
30
2598.000
11
734.000
21
-690.000
31
2598.000
0
LINE
8
GRADE-FINISHED
10
734.000
20
-690.000
30
2598.000
11
734.000
21
-690.000
31
2598.000
0
LINE
8
GRADE-FINISHED
10
762.000
20
-688.000
30
2598.000
11
762.000
21
-688.000
31
2598.000
0
LINE
8
GRADE-FINISHED
10
764.000
20
-690.000
30
2598.000
11
762.000
21
-688.000
31
2598.000
0
LINE
8
GRADE-FINISHED
10
734.000
20
-690.000
30
2598.000
11
734.000
21
-690.000
31
2598.000
0
LINE
8
GRADE-FINISHED
10
734.000
20
-690.000
30
2598.000
11
734.000
21
-690.000
31
2598.000
0
LINE
8
GRADE-FINISHED
10
764.000
20
-690.000
30
2598.000
11
764.000
21
-692.000
31
2598.000
0
LINE
8
GRADE-FINISHED
10
736.000
20
-694.000
30
2598.000
11
736.000
21
-694.000
31
2598.000
0
LINE
8
GRADE-FINISHED
10
736.000
20
-694.000
30
2598.000
11
736.000
21
-694.000
31
2598.000
0
LINE
8
GRADE-FINISHED
10
764.000
20
-692.000
30
2598.000
11
764.000
21
-694.000
31
2598.000
0
LINE
8
GRADE-FINISHED
10
736.000
20
-694.000
30
2598.000
11
736.000
21
-694.000
31
2598.000
0
LINE
8
GRADE-FINISHED
10
736.000
20
-694.000
30
2598.000
11
736.000
21
-694.000
31
2598.000
0
LINE
8
GRADE-FINISHED
10
764.000
20
-694.000
30
2598.000
11
764.000
21
-694.000
31
2598.000
0
LINE
8
GRADE-FINISHED
10
766.000
20
-696.000
30
2598.000
11
764.000
21
-694.000
31
2598.000
0
LINE
8
GRADE-FINISHED
10
766.000
20
-696.000
30
2598.000
11
766.000
21
-698.000
31
2598.000
0
LINE
8
GRADE-FINISHED
10
766.000
20
-698.000
30
2598.000
11
766.000
21
-700.000
31
2598.000
0
LINE
8
GRADE-FINISHED
10
766.000
20
-700.000
30
2598.000
11
766.000
21
-702.000
31
2598.000
0
LINE
8
GRADE-FINISHED
10
766.000
20
-702.000
30
2598.000
11
766.000
21
-704.000
31
2598.000
0
LINE
8
GRADE-FINISHED
10
766.000
20
-704.000
30
2598.000
11
766.000
21
-706.000
31
2598.000
0
LINE
8
GRADE-FINISHED
10
766.000
20
-706.000
30
2598.000
11
766.000
21
-706.000
31
2598.000
0
LINE
8
GRADE-FINISHED
10
768.000
20
-708.000
30
2598.000
11
766.000
21
-706.000
31
2598.000
0
LINE
8
GRADE-FINISHED
10
768.000
20
-708.000
30
2598.000
11
768.000
21
-708.000
31
2598.000
0
LINE
8
GRADE-FINISHED
10
770.000
20
-708.000
30
2598.000
11
768.000
21
-708.000
31
2598.000
0
LINE
8
GRADE-FINISHED
10
537.316
20
-380.000
30
2599.000
11
537.761
21
-382.000
31
2599.000
0
LINE
8
GRADE-FINISHED
10
537.761
20
-382.000
30
2599.000
11
538.000
21
-384.000
31
2599.000
0
LINE
8
GRADE-FINISHED
10
538.000
20
-384.000
30
2599.000
11
538.000
21
-384.000
31
2599.000
0
LINE
8
GRADE-FINISHED
10
540.000
20
-384.000
30
2599.000
11
538.000
21
-384.000
31
2599.000
0
LINE
8
GRADE-FINISHED
10
542.000
20
-384.000
30
2599.000
11
540.000
21
-384.000
31
2599.000
0
LINE
8
GRADE-FINISHED
10
544.000
20
-386.000
30
2599.000
11
542.000
21
-384.000
31
2599.000
0
LINE
8
GRADE-FINISHED
10
544.000
20
-386.000
30
2599.000
11
544.000
21
-386.000
31
2599.000
0
LINE
8
GRADE-FINISHED
10
546.000
20
-388.000
30
2599.000
11
544.000
21
-386.000
31
2599.000
0
LINE
8
GRADE-FINISHED
10
546.000
20
-388.000
30
2599.000
11
546.000
21
-388.000
31
2599.000
0
LINE
8
GRADE-FINISHED
10
548.000
20
-388.000
30
2599.000
11
546.000
21
-388.000
31
2599.000
0
LINE
8
GRADE-FINISHED
10
550.000
20
-390.000
30
2599.000
11
548.000
21
-388.000
31
2599.000
0
LINE
8
GRADE-FINISHED
10
550.000
20
-390.000
30
2599.000
11
550.000
21
-390.000
31
2599.000
0
LINE
8
GRADE-FINISHED
10
552.000
20
-392.000
30
2599.000
11
550.000
21
-390.000
31
2599.000
0
LINE
8
GRADE-FINISHED
10
552.000
20
-392.000
30
2599.000
11
552.000
21
-392.000
31
2599.000
0
LINE
8
GRADE-FINISHED
10
554.000
20
-392.000
30
2599.000
11
552.000
21
-392.000
31
2599.000
0
LINE
8
GRADE-FINISHED
10
556.000
20
-394.000
30
2599.000
11
554.000
21
-392.000
31
2599.000
0
LINE
8
GRADE-FINISHED
10
556.000
20
-394.000
30
2599.000
11
556.000
21
-394.000
31
2599.000
0
LINE
8
GRADE-FINISHED
10
558.000
20
-394.000
30
2599.000
11
556.000
21
-394.000
31
2599.000
0
LINE
8
GRADE-FINISHED
10
560.000
20
-396.000
30
2599.000
11
558.000
21
-394.000
31
2599.000
0
LINE
8
GRADE-FINISHED
10
560.000
20
-396.000
30
2599.000
11
560.000
21
-396.000
31
2599.000
0
LINE
8
GRADE-FINISHED
10
562.000
20
-398.000
30
2599.000
11
560.000
21
-396.000
31
2599.000
0
LINE
8
GRADE-FINISHED
10
562.000
20
-398.000
30
2599.000
11
562.000
21
-398.000
31
2599.000
0
LINE
8
GRADE-FINISHED
10
564.000
20
-398.000
30
2599.000
11
562.000
21
-398.000
31
2599.000
0
LINE
8
GRADE-FINISHED
10
566.000
20
-399.667
30
2599.000
11
564.000
21
-398.000
31
2599.000
0
LINE
8
GRADE-FINISHED
10
568.000
20
-400.000
30
2599.000
11
566.000
21
-399.667
31
2599.000
0
LINE
8
GRADE-FINISHED
10
568.000
20
-400.000
30
2599.000
11
568.000
21
-400.000
31
2599.000
0
LINE
8
GRADE-FINISHED
10
570.000
20
-401.333
30
2599.000
11
568.000
21
-400.000
31
2599.000
0
LINE
8
GRADE-FINISHED
10
572.000
20
-401.000
30
2599.000
11
570.000
21
-401.333
31
2599.000
0
LINE
8
GRADE-FINISHED
10
574.000
20
-402.000
30
2599.000
11
572.000
21
-401.000
31
2599.000
0
LINE
8
GRADE-FINISHED
10
574.000
20
-402.000
30
2599.000
11
574.000
21
-402.000
31
2599.000
0
LINE
8
GRADE-FINISHED
10
576.000
20
-404.000
30
2599.000
11
574.000
21
-402.000
31
2599.000
0
LINE
8
GRADE-FINISHED
10
576.000
20
-404.000
30
2599.000
11
576.000
21
-404.000
31
2599.000
0
LINE
8
GRADE-FINISHED
10
578.000
20
-406.000
30
2599.000
11
576.000
21
-404.000
31
2599.000
0
LINE
8
GRADE-FINISHED
10
578.000
20
-406.000
30
2599.000
11
578.000
21
-408.000
31
2599.000
0
LINE
8
GRADE-FINISHED
10
578.000
20
-408.000
30
2599.000
11
578.000
21
-410.000
31
2599.000
0
LINE
8
GRADE-FINISHED
10
578.000
20
-410.000
30
2599.000
11
578.000
21
-412.000
31
2599.000
0
LINE
8
GRADE-FINISHED
10
578.000
20
-412.000
30
2599.000
11
578.000
21
-414.000
31
2599.000
0
LINE
8
GRADE-FINISHED
10
578.000
20
-414.000
30
2599.000
11
578.000
21
-416.000
31
2599.000
0
LINE
8
GRADE-FINISHED
10
578.000
20
-416.000
30
2599.000
11
578.000
21
-416.000
31
2599.000
0
LINE
8
GRADE-FINISHED
10
580.000
20
-418.000
30
2599.000
11
578.000
21
-416.000
31
2599.000
0
LINE
8
GRADE-FINISHED
10
580.000
20
-418.000
30
2599.000
11
580.000
21
-420.000
31
2599.000
0
LINE
8
GRADE-FINISHED
10
580.000
20
-420.000
30
2599.000
11
580.000
21
-422.000
31
2599.000
0
LINE
8
GRADE-FINISHED
10
580.000
20
-422.000
30
2599.000
11
580.000
21
-424.000
31
2599.000
0
LINE
8
GRADE-FINISHED
10
580.000
20
-424.000
30
2599.000
11
580.000
21
-426.000
31
2599.000
0
LINE
8
GRADE-FINISHED
10
580.000
20
-426.000
30
2599.000
11
580.000
21
-428.000
31
2599.000
0
LINE
8
GRADE-FINISHED
10
582.000
20
-426.000
30
2599.000
11
580.000
21
-428.000
31
2599.000
0
LINE
8
GRADE-FINISHED
10
584.000
20
-426.000
30
2599.000
11
582.000
21
-426.000
31
2599.000
0
LINE
8
GRADE-FINISHED
10
586.000
20
-426.000
30
2599.000
11
584.000
21
-426.000
31
2599.000
0
LINE
8
GRADE-FINISHED
10
588.000
20
-428.000
30
2599.000
11
586.000
21
-426.000
31
2599.000
0
LINE
8
GRADE-FINISHED
10
580.000
20
-428.000
30
2599.000
11
580.000
21
-428.000
31
2599.000
0
LINE
8
GRADE-FINISHED
10
580.000
20
-428.000
30
2599.000
11
580.000
21
-428.000
31
2599.000
0
LINE
8
GRADE-FINISHED
10
588.000
20
-428.000
30
2599.000
11
588.000
21
-428.000
31
2599.000
0
LINE
8
GRADE-FINISHED
10
590.000
20
-428.000
30
2599.000
11
588.000
21
-428.000
31
2599.000
0
LINE
8
GRADE-FINISHED
10
592.000
20
-428.000
30
2599.000
11
590.000
21
-428.000
31
2599.000
0
LINE
8
GRADE-FINISHED
10
594.000
20
-430.000
30
2599.000
11
592.000
21
-428.000
31
2599.000
0
LINE
8
GRADE-FINISHED
10
594.000
20
-430.000
30
2599.000
11
594.000
21
-430.000
31
2599.000
0
LINE
8
GRADE-FINISHED
10
596.000
20
-432.000
30
2599.000
11
594.000
21
-430.000
31
2599.000
0
LINE
8
GRADE-FINISHED
10
596.000
20
-432.000
30
2599.000
11
596.000
21
-432.000
31
2599.000
0
LINE
8
GRADE-FINISHED
10
598.000
20
-432.718
30
2599.000
11
596.000
21
-432.000
31
2599.000
0
LINE
8
GRADE-FINISHED
10
600.000
20
-433.110
30
2599.000
11
598.000
21
-432.718
31
2599.000
0
LINE
8
GRADE-FINISHED
10
602.000
20
-433.370
30
2599.000
11
600.000
21
-433.110
31
2599.000
0
LINE
8
GRADE-FINISHED
10
604.000
20
-433.535
30
2599.000
11
602.000
21
-433.370
31
2599.000
0
LINE
8
GRADE-FINISHED
10
606.000
20
-433.666
30
2599.000
11
604.000
21
-433.535
31
2599.000
0
LINE
8
GRADE-FINISHED
10
608.000
20
-433.749
30
2599.000
11
606.000
21
-433.666
31
2599.000
0
LINE
8
GRADE-FINISHED
10
610.000
20
-433.806
30
2599.000
11
608.000
21
-433.749
31
2599.000
0
LINE
8
GRADE-FINISHED
10
612.000
20
-433.858
30
2599.000
11
610.000
21
-433.806
31
2599.000
0
LINE
8
GRADE-FINISHED
10
614.000
20
-433.910
30
2599.000
11
612.000
21
-433.858
31
2599.000
0
LINE
8
GRADE-FINISHED
10
616.000
20
-433.960
30
2599.000
11
614.000
21
-433.910
31
2599.000
0
LINE
8
GRADE-FINISHED
10
617.635
20
-434.000
30
2599.000
11
616.000
21
-433.960
31
2599.000
0
LINE
8
GRADE-FINISHED
10
617.635
20
-434.000
30
2599.000
11
618.000
21
-434.007
31
2599.000
0
LINE
8
GRADE-FINISHED
10
620.000
20
-434.047
30
2599.000
11
618.000
21
-434.007
31
2599.000
0
LINE
8
GRADE-FINISHED
10
622.000
20
-434.087
30
2599.000
11
620.000
21
-434.047
31
2599.000
0
LINE
8
GRADE-FINISHED
10
624.000
20
-434.916
30
2599.000
11
622.000
21
-434.087
31
2599.000
0
LINE
8
GRADE-FINISHED
10
625.084
20
-436.000
30
2599.000
11
624.000
21
-434.916
31
2599.000
0
LINE
8
GRADE-FINISHED
10
625.084
20
-436.000
30
2599.000
11
625.913
21
-438.000
31
2599.000
0
LINE
8
GRADE-FINISHED
10
625.913
20
-438.000
30
2599.000
11
626.000
21
-438.091
31
2599.000
0
LINE
8
GRADE-FINISHED
10
628.000
20
-438.207
30
2599.000
11
626.000
21
-438.091
31
2599.000
0
LINE
8
GRADE-FINISHED
10
630.000
20
-438.247
30
2599.000
11
628.000
21
-438.207
31
2599.000
0
LINE
8
GRADE-FINISHED
10
632.000
20
-439.076
30
2599.000
11
630.000
21
-438.247
31
2599.000
0
LINE
8
GRADE-FINISHED
10
632.924
20
-440.000
30
2599.000
11
632.000
21
-439.076
31
2599.000
0
LINE
8
GRADE-FINISHED
10
632.924
20
-440.000
30
2599.000
11
633.753
21
-442.000
31
2599.000
0
LINE
8
GRADE-FINISHED
10
633.753
20
-442.000
30
2599.000
11
634.000
21
-442.437
31
2599.000
0
LINE
8
GRADE-FINISHED
10
634.884
20
-444.000
30
2599.000
11
634.000
21
-442.437
31
2599.000
0
LINE
8
GRADE-FINISHED
10
634.884
20
-444.000
30
2599.000
11
635.713
21
-446.000
31
2599.000
0
LINE
8
GRADE-FINISHED
10
635.713
20
-446.000
30
2599.000
11
636.000
21
-446.508
31
2599.000
0
LINE
8
GRADE-FINISHED
10
636.844
20
-448.000
30
2599.000
11
636.000
21
-446.508
31
2599.000
0
LINE
8
GRADE-FINISHED
10
636.844
20
-448.000
30
2599.000
11
638.000
21
-449.179
31
2599.000
0
LINE
8
GRADE-FINISHED
10
638.804
20
-450.000
30
2599.000
11
638.000
21
-449.179
31
2599.000
0
LINE
8
GRADE-FINISHED
10
638.804
20
-450.000
30
2599.000
11
639.633
21
-452.000
31
2599.000
0
LINE
8
GRADE-FINISHED
10
639.633
20
-452.000
30
2599.000
11
640.000
21
-452.649
31
2599.000
0
LINE
8
GRADE-FINISHED
10
640.764
20
-454.000
30
2599.000
11
640.000
21
-452.649
31
2599.000
0
LINE
8
GRADE-FINISHED
10
640.764
20
-454.000
30
2599.000
11
641.593
21
-456.000
31
2599.000
0
LINE
8
GRADE-FINISHED
10
641.593
20
-456.000
30
2599.000
11
642.000
21
-456.720
31
2599.000
0
LINE
8
GRADE-FINISHED
10
642.724
20
-458.000
30
2599.000
11
642.000
21
-456.720
31
2599.000
0
LINE
8
GRADE-FINISHED
10
642.724
20
-458.000
30
2599.000
11
644.000
21
-459.302
31
2599.000
0
LINE
8
GRADE-FINISHED
10
644.684
20
-460.000
30
2599.000
11
644.000
21
-459.302
31
2599.000
0
LINE
8
GRADE-FINISHED
10
644.684
20
-460.000
30
2599.000
11
645.513
21
-462.000
31
2599.000
0
LINE
8
GRADE-FINISHED
10
645.513
20
-462.000
30
2599.000
11
646.000
21
-462.861
31
2599.000
0
LINE
8
GRADE-FINISHED
10
646.644
20
-464.000
30
2599.000
11
646.000
21
-462.861
31
2599.000
0
LINE
8
GRADE-FINISHED
10
646.644
20
-464.000
30
2599.000
11
647.473
21
-466.000
31
2599.000
0
LINE
8
GRADE-FINISHED
10
647.473
20
-466.000
30
2599.000
11
648.000
21
-466.932
31
2599.000
0
LINE
8
GRADE-FINISHED
10
648.604
20
-468.000
30
2599.000
11
648.000
21
-466.932
31
2599.000
0
LINE
8
GRADE-FINISHED
10
648.604
20
-468.000
30
2599.000
11
649.433
21
-470.000
31
2599.000
0
LINE
8
GRADE-FINISHED
10
649.433
20
-470.000
30
2599.000
11
650.000
21
-471.003
31
2599.000
0
LINE
8
GRADE-FINISHED
10
650.564
20
-472.000
30
2599.000
11
650.000
21
-471.003
31
2599.000
0
LINE
8
GRADE-FINISHED
10
650.564
20
-472.000
30
2599.000
11
652.000
21
-473.465
31
2599.000
0
LINE
8
GRADE-FINISHED
10
652.524
20
-474.000
30
2599.000
11
652.000
21
-473.465
31
2599.000
0
LINE
8
GRADE-FINISHED
10
652.524
20
-474.000
30
2599.000
11
653.353
21
-476.000
31
2599.000
0
LINE
8
GRADE-FINISHED
10
653.353
20
-476.000
30
2599.000
11
654.000
21
-477.144
31
2599.000
0
LINE
8
GRADE-FINISHED
10
654.484
20
-478.000
30
2599.000
11
654.000
21
-477.144
31
2599.000
0
LINE
8
GRADE-FINISHED
10
654.484
20
-478.000
30
2599.000
11
655.313
21
-480.000
31
2599.000
0
LINE
8
GRADE-FINISHED
10
655.313
20
-480.000
30
2599.000
11
656.000
21
-481.215
31
2599.000
0
LINE
8
GRADE-FINISHED
10
656.444
20
-482.000
30
2599.000
11
656.000
21
-481.215
31
2599.000
0
LINE
8
GRADE-FINISHED
10
656.444
20
-482.000
30
2599.000
11
658.000
21
-483.587
31
2599.000
0
LINE
8
GRADE-FINISHED
10
658.404
20
-484.000
30
2599.000
11
658.000
21
-483.587
31
2599.000
0
LINE
8
GRADE-FINISHED
10
658.404
20
-484.000
30
2599.000
11
659.233
21
-486.000
31
2599.000
0
LINE
8
GRADE-FINISHED
10
659.233
20
-486.000
30
2599.000
11
660.000
21
-487.121
31
2599.000
0
LINE
8
GRADE-FINISHED
10
660.601
20
-488.000
30
2599.000
11
660.000
21
-487.121
31
2599.000
0
LINE
8
GRADE-FINISHED
10
660.601
20
-488.000
30
2599.000
11
661.430
21
-490.000
31
2599.000
0
LINE
8
GRADE-FINISHED
10
661.430
20
-490.000
30
2599.000
11
662.000
21
-490.912
31
2599.000
0
LINE
8
GRADE-FINISHED
10
662.680
20
-492.000
30
2599.000
11
662.000
21
-490.912
31
2599.000
0
LINE
8
GRADE-FINISHED
10
662.680
20
-492.000
30
2599.000
11
664.000
21
-493.329
31
2599.000
0
LINE
8
GRADE-FINISHED
10
664.666
20
-494.000
30
2599.000
11
664.000
21
-493.329
31
2599.000
0
LINE
8
GRADE-FINISHED
10
664.666
20
-494.000
30
2599.000
11
665.495
21
-496.000
31
2599.000
0
LINE
8
GRADE-FINISHED
10
665.495
20
-496.000
30
2599.000
11
666.000
21
-496.816
31
2599.000
0
LINE
8
GRADE-FINISHED
10
666.733
20
-498.000
30
2599.000
11
666.000
21
-496.816
31
2599.000
0
LINE
8
GRADE-FINISHED
10
666.733
20
-498.000
30
2599.000
11
667.562
21
-500.000
31
2599.000
0
LINE
8
GRADE-FINISHED
10
667.562
20
-500.000
30
2599.000
11
668.000
21
-500.706
31
2599.000
0
LINE
8
GRADE-FINISHED
10
668.804
20
-502.000
30
2599.000
11
668.000
21
-500.706
31
2599.000
0
LINE
8
GRADE-FINISHED
10
668.804
20
-502.000
30
2599.000
11
670.000
21
-503.229
31
2599.000
0
LINE
8
GRADE-FINISHED
10
670.750
20
-504.000
30
2599.000
11
670.000
21
-503.229
31
2599.000
0
LINE
8
GRADE-FINISHED
10
670.750
20
-504.000
30
2599.000
11
671.579
21
-506.000
31
2599.000
0
LINE
8
GRADE-FINISHED
10
671.579
20
-506.000
30
2599.000
11
672.000
21
-506.681
31
2599.000
0
LINE
8
GRADE-FINISHED
10
672.815
20
-508.000
30
2599.000
11
672.000
21
-506.681
31
2599.000
0
LINE
8
GRADE-FINISHED
10
672.815
20
-508.000
30
2599.000
11
673.644
21
-510.000
31
2599.000
0
LINE
8
GRADE-FINISHED
10
673.644
20
-510.000
30
2599.000
11
674.000
21
-510.574
31
2599.000
0
LINE
8
GRADE-FINISHED
10
674.884
20
-512.000
30
2599.000
11
674.000
21
-510.574
31
2599.000
0
LINE
8
GRADE-FINISHED
10
674.884
20
-512.000
30
2599.000
11
675.713
21
-514.000
31
2599.000
0
LINE
8
GRADE-FINISHED
10
708.000
20
-513.412
30
2599.000
11
707.800
21
-514.000
31
2599.000
0
LINE
8
GRADE-FINISHED
10
675.713
20
-514.000
30
2599.000
11
676.000
21
-514.462
31
2599.000
0
LINE
8
GRADE-FINISHED
10
676.957
20
-516.000
30
2599.000
11
676.000
21
-514.462
31
2599.000
0
LINE
8
GRADE-FINISHED
10
707.800
20
-514.000
30
2599.000
11
708.000
21
-515.250
31
2599.000
0
LINE
8
GRADE-FINISHED
10
676.957
20
-516.000
30
2599.000
11
678.000
21
-517.091
31
2599.000
0
LINE
8
GRADE-FINISHED
10
678.868
20
-518.000
30
2599.000
11
678.000
21
-517.091
31
2599.000
0
LINE
8
GRADE-FINISHED
10
678.868
20
-518.000
30
2599.000
11
679.697
21
-520.000
31
2599.000
0
LINE
8
GRADE-FINISHED
10
710.000
20
-518.471
30
2599.000
11
709.552
21
-520.000
31
2599.000
0
LINE
8
GRADE-FINISHED
10
679.697
20
-520.000
30
2599.000
11
680.000
21
-520.489
31
2599.000
0
LINE
8
GRADE-FINISHED
10
680.937
20
-522.000
30
2599.000
11
680.000
21
-520.489
31
2599.000
0
LINE
8
GRADE-FINISHED
10
709.552
20
-520.000
30
2599.000
11
710.000
21
-521.529
31
2599.000
0
LINE
8
GRADE-FINISHED
10
680.937
20
-522.000
30
2599.000
11
681.766
21
-524.000
31
2599.000
0
LINE
8
GRADE-FINISHED
10
712.000
20
-523.529
30
2599.000
11
711.724
21
-524.000
31
2599.000
0
LINE
8
GRADE-FINISHED
10
681.766
20
-524.000
30
2599.000
11
682.000
21
-524.377
31
2599.000
0
LINE
8
GRADE-FINISHED
10
683.009
20
-526.000
30
2599.000
11
682.000
21
-524.377
31
2599.000
0
LINE
8
GRADE-FINISHED
10
711.724
20
-524.000
30
2599.000
11
711.484
21
-526.000
31
2599.000
0
LINE
8
GRADE-FINISHED
10
683.009
20
-526.000
30
2599.000
11
684.000
21
-527.046
31
2599.000
0
LINE
8
GRADE-FINISHED
10
684.903
20
-528.000
30
2599.000
11
684.000
21
-527.046
31
2599.000
0
LINE
8
GRADE-FINISHED
10
711.484
20
-526.000
30
2599.000
11
712.000
21
-527.524
31
2599.000
0
LINE
8
GRADE-FINISHED
10
684.903
20
-528.000
30
2599.000
11
685.731
21
-530.000
31
2599.000
0
LINE
8
GRADE-FINISHED
10
714.000
20
-528.588
30
2599.000
11
713.368
21
-530.000
31
2599.000
0
LINE
8
GRADE-FINISHED
10
685.731
20
-530.000
30
2599.000
11
686.000
21
-530.389
31
2599.000
0
LINE
8
GRADE-FINISHED
10
687.111
20
-532.000
30
2599.000
11
686.000
21
-530.389
31
2599.000
0
LINE
8
GRADE-FINISHED
10
713.368
20
-530.000
30
2599.000
11
713.492
21
-532.000
31
2599.000
0
LINE
8
GRADE-FINISHED
10
687.111
20
-532.000
30
2599.000
11
687.940
21
-534.000
31
2599.000
0
LINE
8
GRADE-FINISHED
10
713.492
20
-532.000
30
2599.000
11
714.000
21
-533.455
31
2599.000
0
LINE
8
GRADE-FINISHED
10
687.940
20
-534.000
30
2599.000
11
688.000
21
-534.098
31
2599.000
0
LINE
8
GRADE-FINISHED
10
689.172
20
-536.000
30
2599.000
11
688.000
21
-534.098
31
2599.000
0
LINE
8
GRADE-FINISHED
10
715.333
20
-534.000
30
2599.000
11
715.149
21
-536.000
31
2599.000
0
LINE
8
GRADE-FINISHED
10
689.172
20
-536.000
30
2599.000
11
690.000
21
-536.830
31
2599.000
0
LINE
8
GRADE-FINISHED
10
691.549
20
-538.000
30
2599.000
11
690.000
21
-536.830
31
2599.000
0
LINE
8
GRADE-FINISHED
10
715.149
20
-536.000
30
2599.000
11
715.524
21
-538.000
31
2599.000
0
LINE
8
GRADE-FINISHED
10
691.549
20
-538.000
30
2599.000
11
692.000
21
-539.282
31
2599.000
0
LINE
8
GRADE-FINISHED
10
692.585
20
-540.000
30
2599.000
11
692.000
21
-539.282
31
2599.000
0
LINE
8
GRADE-FINISHED
10
715.524
20
-538.000
30
2599.000
11
716.000
21
-539.364
31
2599.000
0
LINE
8
GRADE-FINISHED
10
692.585
20
-540.000
30
2599.000
11
694.000
21
-540.520
31
2599.000
0
LINE
8
GRADE-FINISHED
10
695.967
20
-542.000
30
2599.000
11
694.000
21
-540.520
31
2599.000
0
LINE
8
GRADE-FINISHED
10
716.778
20
-540.000
30
2599.000
11
717.000
21
-542.000
31
2599.000
0
LINE
8
GRADE-FINISHED
10
695.967
20
-542.000
30
2599.000
11
696.000
21
-542.022
31
2599.000
0
LINE
8
GRADE-FINISHED
10
697.978
20
-544.000
30
2599.000
11
696.000
21
-542.022
31
2599.000
0
LINE
8
GRADE-FINISHED
10
717.000
20
-542.000
30
2599.000
11
717.556
21
-544.000
31
2599.000
0
LINE
8
GRADE-FINISHED
10
697.978
20
-544.000
30
2599.000
11
698.000
21
-544.022
31
2599.000
0
LINE
8
GRADE-FINISHED
10
699.968
20
-546.000
30
2599.000
11
698.000
21
-544.022
31
2599.000
0
LINE
8
GRADE-FINISHED
10
717.556
20
-544.000
30
2599.000
11
718.000
21
-545.333
31
2599.000
0
LINE
8
GRADE-FINISHED
10
699.968
20
-546.000
30
2599.000
11
700.000
21
-546.076
31
2599.000
0
LINE
8
GRADE-FINISHED
10
701.056
20
-548.000
30
2599.000
11
700.000
21
-546.076
31
2599.000
0
LINE
8
GRADE-FINISHED
10
718.538
20
-546.000
30
2599.000
11
718.921
21
-548.000
31
2599.000
0
LINE
8
GRADE-FINISHED
10
701.056
20
-548.000
30
2599.000
11
702.000
21
-549.719
31
2599.000
0
LINE
8
GRADE-FINISHED
10
702.233
20
-550.000
30
2599.000
11
702.000
21
-549.719
31
2599.000
0
LINE
8
GRADE-FINISHED
10
718.921
20
-548.000
30
2599.000
11
719.536
21
-550.000
31
2599.000
0
LINE
8
GRADE-FINISHED
10
702.233
20
-550.000
30
2599.000
11
703.143
21
-552.000
31
2599.000
0
LINE
8
GRADE-FINISHED
10
719.536
20
-550.000
30
2599.000
11
720.000
21
-551.238
31
2599.000
0
LINE
8
GRADE-FINISHED
10
720.444
20
-552.000
30
2599.000
11
720.000
21
-551.238
31
2599.000
0
LINE
8
GRADE-FINISHED
10
703.143
20
-552.000
30
2599.000
11
704.000
21
-553.709
31
2599.000
0
LINE
8
GRADE-FINISHED
10
704.280
20
-554.000
30
2599.000
11
704.000
21
-553.709
31
2599.000
0
LINE
8
GRADE-FINISHED
10
720.444
20
-552.000
30
2599.000
11
720.952
21
-554.000
31
2599.000
0
LINE
8
GRADE-FINISHED
10
704.280
20
-554.000
30
2599.000
11
705.165
21
-556.000
31
2599.000
0
LINE
8
GRADE-FINISHED
10
720.952
20
-554.000
30
2599.000
11
721.467
21
-556.000
31
2599.000
0
LINE
8
GRADE-FINISHED
10
705.165
20
-556.000
30
2599.000
11
706.000
21
-557.729
31
2599.000
0
LINE
8
GRADE-FINISHED
10
706.302
20
-558.000
30
2599.000
11
706.000
21
-557.729
31
2599.000
0
LINE
8
GRADE-FINISHED
10
721.467
20
-556.000
30
2599.000
11
722.000
21
-557.143
31
2599.000
0
LINE
8
GRADE-FINISHED
10
722.400
20
-558.000
30
2599.000
11
722.000
21
-557.143
31
2599.000
0
LINE
8
GRADE-FINISHED
10
706.302
20
-558.000
30
2599.000
11
708.000
21
-559.873
31
2599.000
0
LINE
8
GRADE-FINISHED
10
708.141
20
-560.000
30
2599.000
11
708.000
21
-559.873
31
2599.000
0
LINE
8
GRADE-FINISHED
10
722.400
20
-558.000
30
2599.000
11
722.897
21
-560.000
31
2599.000
0
LINE
8
GRADE-FINISHED
10
708.141
20
-560.000
30
2599.000
11
709.289
21
-562.000
31
2599.000
0
LINE
8
GRADE-FINISHED
10
722.897
20
-560.000
30
2599.000
11
723.353
21
-562.000
31
2599.000
0
LINE
8
GRADE-FINISHED
10
709.289
20
-562.000
30
2599.000
11
710.000
21
-563.907
31
2599.000
0
LINE
8
GRADE-FINISHED
10
710.111
20
-564.000
30
2599.000
11
710.000
21
-563.907
31
2599.000
0
LINE
8
GRADE-FINISHED
10
723.353
20
-562.000
30
2599.000
11
724.000
21
-563.048
31
2599.000
0
LINE
8
GRADE-FINISHED
10
724.370
20
-564.000
30
2599.000
11
724.000
21
-563.048
31
2599.000
0
LINE
8
GRADE-FINISHED
10
710.111
20
-564.000
30
2599.000
11
711.429
21
-566.000
31
2599.000
0
LINE
8
GRADE-FINISHED
10
724.370
20
-564.000
30
2599.000
11
724.681
21
-566.000
31
2599.000
0
LINE
8
GRADE-FINISHED
10
711.429
20
-566.000
30
2599.000
11
712.000
21
-567.972
31
2599.000
0
LINE
8
GRADE-FINISHED
10
712.034
20
-568.000
30
2599.000
11
712.000
21
-567.972
31
2599.000
0
LINE
8
GRADE-FINISHED
10
724.681
20
-566.000
30
2599.000
11
725.130
21
-568.000
31
2599.000
0
LINE
8
GRADE-FINISHED
10
712.034
20
-568.000
30
2599.000
11
713.934
21
-570.000
31
2599.000
0
LINE
8
GRADE-FINISHED
10
725.130
20
-568.000
30
2599.000
11
726.000
21
-569.053
31
2599.000
0
LINE
8
GRADE-FINISHED
10
726.295
20
-570.000
30
2599.000
11
726.000
21
-569.053
31
2599.000
0
LINE
8
GRADE-FINISHED
10
713.934
20
-570.000
30
2599.000
11
714.000
21
-570.158
31
2599.000
0
LINE
8
GRADE-FINISHED
10
715.690
20
-572.000
30
2599.000
11
714.000
21
-570.158
31
2599.000
0
LINE
8
GRADE-FINISHED
10
726.295
20
-570.000
30
2599.000
11
726.333
21
-572.000
31
2599.000
0
LINE
8
GRADE-FINISHED
10
715.690
20
-572.000
30
2599.000
11
715.927
21
-574.000
31
2599.000
0
LINE
8
GRADE-FINISHED
10
726.333
20
-572.000
30
2599.000
11
726.500
21
-574.000
31
2599.000
0
LINE
8
GRADE-FINISHED
10
715.927
20
-574.000
30
2599.000
11
716.000
21
-576.000
31
2599.000
0
LINE
8
GRADE-FINISHED
10
726.000
20
-575.500
30
2599.000
11
724.000
21
-576.000
31
2599.000
0
LINE
8
GRADE-FINISHED
10
726.500
20
-574.000
30
2599.000
11
726.000
21
-575.500
31
2599.000
0
LINE
8
GRADE-FINISHED
10
716.000
20
-576.000
30
2599.000
11
716.000
21
-576.000
31
2599.000
0
LINE
8
GRADE-FINISHED
10
718.000
20
-576.000
30
2599.000
11
716.000
21
-576.000
31
2599.000
0
LINE
8
GRADE-FINISHED
10
720.000
20
-576.000
30
2599.000
11
718.000
21
-576.000
31
2599.000
0
LINE
8
GRADE-FINISHED
10
722.000
20
-576.000
30
2599.000
11
720.000
21
-576.000
31
2599.000
0
LINE
8
GRADE-FINISHED
10
724.000
20
-576.000
30
2599.000
11
722.000
21
-576.000
31
2599.000
0
LINE
8
GRADE-FINISHED
10
724.000
20
-576.000
30
2599.000
11
724.000
21
-576.000
31
2599.000
0
LINE
8
GRADE-FINISHED
10
702.000
20
-614.000
30
2599.000
11
702.000
21
-614.000
31
2599.000
0
LINE
8
GRADE-FINISHED
10
702.000
20
-614.000
30
2599.000
11
702.000
21
-614.000
31
2599.000
0
LINE
8
GRADE-FINISHED
10
702.000
20
-614.000
30
2599.000
11
702.000
21
-616.000
31
2599.000
0
LINE
8
GRADE-FINISHED
10
702.000
20
-614.000
30
2599.000
11
702.000
21
-616.000
31
2599.000
0
LINE
8
GRADE-FINISHED
10
702.000
20
-616.000
30
2599.000
11
702.000
21
-618.000
31
2599.000
0
LINE
8
GRADE-FINISHED
10
702.000
20
-616.000
30
2599.000
11
704.000
21
-618.000
31
2599.000
0
LINE
8
GRADE-FINISHED
10
704.000
20
-618.000
30
2599.000
11
704.000
21
-618.000
31
2599.000
0
LINE
8
GRADE-FINISHED
10
702.000
20
-618.000
30
2599.000
11
702.000
21
-620.000
31
2599.000
0
LINE
8
GRADE-FINISHED
10
704.000
20
-618.000
30
2599.000
11
706.000
21
-620.000
31
2599.000
0
LINE
8
GRADE-FINISHED
10
706.000
20
-620.000
30
2599.000
11
706.000
21
-620.000
31
2599.000
0
LINE
8
GRADE-FINISHED
10
702.000
20
-620.000
30
2599.000
11
702.000
21
-622.000
31
2599.000
0
LINE
8
GRADE-FINISHED
10
706.000
20
-620.000
30
2599.000
11
706.000
21
-622.000
31
2599.000
0
LINE
8
GRADE-FINISHED
10
702.000
20
-622.000
30
2599.000
11
702.000
21
-624.000
31
2599.000
0
LINE
8
GRADE-FINISHED
10
706.000
20
-622.000
30
2599.000
11
708.000
21
-624.000
31
2599.000
0
LINE
8
GRADE-FINISHED
10
708.000
20
-624.000
30
2599.000
11
708.000
21
-624.000
31
2599.000
0
LINE
8
GRADE-FINISHED
10
702.000
20
-624.000
30
2599.000
11
702.000
21
-626.000
31
2599.000
0
LINE
8
GRADE-FINISHED
10
708.000
20
-624.000
30
2599.000
11
710.000
21
-626.000
31
2599.000
0
LINE
8
GRADE-FINISHED
10
710.000
20
-626.000
30
2599.000
11
710.000
21
-626.000
31
2599.000
0
LINE
8
GRADE-FINISHED
10
702.000
20
-626.000
30
2599.000
11
702.000
21
-628.000
31
2599.000
0
LINE
8
GRADE-FINISHED
10
710.000
20
-626.000
30
2599.000
11
710.000
21
-628.000
31
2599.000
0
LINE
8
GRADE-FINISHED
10
702.000
20
-628.000
30
2599.000
11
702.000
21
-630.000
31
2599.000
0
LINE
8
GRADE-FINISHED
10
710.000
20
-628.000
30
2599.000
11
712.000
21
-630.000
31
2599.000
0
LINE
8
GRADE-FINISHED
10
712.000
20
-630.000
30
2599.000
11
712.000
21
-630.000
31
2599.000
0
LINE
8
GRADE-FINISHED
10
702.000
20
-630.000
30
2599.000
11
701.862
21
-632.000
31
2599.000
0
LINE
8
GRADE-FINISHED
10
712.000
20
-630.000
30
2599.000
11
714.000
21
-632.000
31
2599.000
0
LINE
8
GRADE-FINISHED
10
714.000
20
-632.000
30
2599.000
11
714.000
21
-632.000
31
2599.000
0
LINE
8
GRADE-FINISHED
10
701.862
20
-632.000
30
2599.000
11
701.444
21
-634.000
31
2599.000
0
LINE
8
GRADE-FINISHED
10
714.000
20
-632.000
30
2599.000
11
714.000
21
-634.000
31
2599.000
0
LINE
8
GRADE-FINISHED
10
701.444
20
-634.000
30
2599.000
11
701.351
21
-636.000
31
2599.000
0
LINE
8
GRADE-FINISHED
10
714.000
20
-634.000
30
2599.000
11
716.000
21
-636.000
31
2599.000
0
LINE
8
GRADE-FINISHED
10
716.000
20
-636.000
30
2599.000
11
716.000
21
-636.000
31
2599.000
0
LINE
8
GRADE-FINISHED
10
701.351
20
-636.000
30
2599.000
11
701.351
21
-638.000
31
2599.000
0
LINE
8
GRADE-FINISHED
10
716.000
20
-636.000
30
2599.000
11
716.000
21
-638.000
31
2599.000
0
LINE
8
GRADE-FINISHED
10
701.351
20
-638.000
30
2599.000
11
701.351
21
-640.000
31
2599.000
0
LINE
8
GRADE-FINISHED
10
716.000
20
-638.000
30
2599.000
11
716.000
21
-640.000
31
2599.000
0
LINE
8
GRADE-FINISHED
10
701.351
20
-640.000
30
2599.000
11
701.351
21
-642.000
31
2599.000
0
LINE
8
GRADE-FINISHED
10
716.000
20
-640.000
30
2599.000
11
714.000
21
-642.000
31
2599.000
0
LINE
8
GRADE-FINISHED
10
716.000
20
-640.000
30
2599.000
11
716.000
21
-640.000
31
2599.000
0
LINE
8
GRADE-FINISHED
10
701.351
20
-642.000
30
2599.000
11
701.444
21
-644.000
31
2599.000
0
LINE
8
GRADE-FINISHED
10
714.000
20
-642.000
30
2599.000
11
714.000
21
-644.000
31
2599.000
0
LINE
8
GRADE-FINISHED
10
701.444
20
-644.000
30
2599.000
11
701.351
21
-646.000
31
2599.000
0
LINE
8
GRADE-FINISHED
10
714.000
20
-644.000
30
2599.000
11
716.000
21
-646.000
31
2599.000
0
LINE
8
GRADE-FINISHED
10
716.000
20
-646.000
30
2599.000
11
716.000
21
-646.000
31
2599.000
0
LINE
8
GRADE-FINISHED
10
701.351
20
-646.000
30
2599.000
11
701.351
21
-648.000
31
2599.000
0
LINE
8
GRADE-FINISHED
10
716.000
20
-646.000
30
2599.000
11
716.000
21
-648.000
31
2599.000
0
LINE
8
GRADE-FINISHED
10
701.351
20
-648.000
30
2599.000
11
701.357
21
-650.000
31
2599.000
0
LINE
8
GRADE-FINISHED
10
716.000
20
-648.000
30
2599.000
11
718.000
21
-650.000
31
2599.000
0
LINE
8
GRADE-FINISHED
10
718.000
20
-650.000
30
2599.000
11
718.000
21
-650.000
31
2599.000
0
LINE
8
GRADE-FINISHED
10
701.357
20
-650.000
30
2599.000
11
701.637
21
-652.000
31
2599.000
0
LINE
8
GRADE-FINISHED
10
718.000
20
-650.000
30
2599.000
11
720.000
21
-652.000
31
2599.000
0
LINE
8
GRADE-FINISHED
10
722.000
20
-652.000
30
2599.000
11
720.000
21
-652.000
31
2599.000
0
LINE
8
GRADE-FINISHED
10
722.000
20
-652.000
30
2599.000
11
722.000
21
-652.000
31
2599.000
0
LINE
8
GRADE-FINISHED
10
701.637
20
-652.000
30
2599.000
11
702.000
21
-653.667
31
2599.000
0
LINE
8
GRADE-FINISHED
10
702.214
20
-654.000
30
2599.000
11
702.000
21
-653.667
31
2599.000
0
LINE
8
GRADE-FINISHED
10
722.000
20
-652.000
30
2599.000
11
720.000
21
-654.000
31
2599.000
0
LINE
8
GRADE-FINISHED
10
722.000
20
-652.000
30
2599.000
11
722.000
21
-652.000
31
2599.000
0
LINE
8
GRADE-FINISHED
10
702.214
20
-654.000
30
2599.000
11
703.419
21
-656.000
31
2599.000
0
LINE
8
GRADE-FINISHED
10
720.000
20
-654.000
30
2599.000
11
718.000
21
-656.000
31
2599.000
0
LINE
8
GRADE-FINISHED
10
720.000
20
-654.000
30
2599.000
11
720.000
21
-654.000
31
2599.000
0
LINE
8
GRADE-FINISHED
10
703.419
20
-656.000
30
2599.000
11
704.000
21
-657.200
31
2599.000
0
LINE
8
GRADE-FINISHED
10
704.324
20
-658.000
30
2599.000
11
704.000
21
-657.200
31
2599.000
0
LINE
8
GRADE-FINISHED
10
718.000
20
-656.000
30
2599.000
11
718.000
21
-658.000
31
2599.000
0
LINE
8
GRADE-FINISHED
10
704.324
20
-658.000
30
2599.000
11
704.842
21
-660.000
31
2599.000
0
LINE
8
GRADE-FINISHED
10
718.000
20
-658.000
30
2599.000
11
718.526
21
-660.000
31
2599.000
0
LINE
8
GRADE-FINISHED
10
704.842
20
-660.000
30
2599.000
11
705.351
21
-662.000
31
2599.000
0
LINE
8
GRADE-FINISHED
10
718.526
20
-660.000
30
2599.000
11
719.143
21
-662.000
31
2599.000
0
LINE
8
GRADE-FINISHED
10
705.351
20
-662.000
30
2599.000
11
705.892
21
-664.000
31
2599.000
0
LINE
8
GRADE-FINISHED
10
712.000
20
-663.667
30
2599.000
11
711.485
21
-664.000
31
2599.000
0
LINE
8
GRADE-FINISHED
10
714.000
20
-663.043
30
2599.000
11
712.000
21
-663.667
31
2599.000
0
LINE
8
GRADE-FINISHED
10
716.000
20
-662.554
30
2599.000
11
714.000
21
-663.043
31
2599.000
0
LINE
8
GRADE-FINISHED
10
718.000
20
-662.273
30
2599.000
11
716.000
21
-662.554
31
2599.000
0
LINE
8
GRADE-FINISHED
10
719.143
20
-662.000
30
2599.000
11
718.000
21
-662.273
31
2599.000
0
LINE
8
GRADE-FINISHED
10
705.892
20
-664.000
30
2599.000
11
706.000
21
-664.226
31
2599.000
0
LINE
8
GRADE-FINISHED
10
708.000
20
-664.558
30
2599.000
11
706.000
21
-664.226
31
2599.000
0
LINE
8
GRADE-FINISHED
10
710.000
20
-664.387
30
2599.000
11
708.000
21
-664.558
31
2599.000
0
LINE
8
GRADE-FINISHED
10
711.485
20
-664.000
30
2599.000
11
710.000
21
-664.387
31
2599.000
0
LINE
8
GRADE-FINISHED
10
712.000
20
-667.786
30
2599.000
11
711.849
21
-668.000
31
2599.000
0
LINE
8
GRADE-FINISHED
10
712.284
20
-668.000
30
2599.000
11
712.000
21
-667.786
31
2599.000
0
LINE
8
GRADE-FINISHED
10
720.000
20
-667.185
30
2599.000
11
719.463
21
-668.000
31
2599.000
0
LINE
8
GRADE-FINISHED
10
720.846
20
-668.000
30
2599.000
11
720.000
21
-667.185
31
2599.000
0
LINE
8
GRADE-FINISHED
10
711.849
20
-668.000
30
2599.000
11
712.000
21
-668.584
31
2599.000
0
LINE
8
GRADE-FINISHED
10
712.284
20
-668.000
30
2599.000
11
714.000
21
-669.769
31
2599.000
0
LINE
8
GRADE-FINISHED
10
713.509
20
-670.000
30
2599.000
11
712.000
21
-668.584
31
2599.000
0
LINE
8
GRADE-FINISHED
10
716.000
20
-669.292
30
2599.000
11
714.000
21
-669.769
31
2599.000
0
LINE
8
GRADE-FINISHED
10
718.000
20
-668.882
30
2599.000
11
716.000
21
-669.292
31
2599.000
0
LINE
8
GRADE-FINISHED
10
719.463
20
-668.000
30
2599.000
11
718.000
21
-668.882
31
2599.000
0
LINE
8
GRADE-FINISHED
10
720.846
20
-668.000
30
2599.000
11
721.300
21
-670.000
31
2599.000
0
LINE
8
GRADE-FINISHED
10
712.000
20
-671.111
30
2599.000
11
711.152
21
-672.000
31
2599.000
0
LINE
8
GRADE-FINISHED
10
713.509
20
-670.000
30
2599.000
11
712.000
21
-671.111
31
2599.000
0
LINE
8
GRADE-FINISHED
10
721.300
20
-670.000
30
2599.000
11
722.000
21
-671.556
31
2599.000
0
LINE
8
GRADE-FINISHED
10
722.160
20
-672.000
30
2599.000
11
722.000
21
-671.556
31
2599.000
0
LINE
8
GRADE-FINISHED
10
711.152
20
-672.000
30
2599.000
11
710.043
21
-674.000
31
2599.000
0
LINE
8
GRADE-FINISHED
10
722.160
20
-672.000
30
2599.000
11
723.000
21
-674.000
31
2599.000
0
LINE
8
GRADE-FINISHED
10
710.043
20
-674.000
30
2599.000
11
710.826
21
-676.000
31
2599.000
0
LINE
8
GRADE-FINISHED
10
723.000
20
-674.000
30
2599.000
11
724.000
21
-676.000
31
2599.000
0
LINE
8
GRADE-FINISHED
10
724.000
20
-676.000
30
2599.000
11
724.000
21
-676.000
31
2599.000
0
LINE
8
GRADE-FINISHED
10
710.826
20
-676.000
30
2599.000
11
712.000
21
-677.800
31
2599.000
0
LINE
8
GRADE-FINISHED
10
712.118
20
-678.000
30
2599.000
11
712.000
21
-677.800
31
2599.000
0
LINE
8
GRADE-FINISHED
10
724.000
20
-676.000
30
2599.000
11
725.125
21
-678.000
31
2599.000
0
LINE
8
GRADE-FINISHED
10
712.118
20
-678.000
30
2599.000
11
713.037
21
-680.000
31
2599.000
0
LINE
8
GRADE-FINISHED
10
724.000
20
-678.176
30
2599.000
11
722.612
21
-680.000
31
2599.000
0
LINE
8
GRADE-FINISHED
10
725.125
20
-678.000
30
2599.000
11
724.000
21
-678.176
31
2599.000
0
LINE
8
GRADE-FINISHED
10
713.037
20
-680.000
30
2599.000
11
713.852
21
-682.000
31
2599.000
0
LINE
8
GRADE-FINISHED
10
720.000
20
-680.962
30
2599.000
11
719.166
21
-682.000
31
2599.000
0
LINE
8
GRADE-FINISHED
10
722.000
20
-680.290
30
2599.000
11
720.000
21
-680.962
31
2599.000
0
LINE
8
GRADE-FINISHED
10
722.612
20
-680.000
30
2599.000
11
722.000
21
-680.290
31
2599.000
0
LINE
8
GRADE-FINISHED
10
713.852
20
-682.000
30
2599.000
11
714.000
21
-682.381
31
2599.000
0
LINE
8
GRADE-FINISHED
10
716.000
20
-682.771
30
2599.000
11
714.000
21
-682.381
31
2599.000
0
LINE
8
GRADE-FINISHED
10
718.000
20
-682.541
30
2599.000
11
716.000
21
-682.771
31
2599.000
0
LINE
8
GRADE-FINISHED
10
719.166
20
-682.000
30
2599.000
11
718.000
21
-682.541
31
2599.000
0
LINE
8
GRADE-FINISHED
10
570.375
20
-380.000
30
2600.000
11
570.500
21
-382.000
31
2600.000
0
LINE
8
GRADE-FINISHED
10
660.000
20
-380.500
30
2600.000
11
659.333
21
-382.000
31
2600.000
0
LINE
8
GRADE-FINISHED
10
660.571
20
-382.000
30
2600.000
11
660.000
21
-380.500
31
2600.000
0
LINE
8
GRADE-FINISHED
10
570.500
20
-382.000
30
2600.000
11
570.706
21
-384.000
31
2600.000
0
LINE
8
GRADE-FINISHED
10
659.333
20
-382.000
30
2600.000
11
660.000
21
-383.143
31
2600.000
0
LINE
8
GRADE-FINISHED
10
660.571
20
-382.000
30
2600.000
11
660.000
21
-383.143
31
2600.000
0
LINE
8
GRADE-FINISHED
10
570.706
20
-384.000
30
2600.000
11
570.824
21
-386.000
31
2600.000
0
LINE
8
GRADE-FINISHED
10
662.000
20
-385.529
30
2600.000
11
661.724
21
-386.000
31
2600.000
0
LINE
8
GRADE-FINISHED
10
662.186
20
-386.000
30
2600.000
11
662.000
21
-385.529
31
2600.000
0
LINE
8
GRADE-FINISHED
10
570.824
20
-386.000
30
2600.000
11
571.000
21
-388.000
31
2600.000
0
LINE
8
GRADE-FINISHED
10
661.724
20
-386.000
30
2600.000
11
661.463
21
-388.000
31
2600.000
0
LINE
8
GRADE-FINISHED
10
662.186
20
-386.000
30
2600.000
11
662.667
21
-388.000
31
2600.000
0
LINE
8
GRADE-FINISHED
10
571.000
20
-388.000
30
2600.000
11
571.385
21
-390.000
31
2600.000
0
LINE
8
GRADE-FINISHED
10
661.463
20
-388.000
30
2600.000
11
662.000
21
-389.048
31
2600.000
0
LINE
8
GRADE-FINISHED
10
662.667
20
-388.000
30
2600.000
11
662.000
21
-389.048
31
2600.000
0
LINE
8
GRADE-FINISHED
10
571.385
20
-390.000
30
2600.000
11
572.000
21
-390.615
31
2600.000
0
LINE
8
GRADE-FINISHED
10
573.385
20
-392.000
30
2600.000
11
572.000
21
-390.615
31
2600.000
0
LINE
8
GRADE-FINISHED
10
664.000
20
-390.588
30
2600.000
11
663.442
21
-392.000
31
2600.000
0
LINE
8
GRADE-FINISHED
10
664.558
20
-392.000
30
2600.000
11
664.000
21
-390.588
31
2600.000
0
LINE
8
GRADE-FINISHED
10
573.385
20
-392.000
30
2600.000
11
574.000
21
-392.444
31
2600.000
0
LINE
8
GRADE-FINISHED
10
576.000
20
-394.000
30
2600.000
11
574.000
21
-392.444
31
2600.000
0
LINE
8
GRADE-FINISHED
10
663.442
20
-392.000
30
2600.000
11
663.565
21
-394.000
31
2600.000
0
LINE
8
GRADE-FINISHED
10
664.558
20
-392.000
30
2600.000
11
664.833
21
-394.000
31
2600.000
0
LINE
8
GRADE-FINISHED
10
576.000
20
-394.000
30
2600.000
11
576.000
21
-394.000
31
2600.000
0
LINE
8
GRADE-FINISHED
10
576.333
20
-396.000
30
2600.000
11
576.000
21
-394.000
31
2600.000
0
LINE
8
GRADE-FINISHED
10
582.000
20
-395.017
30
2600.000
11
580.067
21
-396.000
31
2600.000
0
LINE
8
GRADE-FINISHED
10
583.094
20
-396.000
30
2600.000
11
582.000
21
-395.017
31
2600.000
0
LINE
8
GRADE-FINISHED
10
663.565
20
-394.000
30
2600.000
11
664.000
21
-394.952
31
2600.000
0
LINE
8
GRADE-FINISHED
10
664.833
20
-394.000
30
2600.000
11
666.000
21
-395.647
31
2600.000
0
LINE
8
GRADE-FINISHED
10
665.571
20
-396.000
30
2600.000
11
664.000
21
-394.952
31
2600.000
0
LINE
8
GRADE-FINISHED
10
576.333
20
-396.000
30
2600.000
11
578.000
21
-396.308
31
2600.000
0
LINE
8
GRADE-FINISHED
10
580.000
20
-396.148
30
2600.000
11
578.000
21
-396.308
31
2600.000
0
LINE
8
GRADE-FINISHED
10
580.067
20
-396.000
30
2600.000
11
582.000
21
-397.706
31
2600.000
0
LINE
8
GRADE-FINISHED
10
581.429
20
-398.000
30
2600.000
11
580.000
21
-396.148
31
2600.000
0
LINE
8
GRADE-FINISHED
10
583.094
20
-396.000
30
2600.000
11
582.000
21
-397.706
31
2600.000
0
LINE
8
GRADE-FINISHED
10
665.571
20
-396.000
30
2600.000
11
665.231
21
-398.000
31
2600.000
0
LINE
8
GRADE-FINISHED
10
666.140
20
-396.000
30
2600.000
11
666.930
21
-398.000
31
2600.000
0
LINE
8
GRADE-FINISHED
10
580.000
20
-399.282
30
2600.000
11
579.754
21
-400.000
31
2600.000
0
LINE
8
GRADE-FINISHED
10
581.429
20
-398.000
30
2600.000
11
580.000
21
-399.282
31
2600.000
0
LINE
8
GRADE-FINISHED
10
584.000
20
-398.341
30
2600.000
11
583.333
21
-400.000
31
2600.000
0
LINE
8
GRADE-FINISHED
10
584.648
20
-400.000
30
2600.000
11
584.000
21
-398.341
31
2600.000
0
LINE
8
GRADE-FINISHED
10
665.231
20
-398.000
30
2600.000
11
665.615
21
-400.000
31
2600.000
0
LINE
8
GRADE-FINISHED
10
666.930
20
-398.000
30
2600.000
11
667.250
21
-400.000
31
2600.000
0
LINE
8
GRADE-FINISHED
10
579.754
20
-400.000
30
2600.000
11
580.000
21
-400.800
31
2600.000
0
LINE
8
GRADE-FINISHED
10
580.568
20
-402.000
30
2600.000
11
580.000
21
-400.800
31
2600.000
0
LINE
8
GRADE-FINISHED
10
583.333
20
-400.000
30
2600.000
11
582.822
21
-402.000
31
2600.000
0
LINE
8
GRADE-FINISHED
10
584.648
20
-400.000
30
2600.000
11
585.143
21
-402.000
31
2600.000
0
LINE
8
GRADE-FINISHED
10
665.615
20
-400.000
30
2600.000
11
666.000
21
-400.909
31
2600.000
0
LINE
8
GRADE-FINISHED
10
667.250
20
-400.000
30
2600.000
11
668.000
21
-400.706
31
2600.000
0
LINE
8
GRADE-FINISHED
10
667.043
20
-402.000
30
2600.000
11
666.000
21
-400.909
31
2600.000
0
LINE
8
GRADE-FINISHED
10
580.568
20
-402.000
30
2600.000
11
581.514
21
-404.000
31
2600.000
0
LINE
8
GRADE-FINISHED
10
582.822
20
-402.000
30
2600.000
11
582.383
21
-404.000
31
2600.000
0
LINE
8
GRADE-FINISHED
10
585.143
20
-402.000
30
2600.000
11
585.288
21
-404.000
31
2600.000
0
LINE
8
GRADE-FINISHED
10
667.043
20
-402.000
30
2600.000
11
667.082
21
-404.000
31
2600.000
0
LINE
8
GRADE-FINISHED
10
668.512
20
-402.000
30
2600.000
11
669.302
21
-404.000
31
2600.000
0
LINE
8
GRADE-FINISHED
10
581.514
20
-404.000
30
2600.000
11
582.000
21
-405.029
31
2600.000
0
LINE
8
GRADE-FINISHED
10
582.383
20
-404.000
30
2600.000
11
582.000
21
-405.029
31
2600.000
0
LINE
8
GRADE-FINISHED
10
585.288
20
-404.000
30
2600.000
11
584.800
21
-406.000
31
2600.000
0
LINE
8
GRADE-FINISHED
10
667.082
20
-404.000
30
2600.000
11
667.684
21
-406.000
31
2600.000
0
LINE
8
GRADE-FINISHED
10
669.302
20
-404.000
30
2600.000
11
670.000
21
-405.765
31
2600.000
0
LINE
8
GRADE-FINISHED
10
584.000
20
-406.900
30
2600.000
11
583.397
21
-408.000
31
2600.000
0
LINE
8
GRADE-FINISHED
10
584.800
20
-406.000
30
2600.000
11
586.000
21
-407.286
31
2600.000
0
LINE
8
GRADE-FINISHED
10
585.189
20
-408.000
30
2600.000
11
584.000
21
-406.900
31
2600.000
0
LINE
8
GRADE-FINISHED
10
586.811
20
-408.000
30
2600.000
11
586.000
21
-407.286
31
2600.000
0
LINE
8
GRADE-FINISHED
10
667.684
20
-406.000
30
2600.000
11
668.000
21
-406.818
31
2600.000
0
LINE
8
GRADE-FINISHED
10
668.813
20
-408.000
30
2600.000
11
668.000
21
-406.818
31
2600.000
0
LINE
8
GRADE-FINISHED
10
670.093
20
-406.000
30
2600.000
11
670.884
21
-408.000
31
2600.000
0
LINE
8
GRADE-FINISHED
10
583.397
20
-408.000
30
2600.000
11
584.000
21
-409.294
31
2600.000
0
LINE
8
GRADE-FINISHED
10
585.189
20
-408.000
30
2600.000
11
584.000
21
-409.294
31
2600.000
0
LINE
8
GRADE-FINISHED
10
586.811
20
-408.000
30
2600.000
11
587.750
21
-410.000
31
2600.000
0
LINE
8
GRADE-FINISHED
10
668.813
20
-408.000
30
2600.000
11
669.079
21
-410.000
31
2600.000
0
LINE
8
GRADE-FINISHED
10
670.884
20
-408.000
30
2600.000
11
671.611
21
-410.000
31
2600.000
0
LINE
8
GRADE-FINISHED
10
587.750
20
-410.000
30
2600.000
11
588.000
21
-411.143
31
2600.000
0
LINE
8
GRADE-FINISHED
10
589.500
20
-412.000
30
2600.000
11
588.000
21
-411.143
31
2600.000
0
LINE
8
GRADE-FINISHED
10
669.079
20
-410.000
30
2600.000
11
669.742
21
-412.000
31
2600.000
0
LINE
8
GRADE-FINISHED
10
671.611
20
-410.000
30
2600.000
11
672.000
21
-410.824
31
2600.000
0
LINE
8
GRADE-FINISHED
10
589.500
20
-412.000
30
2600.000
11
590.000
21
-412.286
31
2600.000
0
LINE
8
GRADE-FINISHED
10
592.000
20
-413.429
30
2600.000
11
590.000
21
-412.286
31
2600.000
0
LINE
8
GRADE-FINISHED
10
593.000
20
-414.000
30
2600.000
11
592.000
21
-413.429
31
2600.000
0
LINE
8
GRADE-FINISHED
10
669.742
20
-412.000
30
2600.000
11
670.000
21
-412.762
31
2600.000
0
LINE
8
GRADE-FINISHED
10
670.650
20
-414.000
30
2600.000
11
670.000
21
-412.762
31
2600.000
0
LINE
8
GRADE-FINISHED
10
672.465
20
-412.000
30
2600.000
11
673.256
21
-414.000
31
2600.000
0
LINE
8
GRADE-FINISHED
10
593.000
20
-414.000
30
2600.000
11
594.000
21
-414.571
31
2600.000
0
LINE
8
GRADE-FINISHED
10
596.000
20
-415.600
30
2600.000
11
594.000
21
-414.571
31
2600.000
0
LINE
8
GRADE-FINISHED
10
596.857
20
-416.000
30
2600.000
11
596.000
21
-415.600
31
2600.000
0
LINE
8
GRADE-FINISHED
10
670.650
20
-414.000
30
2600.000
11
671.111
21
-416.000
31
2600.000
0
LINE
8
GRADE-FINISHED
10
673.256
20
-414.000
30
2600.000
11
674.000
21
-415.882
31
2600.000
0
LINE
8
GRADE-FINISHED
10
596.857
20
-416.000
30
2600.000
11
598.000
21
-416.615
31
2600.000
0
LINE
8
GRADE-FINISHED
10
599.800
20
-418.000
30
2600.000
11
598.000
21
-416.615
31
2600.000
0
LINE
8
GRADE-FINISHED
10
671.111
20
-416.000
30
2600.000
11
671.778
21
-418.000
31
2600.000
0
LINE
8
GRADE-FINISHED
10
599.800
20
-418.000
30
2600.000
11
600.000
21
-418.154
31
2600.000
0
LINE
8
GRADE-FINISHED
10
601.846
20
-420.000
30
2600.000
11
600.000
21
-418.154
31
2600.000
0
LINE
8
GRADE-FINISHED
10
671.778
20
-418.000
30
2600.000
11
672.000
21
-418.667
31
2600.000
0
LINE
8
GRADE-FINISHED
10
672.560
20
-420.000
30
2600.000
11
672.000
21
-418.667
31
2600.000
0
LINE
8
GRADE-FINISHED
10
674.837
20
-418.000
30
2600.000
11
675.636
21
-420.000
31
2600.000
0
LINE
8
GRADE-FINISHED
10
601.846
20
-420.000
30
2600.000
11
602.000
21
-420.182
31
2600.000
0
LINE
8
GRADE-FINISHED
10
603.538
20
-422.000
30
2600.000
11
602.000
21
-420.182
31
2600.000
0
LINE
8
GRADE-FINISHED
10
672.560
20
-420.000
30
2600.000
11
673.143
21
-422.000
31
2600.000
0
LINE
8
GRADE-FINISHED
10
675.636
20
-420.000
30
2600.000
11
676.000
21
-420.941
31
2600.000
0
LINE
8
GRADE-FINISHED
10
603.538
20
-422.000
30
2600.000
11
604.000
21
-422.545
31
2600.000
0
LINE
8
GRADE-FINISHED
10
605.455
20
-424.000
30
2600.000
11
604.000
21
-422.545
31
2600.000
0
LINE
8
GRADE-FINISHED
10
673.143
20
-422.000
30
2600.000
11
673.810
21
-424.000
31
2600.000
0
LINE
8
GRADE-FINISHED
10
605.455
20
-424.000
30
2600.000
11
606.000
21
-424.500
31
2600.000
0
LINE
8
GRADE-FINISHED
10
607.500
20
-426.000
30
2600.000
11
606.000
21
-424.500
31
2600.000
0
LINE
8
GRADE-FINISHED
10
673.810
20
-424.000
30
2600.000
11
674.000
21
-424.571
31
2600.000
0
LINE
8
GRADE-FINISHED
10
674.508
20
-426.000
30
2600.000
11
674.000
21
-424.571
31
2600.000
0
LINE
8
GRADE-FINISHED
10
677.227
20
-424.000
30
2600.000
11
678.000
21
-426.000
31
2600.000
0
LINE
8
GRADE-FINISHED
10
607.500
20
-426.000
30
2600.000
11
608.000
21
-426.462
31
2600.000
0
LINE
8
GRADE-FINISHED
10
609.429
20
-428.000
30
2600.000
11
608.000
21
-426.462
31
2600.000
0
LINE
8
GRADE-FINISHED
10
674.508
20
-426.000
30
2600.000
11
675.161
21
-428.000
31
2600.000
0
LINE
8
GRADE-FINISHED
10
678.000
20
-426.000
30
2600.000
11
678.000
21
-426.000
31
2600.000
0
LINE
8
GRADE-FINISHED
10
609.429
20
-428.000
30
2600.000
11
610.000
21
-428.500
31
2600.000
0
LINE
8
GRADE-FINISHED
10
612.000
20
-429.000
30
2600.000
11
610.000
21
-428.500
31
2600.000
0
LINE
8
GRADE-FINISHED
10
614.000
20
-429.412
30
2600.000
11
612.000
21
-429.000
31
2600.000
0
LINE
8
GRADE-FINISHED
10
616.000
20
-429.765
30
2600.000
11
614.000
21
-429.412
31
2600.000
0
LINE
8
GRADE-FINISHED
10
617.333
20
-430.000
30
2600.000
11
616.000
21
-429.765
31
2600.000
0
LINE
8
GRADE-FINISHED
10
675.161
20
-428.000
30
2600.000
11
675.841
21
-430.000
31
2600.000
0
LINE
8
GRADE-FINISHED
10
617.333
20
-430.000
30
2600.000
11
618.000
21
-430.133
31
2600.000
0
LINE
8
GRADE-FINISHED
10
620.000
20
-431.111
30
2600.000
11
618.000
21
-430.133
31
2600.000
0
LINE
8
GRADE-FINISHED
10
620.956
20
-432.000
30
2600.000
11
620.000
21
-431.111
31
2600.000
0
LINE
8
GRADE-FINISHED
10
675.841
20
-430.000
30
2600.000
11
676.000
21
-430.476
31
2600.000
0
LINE
8
GRADE-FINISHED
10
676.508
20
-432.000
30
2600.000
11
676.000
21
-430.476
31
2600.000
0
LINE
8
GRADE-FINISHED
10
679.591
20
-430.000
30
2600.000
11
680.000
21
-431.000
31
2600.000
0
LINE
8
GRADE-FINISHED
10
620.956
20
-432.000
30
2600.000
11
622.000
21
-432.087
31
2600.000
0
LINE
8
GRADE-FINISHED
10
624.000
20
-432.433
30
2600.000
11
622.000
21
-432.087
31
2600.000
0
LINE
8
GRADE-FINISHED
10
626.000
20
-433.323
30
2600.000
11
624.000
21
-432.433
31
2600.000
0
LINE
8
GRADE-FINISHED
10
626.571
20
-434.000
30
2600.000
11
626.000
21
-433.323
31
2600.000
0
LINE
8
GRADE-FINISHED
10
676.508
20
-432.000
30
2600.000
11
677.194
21
-434.000
31
2600.000
0
LINE
8
GRADE-FINISHED
10
626.571
20
-434.000
30
2600.000
11
627.679
21
-436.000
31
2600.000
0
LINE
8
GRADE-FINISHED
10
677.194
20
-434.000
30
2600.000
11
677.871
21
-436.000
31
2600.000
0
LINE
8
GRADE-FINISHED
10
627.679
20
-436.000
30
2600.000
11
628.000
21
-436.207
31
2600.000
0
LINE
8
GRADE-FINISHED
10
630.000
20
-436.247
30
2600.000
11
628.000
21
-436.207
31
2600.000
0
LINE
8
GRADE-FINISHED
10
632.000
20
-437.039
30
2600.000
11
630.000
21
-436.247
31
2600.000
0
LINE
8
GRADE-FINISHED
10
634.000
20
-437.852
30
2600.000
11
632.000
21
-437.039
31
2600.000
0
LINE
8
GRADE-FINISHED
10
634.130
20
-438.000
30
2600.000
11
634.000
21
-437.852
31
2600.000
0
LINE
8
GRADE-FINISHED
10
677.871
20
-436.000
30
2600.000
11
678.000
21
-436.381
31
2600.000
0
LINE
8
GRADE-FINISHED
10
678.540
20
-438.000
30
2600.000
11
678.000
21
-436.381
31
2600.000
0
LINE
8
GRADE-FINISHED
10
682.000
20
-436.000
30
2600.000
11
682.000
21
-436.000
31
2600.000
0
LINE
8
GRADE-FINISHED
10
634.130
20
-438.000
30
2600.000
11
634.924
21
-440.000
31
2600.000
0
LINE
8
GRADE-FINISHED
10
678.540
20
-438.000
30
2600.000
11
679.206
21
-440.000
31
2600.000
0
LINE
8
GRADE-FINISHED
10
634.924
20
-440.000
30
2600.000
11
636.000
21
-441.901
31
2600.000
0
LINE
8
GRADE-FINISHED
10
636.067
20
-442.000
30
2600.000
11
636.000
21
-441.901
31
2600.000
0
LINE
8
GRADE-FINISHED
10
679.206
20
-440.000
30
2600.000
11
679.903
21
-442.000
31
2600.000
0
LINE
8
GRADE-FINISHED
10
636.067
20
-442.000
30
2600.000
11
636.884
21
-444.000
31
2600.000
0
LINE
8
GRADE-FINISHED
10
679.903
20
-442.000
30
2600.000
11
680.000
21
-442.286
31
2600.000
0
LINE
8
GRADE-FINISHED
10
680.571
20
-444.000
30
2600.000
11
680.000
21
-442.286
31
2600.000
0
LINE
8
GRADE-FINISHED
10
636.884
20
-444.000
30
2600.000
11
638.000
21
-445.972
31
2600.000
0
LINE
8
GRADE-FINISHED
10
638.018
20
-446.000
30
2600.000
11
638.000
21
-445.972
31
2600.000
0
LINE
8
GRADE-FINISHED
10
680.571
20
-444.000
30
2600.000
11
681.238
21
-446.000
31
2600.000
0
LINE
8
GRADE-FINISHED
10
638.018
20
-446.000
30
2600.000
11
639.944
21
-448.000
31
2600.000
0
LINE
8
GRADE-FINISHED
10
681.238
20
-446.000
30
2600.000
11
681.935
21
-448.000
31
2600.000
0
LINE
8
GRADE-FINISHED
10
639.944
20
-448.000
30
2600.000
11
640.000
21
-448.058
31
2600.000
0
LINE
8
GRADE-FINISHED
10
640.804
20
-450.000
30
2600.000
11
640.000
21
-448.058
31
2600.000
0
LINE
8
GRADE-FINISHED
10
681.935
20
-448.000
30
2600.000
11
682.000
21
-448.190
31
2600.000
0
LINE
8
GRADE-FINISHED
10
682.603
20
-450.000
30
2600.000
11
682.000
21
-448.190
31
2600.000
0
LINE
8
GRADE-FINISHED
10
640.804
20
-450.000
30
2600.000
11
641.924
21
-452.000
31
2600.000
0
LINE
8
GRADE-FINISHED
10
682.603
20
-450.000
30
2600.000
11
683.270
21
-452.000
31
2600.000
0
LINE
8
GRADE-FINISHED
10
641.924
20
-452.000
30
2600.000
11
642.000
21
-452.155
31
2600.000
0
LINE
8
GRADE-FINISHED
10
642.764
20
-454.000
30
2600.000
11
642.000
21
-452.155
31
2600.000
0
LINE
8
GRADE-FINISHED
10
683.270
20
-452.000
30
2600.000
11
683.937
21
-454.000
31
2600.000
0
LINE
8
GRADE-FINISHED
10
642.764
20
-454.000
30
2600.000
11
643.877
21
-456.000
31
2600.000
0
LINE
8
GRADE-FINISHED
10
683.937
20
-454.000
30
2600.000
11
684.000
21
-454.182
31
2600.000
0
LINE
8
GRADE-FINISHED
10
684.635
20
-456.000
30
2600.000
11
684.000
21
-454.182
31
2600.000
0
LINE
8
GRADE-FINISHED
10
643.877
20
-456.000
30
2600.000
11
644.000
21
-456.251
31
2600.000
0
LINE
8
GRADE-FINISHED
10
645.668
20
-458.000
30
2600.000
11
644.000
21
-456.251
31
2600.000
0
LINE
8
GRADE-FINISHED
10
684.635
20
-456.000
30
2600.000
11
685.302
21
-458.000
31
2600.000
0
LINE
8
GRADE-FINISHED
10
645.668
20
-458.000
30
2600.000
11
646.000
21
-458.348
31
2600.000
0
LINE
8
GRADE-FINISHED
10
646.684
20
-460.000
30
2600.000
11
646.000
21
-458.348
31
2600.000
0
LINE
8
GRADE-FINISHED
10
685.302
20
-458.000
30
2600.000
11
685.968
21
-460.000
31
2600.000
0
LINE
8
GRADE-FINISHED
10
646.684
20
-460.000
30
2600.000
11
647.783
21
-462.000
31
2600.000
0
LINE
8
GRADE-FINISHED
10
685.968
20
-460.000
30
2600.000
11
686.000
21
-460.091
31
2600.000
0
LINE
8
GRADE-FINISHED
10
686.667
20
-462.000
30
2600.000
11
686.000
21
-460.091
31
2600.000
0
LINE
8
GRADE-FINISHED
10
647.783
20
-462.000
30
2600.000
11
648.000
21
-462.445
31
2600.000
0
LINE
8
GRADE-FINISHED
10
648.644
20
-464.000
30
2600.000
11
648.000
21
-462.445
31
2600.000
0
LINE
8
GRADE-FINISHED
10
686.667
20
-462.000
30
2600.000
11
687.333
21
-464.000
31
2600.000
0
LINE
8
GRADE-FINISHED
10
648.644
20
-464.000
30
2600.000
11
649.736
21
-466.000
31
2600.000
0
LINE
8
GRADE-FINISHED
10
687.333
20
-464.000
30
2600.000
11
688.000
21
-466.000
31
2600.000
0
LINE
8
GRADE-FINISHED
10
688.000
20
-466.000
30
2600.000
11
688.000
21
-466.000
31
2600.000
0
LINE
8
GRADE-FINISHED
10
649.736
20
-466.000
30
2600.000
11
650.000
21
-466.541
31
2600.000
0
LINE
8
GRADE-FINISHED
10
650.604
20
-468.000
30
2600.000
11
650.000
21
-466.541
31
2600.000
0
LINE
8
GRADE-FINISHED
10
688.000
20
-466.000
30
2600.000
11
688.677
21
-468.000
31
2600.000
0
LINE
8
GRADE-FINISHED
10
650.604
20
-468.000
30
2600.000
11
651.689
21
-470.000
31
2600.000
0
LINE
8
GRADE-FINISHED
10
688.677
20
-468.000
30
2600.000
11
689.365
21
-470.000
31
2600.000
0
LINE
8
GRADE-FINISHED
10
651.689
20
-470.000
30
2600.000
11
652.000
21
-470.638
31
2600.000
0
LINE
8
GRADE-FINISHED
10
653.300
20
-472.000
30
2600.000
11
652.000
21
-470.638
31
2600.000
0
LINE
8
GRADE-FINISHED
10
689.365
20
-470.000
30
2600.000
11
690.000
21
-471.905
31
2600.000
0
LINE
8
GRADE-FINISHED
10
690.032
20
-472.000
30
2600.000
11
690.000
21
-471.905
31
2600.000
0
LINE
8
GRADE-FINISHED
10
653.300
20
-472.000
30
2600.000
11
654.000
21
-472.734
31
2600.000
0
LINE
8
GRADE-FINISHED
10
654.524
20
-474.000
30
2600.000
11
654.000
21
-472.734
31
2600.000
0
LINE
8
GRADE-FINISHED
10
690.032
20
-472.000
30
2600.000
11
690.710
21
-474.000
31
2600.000
0
LINE
8
GRADE-FINISHED
10
654.524
20
-474.000
30
2600.000
11
655.594
21
-476.000
31
2600.000
0
LINE
8
GRADE-FINISHED
10
690.710
20
-474.000
30
2600.000
11
691.387
21
-476.000
31
2600.000
0
LINE
8
GRADE-FINISHED
10
655.594
20
-476.000
30
2600.000
11
656.000
21
-476.831
31
2600.000
0
LINE
8
GRADE-FINISHED
10
656.484
20
-478.000
30
2600.000
11
656.000
21
-476.831
31
2600.000
0
LINE
8
GRADE-FINISHED
10
691.387
20
-476.000
30
2600.000
11
692.000
21
-477.810
31
2600.000
0
LINE
8
GRADE-FINISHED
10
692.063
20
-478.000
30
2600.000
11
692.000
21
-477.810
31
2600.000
0
LINE
8
GRADE-FINISHED
10
656.484
20
-478.000
30
2600.000
11
657.547
21
-480.000
31
2600.000
0
LINE
8
GRADE-FINISHED
10
692.063
20
-478.000
30
2600.000
11
692.730
21
-480.000
31
2600.000
0
LINE
8
GRADE-FINISHED
10
657.547
20
-480.000
30
2600.000
11
658.000
21
-480.927
31
2600.000
0
LINE
8
GRADE-FINISHED
10
659.023
20
-482.000
30
2600.000
11
658.000
21
-480.927
31
2600.000
0
LINE
8
GRADE-FINISHED
10
692.730
20
-480.000
30
2600.000
11
693.419
21
-482.000
31
2600.000
0
LINE
8
GRADE-FINISHED
10
659.023
20
-482.000
30
2600.000
11
660.000
21
-483.024
31
2600.000
0
LINE
8
GRADE-FINISHED
10
660.404
20
-484.000
30
2600.000
11
660.000
21
-483.024
31
2600.000
0
LINE
8
GRADE-FINISHED
10
693.419
20
-482.000
30
2600.000
11
694.000
21
-483.714
31
2600.000
0
LINE
8
GRADE-FINISHED
10
694.095
20
-484.000
30
2600.000
11
694.000
21
-483.714
31
2600.000
0
LINE
8
GRADE-FINISHED
10
660.404
20
-484.000
30
2600.000
11
661.689
21
-486.000
31
2600.000
0
LINE
8
GRADE-FINISHED
10
694.095
20
-484.000
30
2600.000
11
694.762
21
-486.000
31
2600.000
0
LINE
8
GRADE-FINISHED
10
661.689
20
-486.000
30
2600.000
11
662.000
21
-486.548
31
2600.000
0
LINE
8
GRADE-FINISHED
10
662.601
20
-488.000
30
2600.000
11
662.000
21
-486.548
31
2600.000
0
LINE
8
GRADE-FINISHED
10
694.762
20
-486.000
30
2600.000
11
695.452
21
-488.000
31
2600.000
0
LINE
8
GRADE-FINISHED
10
662.601
20
-488.000
30
2600.000
11
663.812
21
-490.000
31
2600.000
0
LINE
8
GRADE-FINISHED
10
695.452
20
-488.000
30
2600.000
11
696.000
21
-489.619
31
2600.000
0
LINE
8
GRADE-FINISHED
10
696.127
20
-490.000
30
2600.000
11
696.000
21
-489.619
31
2600.000
0
LINE
8
GRADE-FINISHED
10
663.812
20
-490.000
30
2600.000
11
664.000
21
-490.358
31
2600.000
0
LINE
8
GRADE-FINISHED
10
665.615
20
-492.000
30
2600.000
11
664.000
21
-490.358
31
2600.000
0
LINE
8
GRADE-FINISHED
10
696.127
20
-490.000
30
2600.000
11
696.794
21
-492.000
31
2600.000
0
LINE
8
GRADE-FINISHED
10
665.615
20
-492.000
30
2600.000
11
666.000
21
-492.391
31
2600.000
0
LINE
8
GRADE-FINISHED
10
666.666
20
-494.000
30
2600.000
11
666.000
21
-492.391
31
2600.000
0
LINE
8
GRADE-FINISHED
10
696.794
20
-492.000
30
2600.000
11
697.370
21
-494.000
31
2600.000
0
LINE
8
GRADE-FINISHED
10
666.666
20
-494.000
30
2600.000
11
667.880
21
-496.000
31
2600.000
0
LINE
8
GRADE-FINISHED
10
697.370
20
-494.000
30
2600.000
11
698.000
21
-495.545
31
2600.000
0
LINE
8
GRADE-FINISHED
10
698.159
20
-496.000
30
2600.000
11
698.000
21
-495.545
31
2600.000
0
LINE
8
GRADE-FINISHED
10
667.880
20
-496.000
30
2600.000
11
668.000
21
-496.230
31
2600.000
0
LINE
8
GRADE-FINISHED
10
668.733
20
-498.000
30
2600.000
11
668.000
21
-496.230
31
2600.000
0
LINE
8
GRADE-FINISHED
10
698.159
20
-496.000
30
2600.000
11
698.825
21
-498.000
31
2600.000
0
LINE
8
GRADE-FINISHED
10
668.733
20
-498.000
30
2600.000
11
669.970
21
-500.000
31
2600.000
0
LINE
8
GRADE-FINISHED
10
698.825
20
-498.000
30
2600.000
11
699.256
21
-500.000
31
2600.000
0
LINE
8
GRADE-FINISHED
10
669.970
20
-500.000
30
2600.000
11
670.000
21
-500.058
31
2600.000
0
LINE
8
GRADE-FINISHED
10
671.823
20
-502.000
30
2600.000
11
670.000
21
-500.058
31
2600.000
0
LINE
8
GRADE-FINISHED
10
699.256
20
-500.000
30
2600.000
11
700.000
21
-501.455
31
2600.000
0
LINE
8
GRADE-FINISHED
10
700.190
20
-502.000
30
2600.000
11
700.000
21
-501.455
31
2600.000
0
LINE
8
GRADE-FINISHED
10
671.823
20
-502.000
30
2600.000
11
672.000
21
-502.189
31
2600.000
0
LINE
8
GRADE-FINISHED
10
672.750
20
-504.000
30
2600.000
11
672.000
21
-502.189
31
2600.000
0
LINE
8
GRADE-FINISHED
10
688.000
20
-502.667
30
2600.000
11
687.923
21
-504.000
31
2600.000
0
LINE
8
GRADE-FINISHED
10
688.667
20
-504.000
30
2600.000
11
688.000
21
-502.667
31
2600.000
0
LINE
8
GRADE-FINISHED
10
700.190
20
-502.000
30
2600.000
11
700.714
21
-504.000
31
2600.000
0
LINE
8
GRADE-FINISHED
10
672.750
20
-504.000
30
2600.000
11
673.983
21
-506.000
31
2600.000
0
LINE
8
GRADE-FINISHED
10
687.923
20
-504.000
30
2600.000
11
687.818
21
-506.000
31
2600.000
0
LINE
8
GRADE-FINISHED
10
688.667
20
-504.000
30
2600.000
11
689.667
21
-506.000
31
2600.000
0
LINE
8
GRADE-FINISHED
10
700.714
20
-504.000
30
2600.000
11
701.062
21
-506.000
31
2600.000
0
LINE
8
GRADE-FINISHED
10
673.983
20
-506.000
30
2600.000
11
674.000
21
-506.032
31
2600.000
0
LINE
8
GRADE-FINISHED
10
674.815
20
-508.000
30
2600.000
11
674.000
21
-506.032
31
2600.000
0
LINE
8
GRADE-FINISHED
10
687.818
20
-506.000
30
2600.000
11
687.709
21
-508.000
31
2600.000
0
LINE
8
GRADE-FINISHED
10
689.667
20
-506.000
30
2600.000
11
690.000
21
-506.667
31
2600.000
0
LINE
8
GRADE-FINISHED
10
690.667
20
-508.000
30
2600.000
11
690.000
21
-506.667
31
2600.000
0
LINE
8
GRADE-FINISHED
10
701.062
20
-506.000
30
2600.000
11
702.000
21
-507.429
31
2600.000
0
LINE
8
GRADE-FINISHED
10
702.194
20
-508.000
30
2600.000
11
702.000
21
-507.429
31
2600.000
0
LINE
8
GRADE-FINISHED
10
674.815
20
-508.000
30
2600.000
11
676.000
21
-509.910
31
2600.000
0
LINE
8
GRADE-FINISHED
10
676.056
20
-510.000
30
2600.000
11
676.000
21
-509.910
31
2600.000
0
LINE
8
GRADE-FINISHED
10
687.709
20
-508.000
30
2600.000
11
687.835
21
-510.000
31
2600.000
0
LINE
8
GRADE-FINISHED
10
690.667
20
-508.000
30
2600.000
11
691.667
21
-510.000
31
2600.000
0
LINE
8
GRADE-FINISHED
10
702.194
20
-508.000
30
2600.000
11
702.444
21
-510.000
31
2600.000
0
LINE
8
GRADE-FINISHED
10
676.056
20
-510.000
30
2600.000
11
676.884
21
-512.000
31
2600.000
0
LINE
8
GRADE-FINISHED
10
687.835
20
-510.000
30
2600.000
11
688.000
21
-511.125
31
2600.000
0
LINE
8
GRADE-FINISHED
10
688.609
20
-512.000
30
2600.000
11
688.000
21
-511.125
31
2600.000
0
LINE
8
GRADE-FINISHED
10
691.667
20
-510.000
30
2600.000
11
692.000
21
-510.667
31
2600.000
0
LINE
8
GRADE-FINISHED
10
692.727
20
-512.000
30
2600.000
11
692.000
21
-510.667
31
2600.000
0
LINE
8
GRADE-FINISHED
10
702.444
20
-510.000
30
2600.000
11
702.600
21
-512.000
31
2600.000
0
LINE
8
GRADE-FINISHED
10
676.884
20
-512.000
30
2600.000
11
678.000
21
-513.794
31
2600.000
0
LINE
8
GRADE-FINISHED
10
678.128
20
-514.000
30
2600.000
11
678.000
21
-513.794
31
2600.000
0
LINE
8
GRADE-FINISHED
10
688.609
20
-512.000
30
2600.000
11
689.000
21
-514.000
31
2600.000
0
LINE
8
GRADE-FINISHED
10
692.727
20
-512.000
30
2600.000
11
693.667
21
-514.000
31
2600.000
0
LINE
8
GRADE-FINISHED
10
702.600
20
-512.000
30
2600.000
11
704.000
21
-513.647
31
2600.000
0
LINE
8
GRADE-FINISHED
10
704.103
20
-514.000
30
2600.000
11
704.000
21
-513.647
31
2600.000
0
LINE
8
GRADE-FINISHED
10
678.128
20
-514.000
30
2600.000
11
680.000
21
-515.958
31
2600.000
0
LINE
8
GRADE-FINISHED
10
680.040
20
-516.000
30
2600.000
11
680.000
21
-515.958
31
2600.000
0
LINE
8
GRADE-FINISHED
10
689.000
20
-514.000
30
2600.000
11
689.159
21
-516.000
31
2600.000
0
LINE
8
GRADE-FINISHED
10
693.667
20
-514.000
30
2600.000
11
694.000
21
-514.667
31
2600.000
0
LINE
8
GRADE-FINISHED
10
696.000
20
-516.000
30
2600.000
11
694.000
21
-514.667
31
2600.000
0
LINE
8
GRADE-FINISHED
10
704.103
20
-514.000
30
2600.000
11
704.000
21
-516.000
31
2600.000
0
LINE
8
GRADE-FINISHED
10
680.040
20
-516.000
30
2600.000
11
680.868
21
-518.000
31
2600.000
0
LINE
8
GRADE-FINISHED
10
689.159
20
-516.000
30
2600.000
11
689.231
21
-518.000
31
2600.000
0
LINE
8
GRADE-FINISHED
10
696.000
20
-516.000
30
2600.000
11
696.000
21
-516.000
31
2600.000
0
LINE
8
GRADE-FINISHED
10
698.000
20
-516.000
30
2600.000
11
696.000
21
-516.000
31
2600.000
0
LINE
8
GRADE-FINISHED
10
700.000
20
-516.000
30
2600.000
11
698.000
21
-516.000
31
2600.000
0
LINE
8
GRADE-FINISHED
10
702.000
20
-516.000
30
2600.000
11
700.000
21
-516.000
31
2600.000
0
LINE
8
GRADE-FINISHED
10
704.000
20
-516.000
30
2600.000
11
702.000
21
-516.000
31
2600.000
0
LINE
8
GRADE-FINISHED
10
704.000
20
-516.000
30
2600.000
11
704.000
21
-516.000
31
2600.000
0
LINE
8
GRADE-FINISHED
10
680.868
20
-518.000
30
2600.000
11
682.000
21
-519.824
31
2600.000
0
LINE
8
GRADE-FINISHED
10
682.109
20
-520.000
30
2600.000
11
682.000
21
-519.824
31
2600.000
0
LINE
8
GRADE-FINISHED
10
689.231
20
-518.000
30
2600.000
11
689.281
21
-520.000
31
2600.000
0
LINE
8
GRADE-FINISHED
10
682.109
20
-520.000
30
2600.000
11
682.937
21
-522.000
31
2600.000
0
LINE
8
GRADE-FINISHED
10
689.281
20
-520.000
30
2600.000
11
689.309
21
-522.000
31
2600.000
0
LINE
8
GRADE-FINISHED
10
682.937
20
-522.000
30
2600.000
11
684.000
21
-523.709
31
2600.000
0
LINE
8
GRADE-FINISHED
10
684.181
20
-524.000
30
2600.000
11
684.000
21
-523.709
31
2600.000
0
LINE
8
GRADE-FINISHED
10
689.309
20
-522.000
30
2600.000
11
689.307
21
-524.000
31
2600.000
0
LINE
8
GRADE-FINISHED
10
684.181
20
-524.000
30
2600.000
11
686.000
21
-525.921
31
2600.000
0
LINE
8
GRADE-FINISHED
10
686.075
20
-526.000
30
2600.000
11
686.000
21
-525.921
31
2600.000
0
LINE
8
GRADE-FINISHED
10
689.307
20
-524.000
30
2600.000
11
689.383
21
-526.000
31
2600.000
0
LINE
8
GRADE-FINISHED
10
686.075
20
-526.000
30
2600.000
11
686.903
21
-528.000
31
2600.000
0
LINE
8
GRADE-FINISHED
10
689.383
20
-526.000
30
2600.000
11
689.340
21
-528.000
31
2600.000
0
LINE
8
GRADE-FINISHED
10
686.903
20
-528.000
30
2600.000
11
688.000
21
-529.590
31
2600.000
0
LINE
8
GRADE-FINISHED
10
689.340
20
-528.000
30
2600.000
11
688.000
21
-529.590
31
2600.000
0
LINE
8
GRADE-FINISHED
10
690.000
20
-531.250
30
2600.000
11
689.805
21
-532.000
31
2600.000
0
LINE
8
GRADE-FINISHED
10
690.169
20
-532.000
30
2600.000
11
690.000
21
-531.250
31
2600.000
0
LINE
8
GRADE-FINISHED
10
689.805
20
-532.000
30
2600.000
11
690.000
21
-532.518
31
2600.000
0
LINE
8
GRADE-FINISHED
10
690.169
20
-532.000
30
2600.000
11
690.000
21
-532.518
31
2600.000
0
LINE
8
GRADE-FINISHED
10
710.000
20
-658.000
30
2600.000
11
710.000
21
-658.000
31
2600.000
0
LINE
8
GRADE-FINISHED
10
710.000
20
-658.000
30
2600.000
11
710.000
21
-658.000
31
2600.000
0
LINE
8
GRADE-FINISHED
10
710.000
20
-658.000
30
2600.000
11
710.000
21
-658.000
31
2600.000
0
LINE
8
GRADE-FINISHED
10
710.000
20
-658.000
30
2600.000
11
710.000
21
-658.000
31
2600.000
0
LINE
8
GRADE-FINISHED
10
593.368
20
-380.000
30
2601.000
11
592.833
21
-382.000
31
2601.000
0
LINE
8
GRADE-FINISHED
10
613.500
20
-380.000
30
2601.000
11
614.000
21
-380.111
31
2601.000
0
LINE
8
GRADE-FINISHED
10
615.000
20
-380.000
30
2601.000
11
614.000
21
-380.111
31
2601.000
0
LINE
8
GRADE-FINISHED
10
618.800
20
-380.000
30
2601.000
11
620.000
21
-380.857
31
2601.000
0
LINE
8
GRADE-FINISHED
10
621.600
20
-382.000
30
2601.000
11
620.000
21
-380.857
31
2601.000
0
LINE
8
GRADE-FINISHED
10
586.000
20
-384.000
30
2601.000
11
586.000
21
-384.000
31
2601.000
0
LINE
8
GRADE-FINISHED
10
588.000
20
-384.000
30
2601.000
11
586.000
21
-384.000
31
2601.000
0
LINE
8
GRADE-FINISHED
10
588.000
20
-384.000
30
2601.000
11
588.000
21
-384.000
31
2601.000
0
LINE
8
GRADE-FINISHED
10
592.833
20
-382.000
30
2601.000
11
592.182
21
-384.000
31
2601.000
0
LINE
8
GRADE-FINISHED
10
621.600
20
-382.000
30
2601.000
11
622.000
21
-382.267
31
2601.000
0
LINE
8
GRADE-FINISHED
10
624.000
20
-383.600
30
2601.000
11
622.000
21
-382.267
31
2601.000
0
LINE
8
GRADE-FINISHED
10
624.600
20
-384.000
30
2601.000
11
624.000
21
-383.600
31
2601.000
0
LINE
8
GRADE-FINISHED
10
584.000
20
-386.000
30
2601.000
11
584.000
21
-386.000
31
2601.000
0
LINE
8
GRADE-FINISHED
10
586.000
20
-384.000
30
2601.000
11
584.000
21
-386.000
31
2601.000
0
LINE
8
GRADE-FINISHED
10
588.000
20
-384.000
30
2601.000
11
590.000
21
-386.000
31
2601.000
0
LINE
8
GRADE-FINISHED
10
592.000
20
-386.000
30
2601.000
11
590.000
21
-386.000
31
2601.000
0
LINE
8
GRADE-FINISHED
10
592.182
20
-384.000
30
2601.000
11
592.000
21
-386.000
31
2601.000
0
LINE
8
GRADE-FINISHED
10
624.600
20
-384.000
30
2601.000
11
626.000
21
-384.933
31
2601.000
0
LINE
8
GRADE-FINISHED
10
627.455
20
-386.000
30
2601.000
11
626.000
21
-384.933
31
2601.000
0
LINE
8
GRADE-FINISHED
10
584.000
20
-386.000
30
2601.000
11
584.000
21
-388.000
31
2601.000
0
LINE
8
GRADE-FINISHED
10
627.455
20
-386.000
30
2601.000
11
628.000
21
-386.400
31
2601.000
0
LINE
8
GRADE-FINISHED
10
630.000
20
-387.733
30
2601.000
11
628.000
21
-386.400
31
2601.000
0
LINE
8
GRADE-FINISHED
10
630.400
20
-388.000
30
2601.000
11
630.000
21
-387.733
31
2601.000
0
LINE
8
GRADE-FINISHED
10
584.000
20
-388.000
30
2601.000
11
584.000
21
-390.000
31
2601.000
0
LINE
8
GRADE-FINISHED
10
630.400
20
-388.000
30
2601.000
11
632.000
21
-389.067
31
2601.000
0
LINE
8
GRADE-FINISHED
10
633.400
20
-390.000
30
2601.000
11
632.000
21
-389.067
31
2601.000
0
LINE
8
GRADE-FINISHED
10
584.000
20
-390.000
30
2601.000
11
584.000
21
-392.000
31
2601.000
0
LINE
8
GRADE-FINISHED
10
633.400
20
-390.000
30
2601.000
11
634.000
21
-390.400
31
2601.000
0
LINE
8
GRADE-FINISHED
10
636.000
20
-391.857
30
2601.000
11
634.000
21
-390.400
31
2601.000
0
LINE
8
GRADE-FINISHED
10
636.200
20
-392.000
30
2601.000
11
636.000
21
-391.857
31
2601.000
0
LINE
8
GRADE-FINISHED
10
584.000
20
-392.000
30
2601.000
11
584.000
21
-394.000
31
2601.000
0
LINE
8
GRADE-FINISHED
10
636.200
20
-392.000
30
2601.000
11
638.000
21
-393.200
31
2601.000
0
LINE
8
GRADE-FINISHED
10
639.200
20
-394.000
30
2601.000
11
638.000
21
-393.200
31
2601.000
0
LINE
8
GRADE-FINISHED
10
584.000
20
-394.000
30
2601.000
11
584.000
21
-394.000
31
2601.000
0
LINE
8
GRADE-FINISHED
10
586.000
20
-395.778
30
2601.000
11
584.000
21
-394.000
31
2601.000
0
LINE
8
GRADE-FINISHED
10
586.250
20
-396.000
30
2601.000
11
586.000
21
-395.778
31
2601.000
0
LINE
8
GRADE-FINISHED
10
639.200
20
-394.000
30
2601.000
11
640.000
21
-394.533
31
2601.000
0
LINE
8
GRADE-FINISHED
10
642.000
20
-395.800
30
2601.000
11
640.000
21
-394.533
31
2601.000
0
LINE
8
GRADE-FINISHED
10
642.500
20
-396.000
30
2601.000
11
642.000
21
-395.800
31
2601.000
0
LINE
8
GRADE-FINISHED
10
586.250
20
-396.000
30
2601.000
11
588.000
21
-397.000
31
2601.000
0
LINE
8
GRADE-FINISHED
10
589.750
20
-398.000
30
2601.000
11
588.000
21
-397.000
31
2601.000
0
LINE
8
GRADE-FINISHED
10
642.500
20
-396.000
30
2601.000
11
644.000
21
-398.000
31
2601.000
0
LINE
8
GRADE-FINISHED
10
646.000
20
-398.000
30
2601.000
11
644.000
21
-398.000
31
2601.000
0
LINE
8
GRADE-FINISHED
10
648.000
20
-398.000
30
2601.000
11
646.000
21
-398.000
31
2601.000
0
LINE
8
GRADE-FINISHED
10
648.000
20
-398.000
30
2601.000
11
648.000
21
-398.000
31
2601.000
0
LINE
8
GRADE-FINISHED
10
589.750
20
-398.000
30
2601.000
11
590.000
21
-398.143
31
2601.000
0
LINE
8
GRADE-FINISHED
10
592.000
20
-399.333
30
2601.000
11
590.000
21
-398.143
31
2601.000
0
LINE
8
GRADE-FINISHED
10
593.250
20
-400.000
30
2601.000
11
592.000
21
-399.333
31
2601.000
0
LINE
8
GRADE-FINISHED
10
648.000
20
-398.000
30
2601.000
11
650.000
21
-400.000
31
2601.000
0
LINE
8
GRADE-FINISHED
10
650.000
20
-400.000
30
2601.000
11
650.000
21
-400.000
31
2601.000
0
LINE
8
GRADE-FINISHED
10
593.250
20
-400.000
30
2601.000
11
594.000
21
-400.429
31
2601.000
0
LINE
8
GRADE-FINISHED
10
596.000
20
-401.600
30
2601.000
11
594.000
21
-400.429
31
2601.000
0
LINE
8
GRADE-FINISHED
10
596.667
20
-402.000
30
2601.000
11
596.000
21
-401.600
31
2601.000
0
LINE
8
GRADE-FINISHED
10
650.000
20
-400.000
30
2601.000
11
652.000
21
-402.000
31
2601.000
0
LINE
8
GRADE-FINISHED
10
652.000
20
-402.000
30
2601.000
11
652.000
21
-402.000
31
2601.000
0
LINE
8
GRADE-FINISHED
10
596.667
20
-402.000
30
2601.000
11
598.000
21
-402.800
31
2601.000
0
LINE
8
GRADE-FINISHED
10
600.000
20
-404.000
30
2601.000
11
598.000
21
-402.800
31
2601.000
0
LINE
8
GRADE-FINISHED
10
652.000
20
-402.000
30
2601.000
11
652.000
21
-404.000
31
2601.000
0
LINE
8
GRADE-FINISHED
10
600.000
20
-404.000
30
2601.000
11
600.000
21
-404.000
31
2601.000
0
LINE
8
GRADE-FINISHED
10
602.000
20
-404.800
30
2601.000
11
600.000
21
-404.000
31
2601.000
0
LINE
8
GRADE-FINISHED
10
603.800
20
-406.000
30
2601.000
11
602.000
21
-404.800
31
2601.000
0
LINE
8
GRADE-FINISHED
10
652.000
20
-404.000
30
2601.000
11
654.000
21
-406.000
31
2601.000
0
LINE
8
GRADE-FINISHED
10
654.000
20
-406.000
30
2601.000
11
654.000
21
-406.000
31
2601.000
0
LINE
8
GRADE-FINISHED
10
603.800
20
-406.000
30
2601.000
11
604.000
21
-406.143
31
2601.000
0
LINE
8
GRADE-FINISHED
10
606.000
20
-407.538
30
2601.000
11
604.000
21
-406.143
31
2601.000
0
LINE
8
GRADE-FINISHED
10
606.600
20
-408.000
30
2601.000
11
606.000
21
-407.538
31
2601.000
0
LINE
8
GRADE-FINISHED
10
654.000
20
-406.000
30
2601.000
11
654.000
21
-408.000
31
2601.000
0
LINE
8
GRADE-FINISHED
10
606.600
20
-408.000
30
2601.000
11
608.000
21
-409.077
31
2601.000
0
LINE
8
GRADE-FINISHED
10
609.200
20
-410.000
30
2601.000
11
608.000
21
-409.077
31
2601.000
0
LINE
8
GRADE-FINISHED
10
654.000
20
-408.000
30
2601.000
11
656.000
21
-410.000
31
2601.000
0
LINE
8
GRADE-FINISHED
10
656.000
20
-410.000
30
2601.000
11
656.000
21
-410.000
31
2601.000
0
LINE
8
GRADE-FINISHED
10
609.200
20
-410.000
30
2601.000
11
610.000
21
-410.800
31
2601.000
0
LINE
8
GRADE-FINISHED
10
611.000
20
-412.000
30
2601.000
11
610.000
21
-410.800
31
2601.000
0
LINE
8
GRADE-FINISHED
10
656.000
20
-410.000
30
2601.000
11
658.000
21
-412.000
31
2601.000
0
LINE
8
GRADE-FINISHED
10
658.000
20
-412.000
30
2601.000
11
658.000
21
-412.000
31
2601.000
0
LINE
8
GRADE-FINISHED
10
611.000
20
-412.000
30
2601.000
11
612.000
21
-413.200
31
2601.000
0
LINE
8
GRADE-FINISHED
10
612.800
20
-414.000
30
2601.000
11
612.000
21
-413.200
31
2601.000
0
LINE
8
GRADE-FINISHED
10
658.000
20
-412.000
30
2601.000
11
658.000
21
-414.000
31
2601.000
0
LINE
8
GRADE-FINISHED
10
612.800
20
-414.000
30
2601.000
11
614.000
21
-415.000
31
2601.000
0
LINE
8
GRADE-FINISHED
10
615.091
20
-416.000
30
2601.000
11
614.000
21
-415.000
31
2601.000
0
LINE
8
GRADE-FINISHED
10
658.000
20
-414.000
30
2601.000
11
660.000
21
-416.000
31
2601.000
0
LINE
8
GRADE-FINISHED
10
660.000
20
-416.000
30
2601.000
11
660.000
21
-416.000
31
2601.000
0
LINE
8
GRADE-FINISHED
10
615.091
20
-416.000
30
2601.000
11
616.000
21
-416.833
31
2601.000
0
LINE
8
GRADE-FINISHED
10
617.167
20
-418.000
30
2601.000
11
616.000
21
-416.833
31
2601.000
0
LINE
8
GRADE-FINISHED
10
660.000
20
-416.000
30
2601.000
11
660.000
21
-418.000
31
2601.000
0
LINE
8
GRADE-FINISHED
10
617.167
20
-418.000
30
2601.000
11
618.000
21
-418.588
31
2601.000
0
LINE
8
GRADE-FINISHED
10
620.000
20
-419.000
30
2601.000
11
618.000
21
-418.588
31
2601.000
0
LINE
8
GRADE-FINISHED
10
622.000
20
-419.412
30
2601.000
11
620.000
21
-419.000
31
2601.000
0
LINE
8
GRADE-FINISHED
10
624.000
20
-419.765
30
2601.000
11
622.000
21
-419.412
31
2601.000
0
LINE
8
GRADE-FINISHED
10
625.333
20
-420.000
30
2601.000
11
624.000
21
-419.765
31
2601.000
0
LINE
8
GRADE-FINISHED
10
660.000
20
-418.000
30
2601.000
11
662.000
21
-420.000
31
2601.000
0
LINE
8
GRADE-FINISHED
10
662.000
20
-420.000
30
2601.000
11
662.000
21
-420.000
31
2601.000
0
LINE
8
GRADE-FINISHED
10
625.333
20
-420.000
30
2601.000
11
626.000
21
-420.118
31
2601.000
0
LINE
8
GRADE-FINISHED
10
628.000
20
-420.556
30
2601.000
11
626.000
21
-420.118
31
2601.000
0
LINE
8
GRADE-FINISHED
10
630.000
20
-420.941
30
2601.000
11
628.000
21
-420.556
31
2601.000
0
LINE
8
GRADE-FINISHED
10
632.000
20
-421.294
30
2601.000
11
630.000
21
-420.941
31
2601.000
0
LINE
8
GRADE-FINISHED
10
634.000
20
-421.667
30
2601.000
11
632.000
21
-421.294
31
2601.000
0
LINE
8
GRADE-FINISHED
10
635.500
20
-422.000
30
2601.000
11
634.000
21
-421.667
31
2601.000
0
LINE
8
GRADE-FINISHED
10
662.000
20
-420.000
30
2601.000
11
662.000
21
-422.000
31
2601.000
0
LINE
8
GRADE-FINISHED
10
635.500
20
-422.000
30
2601.000
11
636.000
21
-422.111
31
2601.000
0
LINE
8
GRADE-FINISHED
10
638.000
20
-422.727
30
2601.000
11
636.000
21
-422.111
31
2601.000
0
LINE
8
GRADE-FINISHED
10
640.000
20
-424.000
30
2601.000
11
638.000
21
-422.727
31
2601.000
0
LINE
8
GRADE-FINISHED
10
662.000
20
-422.000
30
2601.000
11
664.000
21
-424.000
31
2601.000
0
LINE
8
GRADE-FINISHED
10
664.000
20
-424.000
30
2601.000
11
664.000
21
-424.000
31
2601.000
0
LINE
8
GRADE-FINISHED
10
640.000
20
-424.000
30
2601.000
11
640.000
21
-426.000
31
2601.000
0
LINE
8
GRADE-FINISHED
10
664.000
20
-424.000
30
2601.000
11
664.000
21
-426.000
31
2601.000
0
LINE
8
GRADE-FINISHED
10
640.000
20
-426.000
30
2601.000
11
640.000
21
-426.000
31
2601.000
0
LINE
8
GRADE-FINISHED
10
642.000
20
-428.000
30
2601.000
11
640.000
21
-426.000
31
2601.000
0
LINE
8
GRADE-FINISHED
10
664.000
20
-426.000
30
2601.000
11
666.000
21
-428.000
31
2601.000
0
LINE
8
GRADE-FINISHED
10
666.000
20
-428.000
30
2601.000
11
666.000
21
-428.000
31
2601.000
0
LINE
8
GRADE-FINISHED
10
642.000
20
-428.000
30
2601.000
11
642.000
21
-430.000
31
2601.000
0
LINE
8
GRADE-FINISHED
10
666.000
20
-428.000
30
2601.000
11
666.000
21
-430.000
31
2601.000
0
LINE
8
GRADE-FINISHED
10
642.000
20
-430.000
30
2601.000
11
642.000
21
-432.000
31
2601.000
0
LINE
8
GRADE-FINISHED
10
666.000
20
-430.000
30
2601.000
11
668.000
21
-432.000
31
2601.000
0
LINE
8
GRADE-FINISHED
10
668.000
20
-432.000
30
2601.000
11
668.000
21
-432.000
31
2601.000
0
LINE
8
GRADE-FINISHED
10
642.000
20
-432.000
30
2601.000
11
642.000
21
-434.000
31
2601.000
0
LINE
8
GRADE-FINISHED
10
668.000
20
-432.000
30
2601.000
11
670.000
21
-434.000
31
2601.000
0
LINE
8
GRADE-FINISHED
10
670.000
20
-434.000
30
2601.000
11
670.000
21
-434.000
31
2601.000
0
LINE
8
GRADE-FINISHED
10
642.000
20
-434.000
30
2601.000
11
642.000
21
-436.000
31
2601.000
0
LINE
8
GRADE-FINISHED
10
670.000
20
-434.000
30
2601.000
11
670.000
21
-436.000
31
2601.000
0
LINE
8
GRADE-FINISHED
10
642.000
20
-436.000
30
2601.000
11
642.000
21
-436.000
31
2601.000
0
LINE
8
GRADE-FINISHED
10
644.000
20
-438.000
30
2601.000
11
642.000
21
-436.000
31
2601.000
0
LINE
8
GRADE-FINISHED
10
670.000
20
-436.000
30
2601.000
11
672.000
21
-438.000
31
2601.000
0
LINE
8
GRADE-FINISHED
10
672.000
20
-438.000
30
2601.000
11
672.000
21
-438.000
31
2601.000
0
LINE
8
GRADE-FINISHED
10
644.000
20
-438.000
30
2601.000
11
644.000
21
-440.000
31
2601.000
0
LINE
8
GRADE-FINISHED
10
672.000
20
-438.000
30
2601.000
11
672.000
21
-440.000
31
2601.000
0
LINE
8
GRADE-FINISHED
10
644.000
20
-440.000
30
2601.000
11
644.000
21
-442.000
31
2601.000
0
LINE
8
GRADE-FINISHED
10
672.000
20
-440.000
30
2601.000
11
674.000
21
-442.000
31
2601.000
0
LINE
8
GRADE-FINISHED
10
674.000
20
-442.000
30
2601.000
11
674.000
21
-442.000
31
2601.000
0
LINE
8
GRADE-FINISHED
10
642.000
20
-444.000
30
2601.000
11
642.000
21
-444.000
31
2601.000
0
LINE
8
GRADE-FINISHED
10
644.000
20
-442.000
30
2601.000
11
642.000
21
-444.000
31
2601.000
0
LINE
8
GRADE-FINISHED
10
674.000
20
-442.000
30
2601.000
11
674.000
21
-444.000
31
2601.000
0
LINE
8
GRADE-FINISHED
10
642.000
20
-444.000
30
2601.000
11
642.000
21
-444.000
31
2601.000
0
LINE
8
GRADE-FINISHED
10
644.000
20
-446.000
30
2601.000
11
642.000
21
-444.000
31
2601.000
0
LINE
8
GRADE-FINISHED
10
674.000
20
-444.000
30
2601.000
11
676.000
21
-446.000
31
2601.000
0
LINE
8
GRADE-FINISHED
10
676.000
20
-446.000
30
2601.000
11
676.000
21
-446.000
31
2601.000
0
LINE
8
GRADE-FINISHED
10
642.000
20
-448.000
30
2601.000
11
642.000
21
-448.000
31
2601.000
0
LINE
8
GRADE-FINISHED
10
644.000
20
-446.000
30
2601.000
11
642.000
21
-448.000
31
2601.000
0
LINE
8
GRADE-FINISHED
10
676.000
20
-446.000
30
2601.000
11
676.000
21
-448.000
31
2601.000
0
LINE
8
GRADE-FINISHED
10
642.000
20
-448.000
30
2601.000
11
642.000
21
-448.000
31
2601.000
0
LINE
8
GRADE-FINISHED
10
644.000
20
-450.000
30
2601.000
11
642.000
21
-448.000
31
2601.000
0
LINE
8
GRADE-FINISHED
10
676.000
20
-448.000
30
2601.000
11
678.000
21
-450.000
31
2601.000
0
LINE
8
GRADE-FINISHED
10
678.000
20
-450.000
30
2601.000
11
678.000
21
-450.000
31
2601.000
0
LINE
8
GRADE-FINISHED
10
644.000
20
-450.000
30
2601.000
11
644.000
21
-452.000
31
2601.000
0
LINE
8
GRADE-FINISHED
10
678.000
20
-450.000
30
2601.000
11
680.000
21
-452.000
31
2601.000
0
LINE
8
GRADE-FINISHED
10
680.000
20
-452.000
30
2601.000
11
680.000
21
-452.000
31
2601.000
0
LINE
8
GRADE-FINISHED
10
644.000
20
-452.000
30
2601.000
11
644.000
21
-452.000
31
2601.000
0
LINE
8
GRADE-FINISHED
10
646.000
20
-454.000
30
2601.000
11
644.000
21
-452.000
31
2601.000
0
LINE
8
GRADE-FINISHED
10
680.000
20
-452.000
30
2601.000
11
680.000
21
-454.000
31
2601.000
0
LINE
8
GRADE-FINISHED
10
646.000
20
-454.000
30
2601.000
11
646.000
21
-456.000
31
2601.000
0
LINE
8
GRADE-FINISHED
10
680.000
20
-454.000
30
2601.000
11
680.000
21
-456.000
31
2601.000
0
LINE
8
GRADE-FINISHED
10
646.000
20
-456.000
30
2601.000
11
646.000
21
-456.000
31
2601.000
0
LINE
8
GRADE-FINISHED
10
648.000
20
-458.000
30
2601.000
11
646.000
21
-456.000
31
2601.000
0
LINE
8
GRADE-FINISHED
10
680.000
20
-456.000
30
2601.000
11
680.000
21
-458.000
31
2601.000
0
LINE
8
GRADE-FINISHED
10
648.000
20
-458.000
30
2601.000
11
648.000
21
-458.000
31
2601.000
0
LINE
8
GRADE-FINISHED
10
650.000
20
-460.000
30
2601.000
11
648.000
21
-458.000
31
2601.000
0
LINE
8
GRADE-FINISHED
10
680.000
20
-458.000
30
2601.000
11
680.000
21
-460.000
31
2601.000
0
LINE
8
GRADE-FINISHED
10
650.000
20
-460.000
30
2601.000
11
650.000
21
-462.000
31
2601.000
0
LINE
8
GRADE-FINISHED
10
680.000
20
-460.000
30
2601.000
11
680.000
21
-462.000
31
2601.000
0
LINE
8
GRADE-FINISHED
10
650.000
20
-462.000
30
2601.000
11
650.000
21
-462.000
31
2601.000
0
LINE
8
GRADE-FINISHED
10
652.000
20
-464.000
30
2601.000
11
650.000
21
-462.000
31
2601.000
0
LINE
8
GRADE-FINISHED
10
680.000
20
-462.000
30
2601.000
11
682.000
21
-464.000
31
2601.000
0
LINE
8
GRADE-FINISHED
10
682.000
20
-464.000
30
2601.000
11
682.000
21
-464.000
31
2601.000
0
LINE
8
GRADE-FINISHED
10
652.000
20
-464.000
30
2601.000
11
652.000
21
-466.000
31
2601.000
0
LINE
8
GRADE-FINISHED
10
682.000
20
-464.000
30
2601.000
11
682.000
21
-466.000
31
2601.000
0
LINE
8
GRADE-FINISHED
10
652.000
20
-466.000
30
2601.000
11
652.000
21
-466.000
31
2601.000
0
LINE
8
GRADE-FINISHED
10
654.000
20
-468.000
30
2601.000
11
652.000
21
-466.000
31
2601.000
0
LINE
8
GRADE-FINISHED
10
682.000
20
-466.000
30
2601.000
11
682.000
21
-468.000
31
2601.000
0
LINE
8
GRADE-FINISHED
10
654.000
20
-468.000
30
2601.000
11
654.000
21
-470.000
31
2601.000
0
LINE
8
GRADE-FINISHED
10
682.000
20
-468.000
30
2601.000
11
682.000
21
-470.000
31
2601.000
0
LINE
8
GRADE-FINISHED
10
654.000
20
-470.000
30
2601.000
11
654.000
21
-470.000
31
2601.000
0
LINE
8
GRADE-FINISHED
10
656.000
20
-472.000
30
2601.000
11
654.000
21
-470.000
31
2601.000
0
LINE
8
GRADE-FINISHED
10
682.000
20
-470.000
30
2601.000
11
682.000
21
-472.000
31
2601.000
0
LINE
8
GRADE-FINISHED
10
656.000
20
-472.000
30
2601.000
11
656.000
21
-472.000
31
2601.000
0
LINE
8
GRADE-FINISHED
10
658.000
20
-474.000
30
2601.000
11
656.000
21
-472.000
31
2601.000
0
LINE
8
GRADE-FINISHED
10
682.000
20
-472.000
30
2601.000
11
682.000
21
-474.000
31
2601.000
0
LINE
8
GRADE-FINISHED
10
658.000
20
-474.000
30
2601.000
11
658.000
21
-476.000
31
2601.000
0
LINE
8
GRADE-FINISHED
10
682.000
20
-474.000
30
2601.000
11
682.000
21
-476.000
31
2601.000
0
LINE
8
GRADE-FINISHED
10
658.000
20
-476.000
30
2601.000
11
658.000
21
-476.000
31
2601.000
0
LINE
8
GRADE-FINISHED
10
660.000
20
-478.000
30
2601.000
11
658.000
21
-476.000
31
2601.000
0
LINE
8
GRADE-FINISHED
10
682.000
20
-476.000
30
2601.000
11
682.000
21
-478.000
31
2601.000
0
LINE
8
GRADE-FINISHED
10
660.000
20
-478.000
30
2601.000
11
660.000
21
-480.000
31
2601.000
0
LINE
8
GRADE-FINISHED
10
682.000
20
-478.000
30
2601.000
11
682.000
21
-480.000
31
2601.000
0
LINE
8
GRADE-FINISHED
10
660.000
20
-480.000
30
2601.000
11
660.000
21
-480.000
31
2601.000
0
LINE
8
GRADE-FINISHED
10
662.000
20
-482.000
30
2601.000
11
660.000
21
-480.000
31
2601.000
0
LINE
8
GRADE-FINISHED
10
682.000
20
-480.000
30
2601.000
11
682.000
21
-482.000
31
2601.000
0
LINE
8
GRADE-FINISHED
10
662.000
20
-482.000
30
2601.000
11
662.000
21
-482.000
31
2601.000
0
LINE
8
GRADE-FINISHED
10
664.000
20
-484.000
30
2601.000
11
662.000
21
-482.000
31
2601.000
0
LINE
8
GRADE-FINISHED
10
682.000
20
-482.000
30
2601.000
11
684.000
21
-484.000
31
2601.000
0
LINE
8
GRADE-FINISHED
10
684.000
20
-484.000
30
2601.000
11
684.000
21
-484.000
31
2601.000
0
LINE
8
GRADE-FINISHED
10
664.000
20
-484.000
30
2601.000
11
664.000
21
-486.000
31
2601.000
0
LINE
8
GRADE-FINISHED
10
684.000
20
-484.000
30
2601.000
11
684.000
21
-486.000
31
2601.000
0
LINE
8
GRADE-FINISHED
10
664.000
20
-486.000
30
2601.000
11
664.000
21
-486.000
31
2601.000
0
LINE
8
GRADE-FINISHED
10
666.000
20
-488.000
30
2601.000
11
664.000
21
-486.000
31
2601.000
0
LINE
8
GRADE-FINISHED
10
684.000
20
-486.000
30
2601.000
11
684.000
21
-488.000
31
2601.000
0
LINE
8
GRADE-FINISHED
10
666.000
20
-488.000
30
2601.000
11
666.000
21
-490.000
31
2601.000
0
LINE
8
GRADE-FINISHED
10
684.000
20
-488.000
30
2601.000
11
684.000
21
-490.000
31
2601.000
0
LINE
8
GRADE-FINISHED
10
666.000
20
-490.000
30
2601.000
11
666.000
21
-490.000
31
2601.000
0
LINE
8
GRADE-FINISHED
10
668.000
20
-492.000
30
2601.000
11
666.000
21
-490.000
31
2601.000
0
LINE
8
GRADE-FINISHED
10
684.000
20
-490.000
30
2601.000
11
684.000
21
-492.000
31
2601.000
0
LINE
8
GRADE-FINISHED
10
668.000
20
-492.000
30
2601.000
11
668.000
21
-492.000
31
2601.000
0
LINE
8
GRADE-FINISHED
10
670.000
20
-494.000
30
2601.000
11
668.000
21
-492.000
31
2601.000
0
LINE
8
GRADE-FINISHED
10
684.000
20
-492.000
30
2601.000
11
684.000
21
-494.000
31
2601.000
0
LINE
8
GRADE-FINISHED
10
670.000
20
-494.000
30
2601.000
11
670.000
21
-496.000
31
2601.000
0
LINE
8
GRADE-FINISHED
10
684.000
20
-494.000
30
2601.000
11
684.000
21
-496.000
31
2601.000
0
LINE
8
GRADE-FINISHED
10
670.000
20
-496.000
30
2601.000
11
670.000
21
-496.000
31
2601.000
0
LINE
8
GRADE-FINISHED
10
672.000
20
-498.000
30
2601.000
11
670.000
21
-496.000
31
2601.000
0
LINE
8
GRADE-FINISHED
10
684.000
20
-496.000
30
2601.000
11
684.000
21
-498.000
31
2601.000
0
LINE
8
GRADE-FINISHED
10
672.000
20
-498.000
30
2601.000
11
672.000
21
-500.000
31
2601.000
0
LINE
8
GRADE-FINISHED
10
684.000
20
-498.000
30
2601.000
11
684.000
21
-500.000
31
2601.000
0
LINE
8
GRADE-FINISHED
10
672.000
20
-500.000
30
2601.000
11
672.000
21
-500.000
31
2601.000
0
LINE
8
GRADE-FINISHED
10
674.000
20
-502.000
30
2601.000
11
672.000
21
-500.000
31
2601.000
0
LINE
8
GRADE-FINISHED
10
684.000
20
-500.000
30
2601.000
11
684.000
21
-502.000
31
2601.000
0
LINE
8
GRADE-FINISHED
10
674.000
20
-502.000
30
2601.000
11
674.000
21
-502.000
31
2601.000
0
LINE
8
GRADE-FINISHED
10
676.000
20
-504.000
30
2601.000
11
674.000
21
-502.000
31
2601.000
0
LINE
8
GRADE-FINISHED
10
684.000
20
-502.000
30
2601.000
11
686.000
21
-504.000
31
2601.000
0
LINE
8
GRADE-FINISHED
10
686.000
20
-504.000
30
2601.000
11
686.000
21
-504.000
31
2601.000
0
LINE
8
GRADE-FINISHED
10
676.000
20
-504.000
30
2601.000
11
676.000
21
-506.000
31
2601.000
0
LINE
8
GRADE-FINISHED
10
686.000
20
-504.000
30
2601.000
11
686.000
21
-506.000
31
2601.000
0
LINE
8
GRADE-FINISHED
10
676.000
20
-506.000
30
2601.000
11
676.000
21
-506.000
31
2601.000
0
LINE
8
GRADE-FINISHED
10
678.000
20
-508.000
30
2601.000
11
676.000
21
-506.000
31
2601.000
0
LINE
8
GRADE-FINISHED
10
686.000
20
-506.000
30
2601.000
11
686.000
21
-508.000
31
2601.000
0
LINE
8
GRADE-FINISHED
10
678.000
20
-508.000
30
2601.000
11
678.000
21
-508.000
31
2601.000
0
LINE
8
GRADE-FINISHED
10
680.000
20
-510.000
30
2601.000
11
678.000
21
-508.000
31
2601.000
0
LINE
8
GRADE-FINISHED
10
686.000
20
-508.000
30
2601.000
11
686.000
21
-510.000
31
2601.000
0
LINE
8
GRADE-FINISHED
10
680.000
20
-510.000
30
2601.000
11
680.000
21
-512.000
31
2601.000
0
LINE
8
GRADE-FINISHED
10
686.000
20
-510.000
30
2601.000
11
686.000
21
-512.000
31
2601.000
0
LINE
8
GRADE-FINISHED
10
680.000
20
-512.000
30
2601.000
11
680.000
21
-512.000
31
2601.000
0
LINE
8
GRADE-FINISHED
10
682.000
20
-514.000
30
2601.000
11
680.000
21
-512.000
31
2601.000
0
LINE
8
GRADE-FINISHED
10
686.000
20
-512.000
30
2601.000
11
686.000
21
-514.000
31
2601.000
0
LINE
8
GRADE-FINISHED
10
682.000
20
-514.000
30
2601.000
11
682.000
21
-514.000
31
2601.000
0
LINE
8
GRADE-FINISHED
10
684.000
20
-516.000
30
2601.000
11
682.000
21
-514.000
31
2601.000
0
LINE
8
GRADE-FINISHED
10
686.000
20
-514.000
30
2601.000
11
686.000
21
-516.000
31
2601.000
0
LINE
8
GRADE-FINISHED
10
684.000
20
-516.000
30
2601.000
11
684.000
21
-518.000
31
2601.000
0
LINE
8
GRADE-FINISHED
10
686.000
20
-516.000
30
2601.000
11
686.000
21
-518.000
31
2601.000
0
LINE
8
GRADE-FINISHED
10
684.000
20
-518.000
30
2601.000
11
684.000
21
-518.000
31
2601.000
0
LINE
8
GRADE-FINISHED
10
686.000
20
-520.000
30
2601.000
11
684.000
21
-518.000
31
2601.000
0
LINE
8
GRADE-FINISHED
10
686.000
20
-518.000
30
2601.000
11
686.000
21
-520.000
31
2601.000
0
LINE
8
GRADE-FINISHED
10
686.000
20
-520.000
30
2601.000
11
686.000
21
-522.000
31
2601.000
0
LINE
8
GRADE-FINISHED
10
686.000
20
-520.000
30
2601.000
11
686.000
21
-522.000
31
2601.000
0
LINE
8
GRADE-FINISHED
10
686.000
20
-522.000
30
2601.000
11
686.000
21
-522.000
31
2601.000
0
LINE
8
GRADE-FINISHED
10
686.000
20
-522.000
30
2601.000
11
688.000
21
-524.000
31
2601.000
0
LINE
8
GRADE-FINISHED
10
688.000
20
-524.000
30
2601.000
11
686.000
21
-522.000
31
2601.000
0
LINE
8
GRADE-FINISHED
10
688.000
20
-524.000
30
2601.000
11
688.000
21
-524.000
31
2601.000
0
LINE
8
GRADE-FINISHED
10
688.000
20
-524.000
30
2601.000
11
688.000
21
-524.000
31
2601.000
0
LINE
8
GRADE-FINISHED
10
688.000
20
-524.000
30
2601.000
11
688.000
21
-524.000
31
2601.000
0
LINE
8
GRADE-FINISHED
10
604.000
20
-390.000
30
2602.000
11
604.000
21
-390.000
31
2602.000
0
LINE
8
GRADE-FINISHED
10
606.000
20
-390.000
30
2602.000
11
604.000
21
-390.000
31
2602.000
0
LINE
8
GRADE-FINISHED
10
608.000
20
-390.000
30
2602.000
11
606.000
21
-390.000
31
2602.000
0
LINE
8
GRADE-FINISHED
10
608.000
20
-390.000
30
2602.000
11
608.000
21
-390.000
31
2602.000
0
LINE
8
GRADE-FINISHED
10
604.000
20
-390.000
30
2602.000
11
604.000
21
-390.000
31
2602.000
0
LINE
8
GRADE-FINISHED
10
606.000
20
-392.000
30
2602.000
11
604.000
21
-390.000
31
2602.000
0
LINE
8
GRADE-FINISHED
10
608.000
20
-390.000
30
2602.000
11
610.000
21
-392.000
31
2602.000
0
LINE
8
GRADE-FINISHED
10
612.000
20
-392.000
30
2602.000
11
610.000
21
-392.000
31
2602.000
0
LINE
8
GRADE-FINISHED
10
614.000
20
-392.000
30
2602.000
11
612.000
21
-392.000
31
2602.000
0
LINE
8
GRADE-FINISHED
10
616.000
20
-392.000
30
2602.000
11
614.000
21
-392.000
31
2602.000
0
LINE
8
GRADE-FINISHED
10
616.000
20
-392.000
30
2602.000
11
616.000
21
-392.000
31
2602.000
0
LINE
8
GRADE-FINISHED
10
606.000
20
-392.000
30
2602.000
11
606.000
21
-392.000
31
2602.000
0
LINE
8
GRADE-FINISHED
10
608.000
20
-394.000
30
2602.000
11
606.000
21
-392.000
31
2602.000
0
LINE
8
GRADE-FINISHED
10
616.000
20
-392.000
30
2602.000
11
616.000
21
-394.000
31
2602.000
0
LINE
8
GRADE-FINISHED
10
608.000
20
-394.000
30
2602.000
11
608.000
21
-394.000
31
2602.000
0
LINE
8
GRADE-FINISHED
10
610.000
20
-394.000
30
2602.000
11
608.000
21
-394.000
31
2602.000
0
LINE
8
GRADE-FINISHED
10
612.000
20
-396.000
30
2602.000
11
610.000
21
-394.000
31
2602.000
0
LINE
8
GRADE-FINISHED
10
616.000
20
-394.000
30
2602.000
11
618.000
21
-396.000
31
2602.000
0
LINE
8
GRADE-FINISHED
10
618.000
20
-396.000
30
2602.000
11
618.000
21
-396.000
31
2602.000
0
LINE
8
GRADE-FINISHED
10
612.000
20
-396.000
30
2602.000
11
612.000
21
-396.000
31
2602.000
0
LINE
8
GRADE-FINISHED
10
614.000
20
-398.000
30
2602.000
11
612.000
21
-396.000
31
2602.000
0
LINE
8
GRADE-FINISHED
10
618.000
20
-396.000
30
2602.000
11
618.000
21
-398.000
31
2602.000
0
LINE
8
GRADE-FINISHED
10
614.000
20
-398.000
30
2602.000
11
614.000
21
-398.000
31
2602.000
0
LINE
8
GRADE-FINISHED
10
616.000
20
-400.000
30
2602.000
11
614.000
21
-398.000
31
2602.000
0
LINE
8
GRADE-FINISHED
10
618.000
20
-398.000
30
2602.000
11
618.000
21
-400.000
31
2602.000
0
LINE
8
GRADE-FINISHED
10
616.000
20
-400.000
30
2602.000
11
616.000
21
-400.000
31
2602.000
0
LINE
8
GRADE-FINISHED
10
618.000
20
-400.000
30
2602.000
11
616.000
21
-400.000
31
2602.000
0
LINE
8
GRADE-FINISHED
10
618.000
20
-400.000
30
2602.000
11
620.000
21
-402.000
31
2602.000
0
LINE
8
GRADE-FINISHED
10
620.000
20
-402.000
30
2602.000
11
618.000
21
-400.000
31
2602.000
0
LINE
8
GRADE-FINISHED
10
620.000
20
-402.000
30
2602.000
11
620.000
21
-402.000
31
2602.000
0
LINE
8
GRADE-FINISHED
10
620.000
20
-402.000
30
2602.000
11
620.000
21
-402.000
31
2602.000
0
LINE
8
GRADE-FINISHED
10
620.000
20
-402.000
30
2602.000
11
620.000
21
-402.000
31
2602.000
0
TEXT
8
NOTES
10
80.000
20
-30.000
30
0
40
4
1
Hawaii Farming, Lalamilo - packhouse and fert building. Feet, site frame traced from the CEAd sheet (+/-2 ft), north up.
50
0.00
0
TEXT
8
NOTES
10
80.000
20
-38.000
30
0
40
3
1
Finished floor 2596.68 both buildings. Contours 1 ft: existing (Pattison topo) and finished grade. The Pattison survey governs.
50
0.00
0
ENDSEC
0
EOF
